run_id,unfreeze_layers,seed,global_config,max_epochs,optimizer,loss,callbacks,augmentation_config,mlflow_uri,weights,scheduler,num_classes,model_type,data_dir,architecture,num_workers,experiment_name,dropout,params,augmentations,batch_size,device,input_channels,dataset_name,hidden_units,pretrained,train/loss,train/accuracy,train/lr,class/f1_41.4,class/recall_42.4,class/precision_42.4,class/f1_41.5,class/recall_33.3,class/precision_33.3,class/precision_41.4,class/recall_41.4,class/f1_42.4,class/precision_41.5,class/recall_41.5,class/f1_33.3,class/precision_44.4,class/recall_44.4,class/recall_31.2,class/precision_31.2,class/recall_31.3,class/precision_31.3,class/recall_31.4,class/precision_31.4,class/f1_32.4,class/f1_32.3,class/f1_44.4,class/f1_31.2,class/f1_31.4,class/f1_31.3,class/precision_32.3,class/recall_32.3,class/precision_32.4,class/recall_32.4,final/weighted avg_precision,final/weighted avg_recall,final/macro avg_recall,final/macro avg_precision,final/macro_roc_auc,final/weighted avg_f1-score,final/macro avg_f1-score,final/matthews_corrcoef,final/cohen_kappa,val/final_accuracy,val/loss,val/accuracy,val/best_epoch,acc_norm,mcc_norm,promising_score
029c6fee4073449f89ed40d99431bcea,7,42,"{'data_dir': 'data/gold/datasets/v8/train_val', 'experiment_name': 'EfficientNet', 'mlflow_uri': 'file:///mlruns', 'dataset_name': 'v8', 'seed': 42, 'max_epochs': 30, 'batch_size': 32, 'num_workers': 0, 'device': 'auto'}",30,"{'type': 'Adam', 'params': {'lr': 0.000644449815678282, 'weight_decay': 1.1481572025657587e-05}}","{'type': 'CrossEntropyLoss', 'params': {'label_smoothing': 0.1}}","[{'class_path': 'src.utils.callbacks.EarlyStopping', 'init_args': {'patience': 7, 'verbose': True}}, {'class_path': 'src.utils.callbacks.ModelCheckpoint', 'init_args': {'filepath': 'best_model_efficientnet.pth', 'monitor': 'val_loss', 'save_best_only': True}}]","{'use_augmentation': True, 'per_image_aug_method': 'none', 'batch_level_aug_method': 'mixup', 'mix_alpha': 0.9590802120801651}",file:///mlruns,IMAGENET1K_V1,"{'type': 'CosineAnnealingWarmRestarts', 'params': {'T_0': 7, 'T_mult': 1, 'eta_min': 1e-06}}",10,efficientnet,data/gold/datasets/v8/train_val,efficientnet_b2,0,EfficientNet,0.4378984398607914,"{'architecture': 'efficientnet_b2', 'pretrained': True, 'unfreeze_layers': 7, 'hidden_units': 256, 'dropout': 0.4378984398607914, 'weights': 'IMAGENET1K_V1'}","[{'type': 'CutMix', 'params': {'alpha': 1.0, 'prob': 0.8}}, {'type': 'MixUp', 'params': {'alpha': 0.4, 'prob': 0.8}}]",32,auto,15,v8,256,True,1.169336033866142,71.34953566488836,0.0004872084108312779,0.224,0.3382352941176471,0.3333333333333333,0.4307692307692308,0.3005181347150259,0.27884615384615385,0.1728395061728395,0.3181818181818182,0.3357664233576642,0.5384615384615384,0.358974358974359,0.2892768079800499,0.2,0.13793103448275862,0.7300884955752213,0.3402061855670103,0.15346534653465346,0.3163265306122449,0.2761904761904762,0.3020833333333333,0.0547945205479452,0.21722846441947566,0.16326530612244897,0.4641350210970464,0.2885572139303483,0.20666666666666667,0.4084507042253521,0.14795918367346939,0.13333333333333333,0.034482758620689655,0.31849853052482174,0.31462450592885377,0.2796026901066119,0.30238806188851397,0.7372087317525041,0.28699311635098196,0.2674459654890876,0.20444033862147185,0.196939487551978,31.46245059288538,2.2318971693515777,31.46245059288538,10.0,0.9609374683441174,0.9169578354735514,0.9477435784829475
8b8d19ab085640bbb03db14286de0a26,5,42,"{'data_dir': 'data/gold/datasets/v8/train_val', 'experiment_name': 'EfficientNet', 'mlflow_uri': 'file:///mlruns', 'dataset_name': 'v8', 'seed': 42, 'max_epochs': 30, 'batch_size': 32, 'num_workers': 0, 'device': 'auto'}",30,"{'type': 'Adam', 'params': {'lr': 0.0006334981326565211, 'weight_decay': 6.785946206952972e-05}}","{'type': 'CrossEntropyLoss', 'params': {'label_smoothing': 0.1}}","[{'class_path': 'src.utils.callbacks.EarlyStopping', 'init_args': {'patience': 7, 'verbose': True}}, {'class_path': 'src.utils.callbacks.ModelCheckpoint', 'init_args': {'filepath': 'best_model_efficientnet.pth', 'monitor': 'val_loss', 'save_best_only': True}}]","{'use_augmentation': True, 'per_image_aug_method': 'none', 'batch_level_aug_method': 'mixup', 'mix_alpha': 0.8241390526308803}",file:///mlruns,IMAGENET1K_V1,"{'type': 'CosineAnnealingWarmRestarts', 'params': {'T_0': 9, 'T_mult': 1, 'eta_min': 1e-06}}",10,efficientnet,data/gold/datasets/v8/train_val,efficientnet_b2,0,EfficientNet,0.412924161668834,"{'architecture': 'efficientnet_b2', 'pretrained': True, 'unfreeze_layers': 5, 'hidden_units': 256, 'dropout': 0.412924161668834, 'weights': 'IMAGENET1K_V1'}","[{'type': 'CutMix', 'params': {'alpha': 1.0, 'prob': 0.8}}, {'type': 'MixUp', 'params': {'alpha': 0.4, 'prob': 0.8}}]",32,auto,15,v8,256,True,1.2294596742085613,68.22762299940723,0.0005293677073253351,0.0,0.0,0.0,0.0,0.0,0.0,0.0,0.0,0.0,0.0,0.0,0.0,0.0,0.0,0.0,0.0,0.0,0.0,0.0,0.0,0.0,0.2684931506849315,0.0,0.0,0.0,0.0,0.1550632911392405,1.0,0.0,0.0,0.21810232638983612,0.20632411067193676,0.15027126284594378,0.18980418109585528,0.6345758972430862,0.10780202011987536,0.08698399496137402,0.08254272299394373,0.047873221687373624,20.632411067193676,3.4249672293663025,15.494071146245059,7.0,0.4348958190066872,0.4212365275004301,0.4307980315548101
58c1bcabe90b4ccd805d826c8bbd3a80,4,42,"{'data_dir': 'data/gold/datasets/v8/train_val', 'experiment_name': 'EfficientNet', 'mlflow_uri': 'file:///mlruns', 'dataset_name': 'v8', 'seed': 42, 'max_epochs': 30, 'batch_size': 32, 'num_workers': 0, 'device': 'auto'}",30,"{'type': 'AdamW', 'params': {'lr': 0.007234279845665418, 'weight_decay': 0.00041327654594663655}}","{'type': 'CrossEntropyLoss', 'params': {'label_smoothing': 0.1}}","[{'class_path': 'src.utils.callbacks.EarlyStopping', 'init_args': {'patience': 7, 'verbose': True}}, {'class_path': 'src.utils.callbacks.ModelCheckpoint', 'init_args': {'filepath': 'best_model_efficientnet.pth', 'monitor': 'val_loss', 'save_best_only': True}}]",{'use_augmentation': False},file:///mlruns,IMAGENET1K_V1,"{'type': 'CosineAnnealingWarmRestarts', 'params': {'T_0': 11, 'T_mult': 1, 'eta_min': 1e-06}}",10,efficientnet,data/gold/datasets/v8/train_val,efficientnet_b1,0,EfficientNet,0.22309397294863792,"{'architecture': 'efficientnet_b1', 'pretrained': True, 'unfreeze_layers': 4, 'hidden_units': 256, 'dropout': 0.22309397294863792, 'weights': 'IMAGENET1K_V1'}","[{'type': 'CutMix', 'params': {'alpha': 1.0, 'prob': 0.8}}, {'type': 'MixUp', 'params': {'alpha': 0.4, 'prob': 0.8}}]",32,auto,15,v8,256,True,1.7970509743695202,37.976684449713495,0.006230539294555161,0.0,0.0,0.0,0.0,0.0,0.0,0.0,0.0,0.0,0.0,0.0,0.0,0.0,0.0,0.9911504424778761,0.18589211618257262,0.0049504950495049506,0.017543859649122806,0.0,0.0,0.0,0.0,0.0,0.31306778476589797,0.0,0.007722007722007722,0.0,0.0,0.0,0.0,0.28443788810739284,0.2015810276679842,0.17431790899885308,0.2268181015455409,0.6634122299317176,0.10408355296907813,0.10394468237773469,0.10704269211423069,0.08128867662138006,20.158102766798418,2.7754262328147887,17.786561264822133,4.0,0.5104166498521598,0.5208706070932634,0.5135528370244908
73b9563a72c4462fa1c8c5446fb9cf9c,6,42,"{'data_dir': 'data/gold/datasets/v8/train_val', 'experiment_name': 'EfficientNet', 'mlflow_uri': 'file:///mlruns', 'dataset_name': 'v8', 'seed': 42, 'max_epochs': 30, 'batch_size': 32, 'num_workers': 0, 'device': 'auto'}",30,"{'type': 'Adam', 'params': {'lr': 0.0006059823835191432, 'weight_decay': 7.273261037803979e-05}}","{'type': 'CrossEntropyLoss', 'params': {'label_smoothing': 0.1}}","[{'class_path': 'src.utils.callbacks.EarlyStopping', 'init_args': {'patience': 7, 'verbose': True}}, {'class_path': 'src.utils.callbacks.ModelCheckpoint', 'init_args': {'filepath': 'best_model_efficientnet.pth', 'monitor': 'val_loss', 'save_best_only': True}}]","{'use_augmentation': True, 'per_image_aug_method': 'none', 'batch_level_aug_method': 'mixup', 'mix_alpha': 0.7990250309893903}",file:///mlruns,IMAGENET1K_V1,"{'type': 'CosineAnnealingWarmRestarts', 'params': {'T_0': 7, 'T_mult': 1, 'eta_min': 1e-06}}",10,efficientnet,data/gold/datasets/v8/train_val,efficientnet_b2,0,EfficientNet,0.4241116323790022,"{'architecture': 'efficientnet_b2', 'pretrained': True, 'unfreeze_layers': 6, 'hidden_units': 256, 'dropout': 0.4241116323790022, 'weights': 'IMAGENET1K_V1'}","[{'type': 'CutMix', 'params': {'alpha': 1.0, 'prob': 0.8}}, {'type': 'MixUp', 'params': {'alpha': 0.4, 'prob': 0.8}}]",32,auto,15,v8,256,True,1.2374276061511233,67.7138905354673,0.0004671313883286234,0.1956521739130435,0.25,0.3090909090909091,0.3963963963963964,0.13471502590673576,0.2826086956521739,0.1875,0.20454545454545456,0.2764227642276423,0.3055555555555556,0.5641025641025641,0.1824561403508772,0.14035087719298245,0.5517241379310345,0.38495575221238937,0.46774193548387094,0.2722772277227723,0.2511415525114155,0.3523809523809524,0.26714801444043323,0.19834710743801653,0.3164179104477612,0.22377622377622378,0.4223300970873786,0.30390143737166325,0.26128266033254155,0.381294964028777,0.27040816326530615,0.19047619047619047,0.20689655172413793,0.3147203859610479,0.2932806324110672,0.3192005829791348,0.2782908694432308,0.73236339720972,0.2925972272825923,0.27769829113415445,0.19135075656569261,0.1894053804542989,29.328063241106722,2.3724145531654357,29.328063241106722,8.0,0.8906249706604015,0.8637264026509474,0.8825554002575652
631963f4f9844f899e5db81ab5679f09,7,42,"{'data_dir': 'data/gold/datasets/v8/train_val', 'experiment_name': 'EfficientNet', 'mlflow_uri': 'file:///mlruns', 'dataset_name': 'v8', 'seed': 42, 'max_epochs': 30, 'batch_size': 32, 'num_workers': 0, 'device': 'auto'}",30,"{'type': 'Adam', 'params': {'lr': 0.0019383500676466562, 'weight_decay': 2.139706416181421e-05}}","{'type': 'CrossEntropyLoss', 'params': {'label_smoothing': 0.1}}","[{'class_path': 'src.utils.callbacks.EarlyStopping', 'init_args': {'patience': 7, 'verbose': True}}, {'class_path': 'src.utils.callbacks.ModelCheckpoint', 'init_args': {'filepath': 'best_model_efficientnet.pth', 'monitor': 'val_loss', 'save_best_only': True}}]","{'use_augmentation': True, 'per_image_aug_method': 'none', 'batch_level_aug_method': 'mixup', 'mix_alpha': 0.6891116143578968}",file:///mlruns,IMAGENET1K_V1,"{'type': 'CosineAnnealingWarmRestarts', 'params': {'T_0': 9, 'T_mult': 1, 'eta_min': 1e-06}}",10,efficientnet,data/gold/datasets/v8/train_val,efficientnet_b2,0,EfficientNet,0.4475681821101946,"{'architecture': 'efficientnet_b2', 'pretrained': True, 'unfreeze_layers': 7, 'hidden_units': 256, 'dropout': 0.4475681821101946, 'weights': 'IMAGENET1K_V1'}","[{'type': 'CutMix', 'params': {'alpha': 1.0, 'prob': 0.8}}, {'type': 'MixUp', 'params': {'alpha': 0.4, 'prob': 0.8}}]",32,auto,15,v8,256,True,1.4967525342169827,54.870578936968975,0.0016001765752402806,0.16911764705882354,0.25,0.1259259259259259,0.4888888888888889,0.18652849740932642,0.1643835616438356,0.10087719298245613,0.5227272727272727,0.16748768472906403,0.43137254901960786,0.5641025641025641,0.17475728155339806,0.10112359550561797,0.3103448275862069,0.5265486725663717,0.45075757575757575,0.0,0.0,0.01904761904761905,0.10810810810810811,0.19117647058823528,0.10909090909090909,0.15254237288135594,0.4857142857142857,0.032388663967611336,0.0,0.5,0.061224489795918366,0.12149532710280374,0.4482758620689655,0.2526028859879468,0.2466403162055336,0.2091507909864389,0.23130189852392147,0.713968590659865,0.17120654683188344,0.17263615620250414,0.13471054331741047,0.10662054318111269,24.66403162055336,2.447244068980217,21.18577075098814,2.0,0.6223958128299296,0.6333875198863353,0.6256933249468513
146a3c833ee7420e9ea38f309d0ca12d,6,42,"{'data_dir': 'data/gold/datasets/v8/train_val', 'experiment_name': 'EfficientNet', 'mlflow_uri': 'file:///mlruns', 'dataset_name': 'v8', 'seed': 42, 'max_epochs': 30, 'batch_size': 32, 'num_workers': 0, 'device': 'auto'}",30,"{'type': 'Adam', 'params': {'lr': 0.003720958888962145, 'weight_decay': 5.216163054296463e-05}}","{'type': 'CrossEntropyLoss', 'params': {'label_smoothing': 0.1}}","[{'class_path': 'src.utils.callbacks.EarlyStopping', 'init_args': {'patience': 7, 'verbose': True}}, {'class_path': 'src.utils.callbacks.ModelCheckpoint', 'init_args': {'filepath': 'best_model_efficientnet.pth', 'monitor': 'val_loss', 'save_best_only': True}}]",{'use_augmentation': False},file:///mlruns,IMAGENET1K_V1,"{'type': 'ReduceLROnPlateau', 'params': {'mode': 'min', 'patience': 7, 'factor': 0.3325849574574507, 'min_lr': 1e-07}}",10,efficientnet,data/gold/datasets/v8/train_val,efficientnet_b2,0,EfficientNet,0.32985051735882165,"{'architecture': 'efficientnet_b2', 'pretrained': True, 'unfreeze_layers': 6, 'hidden_units': 512, 'dropout': 0.32985051735882165, 'weights': 'IMAGENET1K_V1'}","[{'type': 'CutMix', 'params': {'alpha': 1.0, 'prob': 0.8}}, {'type': 'MixUp', 'params': {'alpha': 0.4, 'prob': 0.8}}]",32,auto,15,v8,512,True,1.8157609132080064,37.95692550879273,0.003720958888962145,0.0,0.0,0.0,0.0,0.0,0.0,0.0,0.0,0.0,0.0,0.0,0.0,0.0,0.0,0.0,0.0,0.0,0.0,0.0,0.0,0.0,0.2683093771389459,0.0,0.0,0.0,0.0,0.1549407114624506,1.0,0.0,0.0,0.031993886358938385,0.17865612648221343,0.1,0.0179080824088748,0.5955277627186499,0.05426919971099495,0.030376344086021505,0.0006267644894559915,4.8691455182048315e-05,17.865612648221344,5.977786612510681,15.494071146245059,4.0,0.4348958190066872,0.08810871458407797,0.3308596876799044
9f93629b27cd45598a7056daed96dcb3,8,42,"{'data_dir': 'data/gold/datasets/v8/train_val', 'experiment_name': 'EfficientNet', 'mlflow_uri': 'file:///mlruns', 'dataset_name': 'v8', 'seed': 42, 'max_epochs': 30, 'batch_size': 32, 'num_workers': 0, 'device': 'auto'}",30,"{'type': 'AdamW', 'params': {'lr': 0.00020970853331431146, 'weight_decay': 0.00012516058337570362}}","{'type': 'CrossEntropyLoss', 'params': {'label_smoothing': 0.1}}","[{'class_path': 'src.utils.callbacks.EarlyStopping', 'init_args': {'patience': 7, 'verbose': True}}, {'class_path': 'src.utils.callbacks.ModelCheckpoint', 'init_args': {'filepath': 'best_model_efficientnet.pth', 'monitor': 'val_loss', 'save_best_only': True}}]",{'use_augmentation': False},file:///mlruns,IMAGENET1K_V1,"{'type': 'CosineAnnealingWarmRestarts', 'params': {'T_0': 12, 'T_mult': 1, 'eta_min': 1e-06}}",10,efficientnet,data/gold/datasets/v8/train_val,efficientnet_b0,0,EfficientNet,0.23044146285980965,"{'architecture': 'efficientnet_b0', 'pretrained': True, 'unfreeze_layers': 8, 'hidden_units': 256, 'dropout': 0.23044146285980965, 'weights': 'IMAGENET1K_V1'}","[{'type': 'CutMix', 'params': {'alpha': 1.0, 'prob': 0.8}}, {'type': 'MixUp', 'params': {'alpha': 0.4, 'prob': 0.8}}]",32,auto,15,v8,256,True,0.9313858710501746,82.92827504445762,0.0002084135356714493,0.13114754098360656,0.014705882352941176,0.16666666666666666,0.0,0.07253886010362694,0.2545454545454545,0.23529411764705882,0.09090909090909091,0.02702702702702703,0.0,0.0,0.11290322580645161,0.1,0.5172413793103449,0.12831858407079647,0.17058823529411765,0.0049504950495049506,0.5,0.07142857142857142,0.3,0.0,0.3089108910891089,0.16759776536312848,0.14646464646464646,0.11538461538461539,0.00980392156862745,0.19164619164619165,0.7959183673469388,0.0,0.0,0.13016883932236337,0.19209486166007905,0.11623105718554516,0.09611314977651611,0.6221909081884466,0.08849678290785681,0.061959844656703664,0.046609457332565676,0.024709109343504565,19.209486166007906,2.998775361478329,18.57707509881423,0.0,0.5364583156609436,0.2751066351173564,0.4580528114978674
3137e1b2834b4c15bfc0bbbf70f0969e,2,42,"{'data_dir': 'data/gold/datasets/v8/train_val', 'experiment_name': 'EfficientNet', 'mlflow_uri': 'file:///mlruns', 'dataset_name': 'v8', 'seed': 42, 'max_epochs': 30, 'batch_size': 32, 'num_workers': 0, 'device': 'auto'}",30,"{'type': 'Adam', 'params': {'lr': 0.008711259467327112, 'weight_decay': 4.2547760520621716e-05}}","{'type': 'CrossEntropyLoss', 'params': {'label_smoothing': 0.1}}","[{'class_path': 'src.utils.callbacks.EarlyStopping', 'init_args': {'patience': 7, 'verbose': True}}, {'class_path': 'src.utils.callbacks.ModelCheckpoint', 'init_args': {'filepath': 'best_model_efficientnet.pth', 'monitor': 'val_loss', 'save_best_only': True}}]",{'use_augmentation': False},file:///mlruns,IMAGENET1K_V1,"{'type': 'CosineAnnealingWarmRestarts', 'params': {'T_0': 5, 'T_mult': 1, 'eta_min': 1e-06}}",10,efficientnet,data/gold/datasets/v8/train_val,efficientnet_b1,0,EfficientNet,0.3944489685432261,"{'architecture': 'efficientnet_b1', 'pretrained': True, 'unfreeze_layers': 2, 'hidden_units': 256, 'dropout': 0.3944489685432261, 'weights': 'IMAGENET1K_V1'}","[{'type': 'CutMix', 'params': {'alpha': 1.0, 'prob': 0.8}}, {'type': 'MixUp', 'params': {'alpha': 0.4, 'prob': 0.8}}]",32,auto,15,v8,256,True,2.085940018022421,27.208061647895672,0.005027454968227242,0.0,0.0,0.0,0.0,0.27979274611398963,0.15517241379310345,0.0,0.0,0.0,0.0,0.0,0.19963031423290203,0.0,0.0,0.04424778761061947,0.21739130434782608,0.0,0.0,0.0,0.0,0.0,0.25812619502868067,0.0,0.07352941176470588,0.0,0.0,0.1588235294117647,0.6887755102040817,0.0,0.0,0.2353374447309412,0.1984189723320158,0.15964024249623396,0.21906887541341322,0.624143939661888,0.11817685846135455,0.10796117531000496,0.0720468233902328,0.05513081257232677,19.841897233201582,3.944850047429403,15.73122529644269,1.0,0.4427083187493223,0.3785528289463532,0.4234616718084316
43ee21dc1cff4878be4ecd9e0f5c53ab,2,42,"{'data_dir': 'data/gold/datasets/v8/train_val', 'experiment_name': 'EfficientNet', 'mlflow_uri': 'file:///mlruns', 'dataset_name': 'v8', 'seed': 42, 'max_epochs': 30, 'batch_size': 32, 'num_workers': 0, 'device': 'auto'}",30,"{'type': 'AdamW', 'params': {'lr': 0.0025392728334567545, 'weight_decay': 4.3870856098329426e-05}}","{'type': 'CrossEntropyLoss', 'params': {'label_smoothing': 0.1}}","[{'class_path': 'src.utils.callbacks.EarlyStopping', 'init_args': {'patience': 7, 'verbose': True}}, {'class_path': 'src.utils.callbacks.ModelCheckpoint', 'init_args': {'filepath': 'best_model_efficientnet.pth', 'monitor': 'val_loss', 'save_best_only': True}}]",{'use_augmentation': False},file:///mlruns,IMAGENET1K_V1,"{'type': 'ReduceLROnPlateau', 'params': {'mode': 'min', 'patience': 3, 'factor': 0.34729200842919494, 'min_lr': 1e-07}}",10,efficientnet,data/gold/datasets/v8/train_val,efficientnet_b1,0,EfficientNet,0.33446913031684505,"{'architecture': 'efficientnet_b1', 'pretrained': True, 'unfreeze_layers': 2, 'hidden_units': 512, 'dropout': 0.33446913031684505, 'weights': 'IMAGENET1K_V1'}","[{'type': 'CutMix', 'params': {'alpha': 1.0, 'prob': 0.8}}, {'type': 'MixUp', 'params': {'alpha': 0.4, 'prob': 0.8}}]",32,auto,15,v8,512,True,1.9683344965276923,33.5901995653033,0.0008818691622808889,0.034482758620689655,0.0,0.0,0.0,0.025906735751295335,0.2,0.07142857142857142,0.022727272727272728,0.0,0.0,0.0,0.045871559633027525,0.0,0.0,0.34513274336283184,0.20418848167539266,0.13861386138613863,0.18421052631578946,0.0,0.0,0.031746031746031744,0.2526071842410197,0.0,0.2565789473684211,0.0,0.15819209039548024,0.1634182908545727,0.5561224489795918,0.2,0.017241379310344827,0.1792414602405809,0.18972332015810275,0.1432178790139381,0.14900416368516395,0.6268162759802786,0.15683964314784576,0.12587377288718216,0.046121245098249164,0.043754434147471044,18.972332015810274,2.4895156532526017,17.549407114624508,1.0,0.5026041501095249,0.27312122132465866,0.43375927147406496
30e0e8c1ffa447b9b36daf33fa0a220b,3,42,"{'data_dir': 'data/gold/datasets/v8/train_val', 'experiment_name': 'EfficientNet', 'mlflow_uri': 'file:///mlruns', 'dataset_name': 'v8', 'seed': 42, 'max_epochs': 30, 'batch_size': 32, 'num_workers': 0, 'device': 'auto'}",30,"{'type': 'Adam', 'params': {'lr': 0.003193304920451835, 'weight_decay': 0.00017904319826816606}}","{'type': 'CrossEntropyLoss', 'params': {'label_smoothing': 0.1}}","[{'class_path': 'src.utils.callbacks.EarlyStopping', 'init_args': {'patience': 7, 'verbose': True}}, {'class_path': 'src.utils.callbacks.ModelCheckpoint', 'init_args': {'filepath': 'best_model_efficientnet.pth', 'monitor': 'val_loss', 'save_best_only': True}}]",{'use_augmentation': False},file:///mlruns,IMAGENET1K_V1,"{'type': 'ReduceLROnPlateau', 'params': {'mode': 'min', 'patience': 6, 'factor': 0.22813589410316673, 'min_lr': 1e-07}}",10,efficientnet,data/gold/datasets/v8/train_val,efficientnet_b1,0,EfficientNet,0.37579046767070207,"{'architecture': 'efficientnet_b1', 'pretrained': True, 'unfreeze_layers': 3, 'hidden_units': 512, 'dropout': 0.37579046767070207, 'weights': 'IMAGENET1K_V1'}","[{'type': 'CutMix', 'params': {'alpha': 1.0, 'prob': 0.8}}, {'type': 'MixUp', 'params': {'alpha': 0.4, 'prob': 0.8}}]",32,auto,15,v8,512,True,1.5582132432753333,52.42047026279391,0.003193304920451835,0.0,0.0,0.0,0.0,0.0,0.0,0.0,0.0,0.0,0.0,0.0,0.0,0.0,0.0,1.0,0.1805111821086262,0.0,0.0,0.0,0.0,0.0,0.019230769230769232,0.0,0.30581867388362655,0.0,0.0,0.16666666666666666,0.01020408163265306,0.0,0.0,0.18888919588635988,0.21027667984189724,0.15331375380767484,0.164331601247972,0.6885355991637098,0.1423563681186841,0.11139976363186839,0.08546668631042535,0.07218708748085623,21.027667984189723,2.7237108528614042,18.023715415019762,6.0,0.5182291495947949,0.43312741570402485,0.49269862942756393
c459de8328274bd0accc207674356757,6,42,"{'data_dir': 'data/gold/datasets/v8/train_val', 'experiment_name': 'EfficientNet', 'mlflow_uri': 'file:///mlruns', 'dataset_name': 'v8', 'seed': 42, 'max_epochs': 30, 'batch_size': 32, 'num_workers': 0, 'device': 'auto'}",30,"{'type': 'AdamW', 'params': {'lr': 0.0009487246919270489, 'weight_decay': 0.00010117370199848301}}","{'type': 'CrossEntropyLoss', 'params': {'label_smoothing': 0.1}}","[{'class_path': 'src.utils.callbacks.EarlyStopping', 'init_args': {'patience': 7, 'verbose': True}}, {'class_path': 'src.utils.callbacks.ModelCheckpoint', 'init_args': {'filepath': 'best_model_efficientnet.pth', 'monitor': 'val_loss', 'save_best_only': True}}]","{'use_augmentation': True, 'per_image_aug_method': 'none', 'batch_level_aug_method': 'mixup', 'mix_alpha': 0.22462930884660265}",file:///mlruns,IMAGENET1K_V1,"{'type': 'CosineAnnealingWarmRestarts', 'params': {'T_0': 7, 'T_mult': 1, 'eta_min': 1e-06}}",10,efficientnet,data/gold/datasets/v8/train_val,efficientnet_b2,0,EfficientNet,0.41353426776138474,"{'architecture': 'efficientnet_b2', 'pretrained': True, 'unfreeze_layers': 6, 'hidden_units': 256, 'dropout': 0.41353426776138474, 'weights': 'IMAGENET1K_V1'}","[{'type': 'CutMix', 'params': {'alpha': 1.0, 'prob': 0.8}}, {'type': 'MixUp', 'params': {'alpha': 0.4, 'prob': 0.8}}]",32,auto,15,v8,256,True,0.8260797552147583,87.35427781070935,0.00056249085795992,0.0,0.0,0.0,0.0,0.49740932642487046,0.16580310880829016,0.0,0.0,0.0,0.0,0.0,0.24870466321243523,0.0,0.0,0.12831858407079647,0.05894308943089431,0.0,0.0,0.0,0.0,0.0,0.18181818181818182,0.0,0.0807799442896936,0.0,0.0,0.18518518518518517,0.17857142857142858,0.0,0.0,0.2769705588431311,0.27430830039525694,0.21072122905510954,0.34067525799304854,0.6945862301532448,0.23680785058018042,0.19643951182513666,0.15192846952962766,0.1418500249404202,27.430830039525695,2.581983691453934,12.648221343873518,7.0,0.341145822095066,0.7034076991865239,0.44982438522250334
d192bd9d1f9c4aeaa2aa878c9b011a10,8,42,"{'data_dir': 'data/gold/datasets/v8/train_val', 'experiment_name': 'EfficientNet', 'mlflow_uri': 'file:///mlruns', 'dataset_name': 'v8', 'seed': 42, 'max_epochs': 30, 'batch_size': 32, 'num_workers': 0, 'device': 'auto'}",30,"{'type': 'Adam', 'params': {'lr': 0.00034889766548903674, 'weight_decay': 0.00045443839603360173}}","{'type': 'CrossEntropyLoss', 'params': {'label_smoothing': 0.1}}","[{'class_path': 'src.utils.callbacks.EarlyStopping', 'init_args': {'patience': 7, 'verbose': True}}, {'class_path': 'src.utils.callbacks.ModelCheckpoint', 'init_args': {'filepath': 'best_model_efficientnet.pth', 'monitor': 'val_loss', 'save_best_only': True}}]","{'use_augmentation': True, 'per_image_aug_method': 'advanced', 'advanced_params': {'p_distort': 0.23661147045343367, 'p_noise': 0.2485530730333811, 'p_dropout': 0.10687770422304368, 'num_holes': 12, 'crop_scale_min': 0.6517559963200034}, 'batch_level_aug_method': 'cutmix', 'mix_alpha': 0.6373682234746237}",file:///mlruns,IMAGENET1K_V1,"{'type': 'ReduceLROnPlateau', 'params': {'mode': 'min', 'patience': 5, 'factor': 0.2123738038749523, 'min_lr': 1e-07}}",10,efficientnet,data/gold/datasets/v8/train_val,efficientnet_b0,0,EfficientNet,0.21356818667316144,"{'architecture': 'efficientnet_b0', 'pretrained': True, 'unfreeze_layers': 8, 'hidden_units': 512, 'dropout': 0.21356818667316144, 'weights': 'IMAGENET1K_V1'}","[{'type': 'CutMix', 'params': {'alpha': 1.0, 'prob': 0.8}}, {'type': 'MixUp', 'params': {'alpha': 0.4, 'prob': 0.8}}]",32,auto,15,v8,512,True,2.30222560171788,10.78838174273859,7.409672438299741e-05,0.0,0.0,0.0,0.0,0.0,0.0,0.0,0.0,0.0,0.0,0.0,0.0,0.02292490118577075,1.0,0.0,0.0,0.0,0.0,0.0,0.0,0.0,0.0,0.04482225656877898,0.0,0.0,0.0,0.0,0.0,0.0,0.0,0.03191801152962864,0.17865612648221343,0.1,0.017865612648221344,0.47285952117396796,0.05416000615020824,0.030315224681421865,0.0,0.0,17.865612648221344,2.3114891767501833,2.292490118577075,8.0,0.0,0.08555985002339937,0.02566795500701981
95f8b49b795f42a3b8cdca469a910711,6,42,"{'data_dir': 'data/gold/datasets/v8/train_val', 'experiment_name': 'EfficientNet', 'mlflow_uri': 'file:///mlruns', 'dataset_name': 'v8', 'seed': 42, 'max_epochs': 30, 'batch_size': 32, 'num_workers': 0, 'device': 'auto'}",30,"{'type': 'AdamW', 'params': {'lr': 0.0008697750996780414, 'weight_decay': 2.3511487770234856e-05}}","{'type': 'CrossEntropyLoss', 'params': {'label_smoothing': 0.1}}","[{'class_path': 'src.utils.callbacks.EarlyStopping', 'init_args': {'patience': 7, 'verbose': True}}, {'class_path': 'src.utils.callbacks.ModelCheckpoint', 'init_args': {'filepath': 'best_model_efficientnet.pth', 'monitor': 'val_loss', 'save_best_only': True}}]",{'use_augmentation': False},file:///mlruns,IMAGENET1K_V1,"{'type': 'CosineAnnealingWarmRestarts', 'params': {'T_0': 5, 'T_mult': 1, 'eta_min': 1e-06}}",10,efficientnet,data/gold/datasets/v8/train_val,efficientnet_b2,0,EfficientNet,0.29675716419763953,"{'architecture': 'efficientnet_b2', 'pretrained': True, 'unfreeze_layers': 6, 'hidden_units': 512, 'dropout': 0.29675716419763953, 'weights': 'IMAGENET1K_V1'}","[{'type': 'CutMix', 'params': {'alpha': 1.0, 'prob': 0.8}}, {'type': 'MixUp', 'params': {'alpha': 0.4, 'prob': 0.8}}]",32,auto,15,v8,512,True,0.8431139720143407,86.18850029638412,0.00034647506809263955,0.043478260869565216,0.0,0.0,0.0,0.0,0.0,0.5,0.022727272727272728,0.0,0.0,0.0,0.0,0.0,0.0,0.7831858407079646,0.16573033707865167,0.08415841584158416,0.1452991452991453,0.009523809523809525,0.6666666666666666,0.0,0.11940298507462686,0.0,0.2735703245749614,0.018779342723004695,0.10658307210031348,0.2222222222222222,0.08163265306122448,0.0,0.0,0.2153051692377535,0.1683794466403162,0.09812279918618554,0.1699918371266686,0.47148709892488194,0.08902479402602635,0.05618139853424716,-0.013709328924687215,-0.008088005254135444,16.83794466403162,3.034449250609786,16.83794466403162,7.0,0.47916665088161947,0.029808091213402183,0.3443590829811543
790800287f6a4213a534ed4a61ed4619,3,42,"{'data_dir': 'data/gold/datasets/v8/train_val', 'experiment_name': 'EfficientNet', 'mlflow_uri': 'file:///mlruns', 'dataset_name': 'v8', 'seed': 42, 'max_epochs': 30, 'batch_size': 32, 'num_workers': 0, 'device': 'auto'}",30,"{'type': 'Adam', 'params': {'lr': 0.005450721698389961, 'weight_decay': 3.183269523051144e-05}}","{'type': 'CrossEntropyLoss', 'params': {'label_smoothing': 0.1}}","[{'class_path': 'src.utils.callbacks.EarlyStopping', 'init_args': {'patience': 7, 'verbose': True}}, {'class_path': 'src.utils.callbacks.ModelCheckpoint', 'init_args': {'filepath': 'best_model_efficientnet.pth', 'monitor': 'val_loss', 'save_best_only': True}}]",{'use_augmentation': False},file:///mlruns,IMAGENET1K_V1,"{'type': 'CosineAnnealingWarmRestarts', 'params': {'T_0': 8, 'T_mult': 1, 'eta_min': 1e-06}}",10,efficientnet,data/gold/datasets/v8/train_val,efficientnet_b1,0,EfficientNet,0.48108686291345043,"{'architecture': 'efficientnet_b1', 'pretrained': True, 'unfreeze_layers': 3, 'hidden_units': 512, 'dropout': 0.48108686291345043, 'weights': 'IMAGENET1K_V1'}","[{'type': 'CutMix', 'params': {'alpha': 1.0, 'prob': 0.8}}, {'type': 'MixUp', 'params': {'alpha': 0.4, 'prob': 0.8}}]",32,auto,15,v8,512,True,2.3034295722020754,9.523809523809524,0.004407035554725046,0.0,0.0,0.0,0.0,0.0,0.0,0.0,0.0,0.0,0.0,0.0,0.0,0.02292490118577075,1.0,0.0,0.0,0.0,0.0,0.0,0.0,0.0,0.0,0.04482225656877898,0.0,0.0,0.0,0.0,0.0,0.0,0.0,0.03191801152962864,0.17865612648221343,0.1,0.017865612648221344,0.5,0.05416000615020824,0.030315224681421865,0.0,0.0,17.865612648221344,2.312294054031372,2.292490118577075,17.0,0.0,0.08555985002339937,0.02566795500701981
9cdec5a9f14f4110887bd3dcb7b2e173,3,42,"{'data_dir': 'data/gold/datasets/v8/train_val', 'experiment_name': 'EfficientNet', 'mlflow_uri': 'file:///mlruns', 'dataset_name': 'v8', 'seed': 42, 'max_epochs': 30, 'batch_size': 32, 'num_workers': 0, 'device': 'auto'}",30,"{'type': 'Adam', 'params': {'lr': 0.0065543823435462835, 'weight_decay': 3.0138649046798015e-05}}","{'type': 'CrossEntropyLoss', 'params': {'label_smoothing': 0.1}}","[{'class_path': 'src.utils.callbacks.EarlyStopping', 'init_args': {'patience': 7, 'verbose': True}}, {'class_path': 'src.utils.callbacks.ModelCheckpoint', 'init_args': {'filepath': 'best_model_efficientnet.pth', 'monitor': 'val_loss', 'save_best_only': True}}]",{'use_augmentation': False},file:///mlruns,IMAGENET1K_V1,"{'type': 'CosineAnnealingWarmRestarts', 'params': {'T_0': 6, 'T_mult': 1, 'eta_min': 1e-06}}",10,efficientnet,data/gold/datasets/v8/train_val,efficientnet_b1,0,EfficientNet,0.3508037069686584,"{'architecture': 'efficientnet_b1', 'pretrained': True, 'unfreeze_layers': 3, 'hidden_units': 512, 'dropout': 0.3508037069686584, 'weights': 'IMAGENET1K_V1'}","[{'type': 'CutMix', 'params': {'alpha': 1.0, 'prob': 0.8}}, {'type': 'MixUp', 'params': {'alpha': 0.4, 'prob': 0.8}}]",32,auto,15,v8,512,True,1.5340133718152547,52.815649081209244,0.004296213092374965,0.0,0.0,0.0,0.0,0.0,0.0,0.0,0.0,0.0,0.0,0.0,0.0,0.0,0.0,1.0,0.19185059422750425,0.0,0.0,0.0,0.0,0.0,0.04946996466431095,0.0,0.32193732193732194,0.0,0.0,0.08045977011494253,0.03571428571428571,0.0,0.0,0.25540738778144395,0.2711462450592885,0.22877867274101482,0.24944137744743866,0.7110676629628019,0.21382023894347058,0.20201610372355056,0.15765524756546748,0.14476573871406528,27.11462450592885,3.9052059233188627,18.41897233201581,6.0,0.5312499824991868,0.7266968003209775,0.589884027845724
0cdc2a5a61274d41a950c755e47b36b4,7,42,"{'data_dir': 'data/gold/datasets/v8/train_val', 'experiment_name': 'EfficientNet', 'mlflow_uri': 'file:///mlruns', 'dataset_name': 'v8', 'seed': 42, 'max_epochs': 30, 'batch_size': 32, 'num_workers': 0, 'device': 'auto'}",30,"{'type': 'Adam', 'params': {'lr': 0.0006275909793123047, 'weight_decay': 1.064580022529507e-05}}","{'type': 'CrossEntropyLoss', 'params': {'label_smoothing': 0.1}}","[{'class_path': 'src.utils.callbacks.EarlyStopping', 'init_args': {'patience': 7, 'verbose': True}}, {'class_path': 'src.utils.callbacks.ModelCheckpoint', 'init_args': {'filepath': 'best_model_efficientnet.pth', 'monitor': 'val_loss', 'save_best_only': True}}]","{'use_augmentation': True, 'per_image_aug_method': 'none', 'batch_level_aug_method': 'mixup', 'mix_alpha': 0.9658703371333768}",file:///mlruns,IMAGENET1K_V1,"{'type': 'CosineAnnealingWarmRestarts', 'params': {'T_0': 7, 'T_mult': 1, 'eta_min': 1e-06}}",10,efficientnet,data/gold/datasets/v8/train_val,efficientnet_b2,0,EfficientNet,0.43776203318514817,"{'architecture': 'efficientnet_b2', 'pretrained': True, 'unfreeze_layers': 7, 'hidden_units': 256, 'dropout': 0.43776203318514817, 'weights': 'IMAGENET1K_V1'}","[{'type': 'CutMix', 'params': {'alpha': 1.0, 'prob': 0.8}}, {'type': 'MixUp', 'params': {'alpha': 0.4, 'prob': 0.8}}]",32,auto,15,v8,256,True,1.3485378449529886,62.5568069551472,0.00041216344842175134,0.2545454545454545,0.2647058823529412,0.3050847457627119,0.410958904109589,0.31088082901554404,0.24691358024691357,0.21212121212121213,0.3181818181818182,0.28346456692913385,0.4411764705882353,0.38461538461538464,0.27522935779816515,0.17105263157894737,0.4482758620689655,0.6637168141592921,0.42613636363636365,0.09900990099009901,0.26666666666666666,0.22380952380952382,0.26857142857142857,0.29508196721311475,0.3659305993690852,0.24761904761904763,0.5190311418685121,0.24415584415584415,0.1444043321299639,0.4793388429752066,0.29591836734693877,0.28125,0.3103448275862069,0.32943575001834635,0.3264822134387352,0.33194592101267134,0.30983119421476857,0.7535347747749633,0.3109753345829394,0.304042121573791,0.22485936432848028,0.221257225433526,32.648221343873516,4.391399373114109,32.648221343873516,7.0,0.9999999670572928,0.999995933297748,0.9999987569294293
8fea2fa8fd4f49aeab0428dae13a9cea,4,42,"{'data_dir': 'data/gold/datasets/v8/train_val', 'experiment_name': 'EfficientNet', 'mlflow_uri': 'file:///mlruns', 'dataset_name': 'v8', 'seed': 42, 'max_epochs': 30, 'batch_size': 32, 'num_workers': 0, 'device': 'auto'}",30,"{'type': 'Adam', 'params': {'lr': 0.0001238513729886094, 'weight_decay': 0.000164092867306479}}","{'type': 'CrossEntropyLoss', 'params': {'label_smoothing': 0.1}}","[{'class_path': 'src.utils.callbacks.EarlyStopping', 'init_args': {'patience': 7, 'verbose': True}}, {'class_path': 'src.utils.callbacks.ModelCheckpoint', 'init_args': {'filepath': 'best_model_efficientnet.pth', 'monitor': 'val_loss', 'save_best_only': True}}]","{'use_augmentation': True, 'per_image_aug_method': 'basic', 'basic_params': {'n_augments': 3, 'rotation_range': 27, 'horizontal_flip_prob': 0.7080725777960455, 'brightness_range': 0.006175348288740734, 'contrast_range': 0.29097295564859826, 'width_shift_range': 0.16648852816008436}, 'batch_level_aug_method': 'cutmix', 'mix_alpha': 0.4433937943676302}",file:///mlruns,IMAGENET1K_V1,"{'type': 'ReduceLROnPlateau', 'params': {'mode': 'min', 'patience': 4, 'factor': 0.1260206371941118, 'min_lr': 1e-07}}",10,efficientnet,data/gold/datasets/v8/train_val,efficientnet_b0,0,EfficientNet,0.25990213464750794,"{'architecture': 'efficientnet_b0', 'pretrained': True, 'unfreeze_layers': 4, 'hidden_units': 512, 'dropout': 0.25990213464750794, 'weights': 'IMAGENET1K_V1'}","[{'type': 'CutMix', 'params': {'alpha': 1.0, 'prob': 0.8}}, {'type': 'MixUp', 'params': {'alpha': 0.4, 'prob': 0.8}}]",32,auto,15,v8,512,True,2.302950119835613,10.511756569847856,1.560782894139016e-05,0.0,0.0,0.0,0.0,0.0,0.0,0.0,0.0,0.0,0.0,0.0,0.0,0.0,0.0,1.0,0.17865612648221343,0.0,0.0,0.0,0.0,0.0,0.0,0.0,0.30315224681421865,0.0,0.0,0.0,0.0,0.0,0.0,0.03191801152962864,0.17865612648221343,0.1,0.017865612648221344,0.5101001445149387,0.05416000615020824,0.030315224681421865,0.0,0.0,17.865612648221344,2.3076609492301943,17.865612648221344,14.0,0.5130208164330382,0.08555985002339937,0.3847825265101465
a7bd0f2de1564e95aa3b2739931504bf,5,42,"{'data_dir': 'data/gold/datasets/v8/train_val', 'experiment_name': 'EfficientNet', 'mlflow_uri': 'file:///mlruns', 'dataset_name': 'v8', 'seed': 42, 'max_epochs': 30, 'batch_size': 32, 'num_workers': 0, 'device': 'auto'}",30,"{'type': 'Adam', 'params': {'lr': 0.00022605876925380287, 'weight_decay': 0.0007601812767003312}}","{'type': 'CrossEntropyLoss', 'params': {'label_smoothing': 0.1}}","[{'class_path': 'src.utils.callbacks.EarlyStopping', 'init_args': {'patience': 7, 'verbose': True}}, {'class_path': 'src.utils.callbacks.ModelCheckpoint', 'init_args': {'filepath': 'best_model_efficientnet.pth', 'monitor': 'val_loss', 'save_best_only': True}}]","{'use_augmentation': True, 'per_image_aug_method': 'advanced', 'advanced_params': {'p_distort': 0.4547670231482534, 'p_noise': 0.29728386769010307, 'p_dropout': 0.21366172066709432, 'num_holes': 4, 'crop_scale_min': 0.6735431606118867}, 'batch_level_aug_method': 'none'}",file:///mlruns,IMAGENET1K_V1,"{'type': 'CosineAnnealingWarmRestarts', 'params': {'T_0': 15, 'T_mult': 1, 'eta_min': 1e-06}}",10,efficientnet,data/gold/datasets/v8/train_val,efficientnet_b0,0,EfficientNet,0.2842317087322567,"{'architecture': 'efficientnet_b0', 'pretrained': True, 'unfreeze_layers': 5, 'hidden_units': 512, 'dropout': 0.2842317087322567, 'weights': 'IMAGENET1K_V1'}","[{'type': 'CutMix', 'params': {'alpha': 1.0, 'prob': 0.8}}, {'type': 'MixUp', 'params': {'alpha': 0.4, 'prob': 0.8}}]",32,auto,15,v8,512,True,2.303274358315233,10.630310215372456,0.0002131846488632949,0.0,0.0,0.0,0.0598159509202454,0.0,0.0,0.0,0.0,0.0,0.0308300395256917,1.0,0.0,0.0,0.0,0.0,0.0,0.0,0.0,0.0,0.0,0.0,0.0,0.0,0.0,0.0,0.0,0.0,0.0,0.0,0.0,0.03191801152962864,0.17865612648221343,0.1,0.017865612648221344,0.5131890432580387,0.05416000615020824,0.030315224681421865,0.0,0.0,17.865612648221344,2.3076256215572357,3.08300395256917,6.0,0.02604166580878366,0.08555985002339937,0.04389712107316837
f67a1f6e48b14baab7a8610b25d6c51d,8,42,"{'data_dir': 'data/gold/datasets/v8/train_val', 'experiment_name': 'EfficientNet', 'mlflow_uri': 'file:///mlruns', 'dataset_name': 'v8', 'seed': 42, 'max_epochs': 30, 'batch_size': 32, 'num_workers': 0, 'device': 'auto'}",30,"{'type': 'AdamW', 'params': {'lr': 0.00030458224385894087, 'weight_decay': 1.535343432485703e-05}}","{'type': 'CrossEntropyLoss', 'params': {'label_smoothing': 0.1}}","[{'class_path': 'src.utils.callbacks.EarlyStopping', 'init_args': {'patience': 7, 'verbose': True}}, {'class_path': 'src.utils.callbacks.ModelCheckpoint', 'init_args': {'filepath': 'best_model_efficientnet.pth', 'monitor': 'val_loss', 'save_best_only': True}}]",{'use_augmentation': False},file:///mlruns,IMAGENET1K_V1,"{'type': 'ReduceLROnPlateau', 'params': {'mode': 'min', 'patience': 8, 'factor': 0.4601672228653322, 'min_lr': 1e-07}}",10,efficientnet,data/gold/datasets/v8/train_val,efficientnet_b2,0,EfficientNet,0.44516666006036476,"{'architecture': 'efficientnet_b2', 'pretrained': True, 'unfreeze_layers': 8, 'hidden_units': 512, 'dropout': 0.44516666006036476, 'weights': 'IMAGENET1K_V1'}","[{'type': 'CutMix', 'params': {'alpha': 1.0, 'prob': 0.8}}, {'type': 'MixUp', 'params': {'alpha': 0.4, 'prob': 0.8}}]",32,auto,15,v8,512,True,0.7945199182584243,88.91523414344991,0.00030458224385894087,0.0,0.0,0.0,0.0,0.0,0.0,0.0,0.0,0.0,0.0,0.0,0.0,0.0,0.0,0.0,0.0,0.06435643564356436,0.11304347826086956,0.0,0.0,0.0,0.2617100371747212,0.0,0.0,0.0,0.08201892744479496,0.15317667536988686,0.8979591836734694,0.0,0.0,0.23260801324232272,0.25533596837944667,0.16499576234783223,0.2025324922534694,0.6530321136109813,0.19815240802019107,0.14060800961935577,0.11698235030376694,0.10753097274877443,25.533596837944668,2.8705321550369263,14.940711462450592,5.0,0.41666665294053856,0.5612922374357188,0.4600543282890926
e157ebff41684e79b0a1ca374c8e65a6,6,42,"{'data_dir': 'data/gold/datasets/v8/train_val', 'experiment_name': 'EfficientNet', 'mlflow_uri': 'file:///mlruns', 'dataset_name': 'v8', 'seed': 42, 'max_epochs': 30, 'batch_size': 32, 'num_workers': 0, 'device': 'auto'}",30,"{'type': 'Adam', 'params': {'lr': 0.0005707656571306935, 'weight_decay': 1.0405302503552833e-05}}","{'type': 'CrossEntropyLoss', 'params': {'label_smoothing': 0.1}}","[{'class_path': 'src.utils.callbacks.EarlyStopping', 'init_args': {'patience': 7, 'verbose': True}}, {'class_path': 'src.utils.callbacks.ModelCheckpoint', 'init_args': {'filepath': 'best_model_efficientnet.pth', 'monitor': 'val_loss', 'save_best_only': True}}]","{'use_augmentation': True, 'per_image_aug_method': 'none', 'batch_level_aug_method': 'mixup', 'mix_alpha': 0.8489347176775568}",file:///mlruns,IMAGENET1K_V1,"{'type': 'CosineAnnealingWarmRestarts', 'params': {'T_0': 7, 'T_mult': 1, 'eta_min': 1e-06}}",10,efficientnet,data/gold/datasets/v8/train_val,efficientnet_b2,0,EfficientNet,0.4701483763916378,"{'architecture': 'efficientnet_b2', 'pretrained': True, 'unfreeze_layers': 6, 'hidden_units': 256, 'dropout': 0.4701483763916378, 'weights': 'IMAGENET1K_V1'}","[{'type': 'CutMix', 'params': {'alpha': 1.0, 'prob': 0.8}}, {'type': 'MixUp', 'params': {'alpha': 0.4, 'prob': 0.8}}]",32,auto,15,v8,256,True,0.8924443620251375,84.42995455443588,0.0003519658531273383,0.03773584905660377,0.07352941176470588,0.4166666666666667,0.04878048780487805,0.09844559585492228,0.30158730158730157,0.1111111111111111,0.022727272727272728,0.125,0.5,0.02564102564102564,0.1484375,0.6,0.20689655172413793,0.9646017699115044,0.22497420020639836,0.0891089108910891,0.3673469387755102,0.08095238095238096,0.2125,0.031746031746031744,0.21374045801526717,0.3076923076923077,0.36485355648535567,0.11724137931034483,0.14342629482071714,0.42424242424242425,0.14285714285714285,0.2,0.017241379310344827,0.33487294588265604,0.2901185770750988,0.23950489019646604,0.378119840274297,0.7296152120552197,0.2435735696148203,0.24081993191832032,0.17915091706660533,0.15484019287413264,29.01185770750988,2.695293790102005,24.82213438735178,5.0,0.7421874755503346,0.8141132878872493,0.7637652192514089
b4cbf954e87b4631900d98b4d7ee23ed,5,42,"{'data_dir': 'data/gold/datasets/v8/train_val', 'experiment_name': 'EfficientNet', 'mlflow_uri': 'file:///mlruns', 'dataset_name': 'v8', 'seed': 42, 'max_epochs': 30, 'batch_size': 32, 'num_workers': 0, 'device': 'auto'}",30,"{'type': 'Adam', 'params': {'lr': 0.0013282852541967767, 'weight_decay': 3.539549683066661e-05}}","{'type': 'CrossEntropyLoss', 'params': {'label_smoothing': 0.1}}","[{'class_path': 'src.utils.callbacks.EarlyStopping', 'init_args': {'patience': 7, 'verbose': True}}, {'class_path': 'src.utils.callbacks.ModelCheckpoint', 'init_args': {'filepath': 'best_model_efficientnet.pth', 'monitor': 'val_loss', 'save_best_only': True}}]","{'use_augmentation': True, 'per_image_aug_method': 'none', 'batch_level_aug_method': 'mixup', 'mix_alpha': 0.8411547791573724}",file:///mlruns,IMAGENET1K_V1,"{'type': 'CosineAnnealingWarmRestarts', 'params': {'T_0': 9, 'T_mult': 1, 'eta_min': 1e-06}}",10,efficientnet,data/gold/datasets/v8/train_val,efficientnet_b2,0,EfficientNet,0.46845199355916106,"{'architecture': 'efficientnet_b2', 'pretrained': True, 'unfreeze_layers': 5, 'hidden_units': 256, 'dropout': 0.46845199355916106, 'weights': 'IMAGENET1K_V1'}","[{'type': 'CutMix', 'params': {'alpha': 1.0, 'prob': 0.8}}, {'type': 'MixUp', 'params': {'alpha': 0.4, 'prob': 0.8}}]",32,auto,15,v8,256,True,1.3908185143641298,60.46235921754594,0.001050461977343544,0.09345794392523364,0.0,0.0,0.09523809523809523,0.0,0.0,0.07936507936507936,0.11363636363636363,0.0,0.6666666666666666,0.05128205128205128,0.0,0.0,0.0,0.0,0.0,0.009900990099009901,0.16666666666666666,0.9047619047619048,0.16225448334756618,0.0,0.0,0.0,0.0,0.27516292541636495,0.018691588785046728,0.0,0.0,0.0,0.0,0.16539485745739355,0.2735177865612648,0.2048643782507508,0.17787604746845292,0.7003098040002123,0.19577503600907548,0.1694106604597417,0.14810603696792216,0.13568805709268328,27.35177865612648,2.623266226053238,15.73122529644269,1.0,0.4427083187493223,0.6878630040801187,0.5162547243485612
174b1a0f22cf41f89b3982ae61b4d5cd,7,42,"{'data_dir': 'data/gold/datasets/v8/train_val', 'experiment_name': 'EfficientNet', 'mlflow_uri': 'file:///mlruns', 'dataset_name': 'v8', 'seed': 42, 'max_epochs': 30, 'batch_size': 32, 'num_workers': 0, 'device': 'auto'}",30,"{'type': 'AdamW', 'params': {'lr': 0.00015601682755847686, 'weight_decay': 6.191189916789598e-05}}","{'type': 'CrossEntropyLoss', 'params': {'label_smoothing': 0.1}}","[{'class_path': 'src.utils.callbacks.EarlyStopping', 'init_args': {'patience': 7, 'verbose': True}}, {'class_path': 'src.utils.callbacks.ModelCheckpoint', 'init_args': {'filepath': 'best_model_efficientnet.pth', 'monitor': 'val_loss', 'save_best_only': True}}]","{'use_augmentation': True, 'per_image_aug_method': 'basic', 'basic_params': {'n_augments': 1, 'rotation_range': 5, 'horizontal_flip_prob': 0.07769187996487559, 'brightness_range': 0.29543612846938333, 'contrast_range': 0.013569151318705536, 'width_shift_range': 0.0008538383263414218}, 'batch_level_aug_method': 'none'}",file:///mlruns,IMAGENET1K_V1,"{'type': 'CosineAnnealingWarmRestarts', 'params': {'T_0': 6, 'T_mult': 1, 'eta_min': 1e-06}}",10,efficientnet,data/gold/datasets/v8/train_val,efficientnet_b2,0,EfficientNet,0.3641414095021697,"{'architecture': 'efficientnet_b2', 'pretrained': True, 'unfreeze_layers': 7, 'hidden_units': 256, 'dropout': 0.3641414095021697, 'weights': 'IMAGENET1K_V1'}","[{'type': 'CutMix', 'params': {'alpha': 1.0, 'prob': 0.8}}, {'type': 'MixUp', 'params': {'alpha': 0.4, 'prob': 0.8}}]",32,auto,15,v8,256,True,2.3038494578464963,10.01778304682869,0.00010637523434903785,0.0,0.0,0.0,0.0,0.0,0.0,0.0,0.0,0.0,0.0,0.0,0.0,0.022943037974683545,1.0,0.0,0.0,0.0,0.0,0.0,0.0,0.0,0.0,0.0448569218870843,0.0,0.0,0.0,0.0,0.0,0.0,0.0,0.03191801152962864,0.17865612648221343,0.1,0.017865612648221344,0.4783456248721677,0.05416000615020824,0.030315224681421865,0.0,0.0,17.865612648221344,2.3130935739587852,2.292490118577075,16.0,0.0,0.08555985002339937,0.02566795500701981
34de560ee23c42ccbec94721a7dbef0f,5,42,"{'data_dir': 'data/gold/datasets/v8/train_val', 'experiment_name': 'EfficientNet', 'mlflow_uri': 'file:///mlruns', 'dataset_name': 'v8', 'seed': 42, 'max_epochs': 30, 'batch_size': 32, 'num_workers': 0, 'device': 'auto'}",30,"{'type': 'AdamW', 'params': {'lr': 0.0015197980620034232, 'weight_decay': 0.00022653156413948846}}","{'type': 'CrossEntropyLoss', 'params': {'label_smoothing': 0.1}}","[{'class_path': 'src.utils.callbacks.EarlyStopping', 'init_args': {'patience': 7, 'verbose': True}}, {'class_path': 'src.utils.callbacks.ModelCheckpoint', 'init_args': {'filepath': 'best_model_efficientnet.pth', 'monitor': 'val_loss', 'save_best_only': True}}]",{'use_augmentation': False},file:///mlruns,IMAGENET1K_V1,"{'type': 'ReduceLROnPlateau', 'params': {'mode': 'min', 'patience': 3, 'factor': 0.3048372233197124, 'min_lr': 1e-07}}",10,efficientnet,data/gold/datasets/v8/train_val,efficientnet_b2,0,EfficientNet,0.2962340194915208,"{'architecture': 'efficientnet_b2', 'pretrained': True, 'unfreeze_layers': 5, 'hidden_units': 512, 'dropout': 0.2962340194915208, 'weights': 'IMAGENET1K_V1'}","[{'type': 'CutMix', 'params': {'alpha': 1.0, 'prob': 0.8}}, {'type': 'MixUp', 'params': {'alpha': 0.4, 'prob': 0.8}}]",32,auto,15,v8,512,True,1.0182037925654261,76.96107488638609,0.00046329102122780365,0.2153846153846154,0.0,0.0,0.09523809523809523,0.0051813471502590676,0.3333333333333333,0.3333333333333333,0.1590909090909091,0.0,0.6666666666666666,0.05128205128205128,0.01020408163265306,0.0,0.0,0.8539823008849557,0.27890173410404623,0.3316831683168317,0.17678100263852242,0.11428571428571428,0.24,0.0,0.1520912547528517,0.0,0.420479302832244,0.15483870967741936,0.2306368330464716,0.29850746268656714,0.10204081632653061,0.0,0.0,0.2932137987564812,0.2940711462450593,0.22610245625000483,0.2697557441469504,0.7163652222334255,0.26395841839247663,0.21546281374347914,0.17101941835962736,0.16582361298593107,29.40711462450593,3.6536121904850005,24.82213438735178,9.0,0.7421874755503346,0.7810449037842994,0.753844704020524
29ca620a1a0f44fc8c8d34e8bd72c96e,6,42,"{'data_dir': 'data/gold/datasets/v8/train_val', 'experiment_name': 'EfficientNet', 'mlflow_uri': 'file:///mlruns', 'dataset_name': 'v8', 'seed': 42, 'max_epochs': 30, 'batch_size': 32, 'num_workers': 0, 'device': 'auto'}",30,"{'type': 'Adam', 'params': {'lr': 0.0013260331922696556, 'weight_decay': 0.0003482846706526884}}","{'type': 'CrossEntropyLoss', 'params': {'label_smoothing': 0.1}}","[{'class_path': 'src.utils.callbacks.EarlyStopping', 'init_args': {'patience': 7, 'verbose': True}}, {'class_path': 'src.utils.callbacks.ModelCheckpoint', 'init_args': {'filepath': 'best_model_efficientnet.pth', 'monitor': 'val_loss', 'save_best_only': True}}]","{'use_augmentation': True, 'per_image_aug_method': 'basic', 'basic_params': {'n_augments': 1, 'rotation_range': 37, 'horizontal_flip_prob': 0.7068573438476171, 'brightness_range': 0.21870215041229618, 'contrast_range': 0.2313811040057837, 'width_shift_range': 0.014808930346818072}, 'batch_level_aug_method': 'none'}",file:///mlruns,IMAGENET1K_V1,"{'type': 'CosineAnnealingWarmRestarts', 'params': {'T_0': 10, 'T_mult': 1, 'eta_min': 1e-06}}",10,efficientnet,data/gold/datasets/v8/train_val,efficientnet_b2,0,EfficientNet,0.2358782737814905,"{'architecture': 'efficientnet_b2', 'pretrained': True, 'unfreeze_layers': 6, 'hidden_units': 256, 'dropout': 0.2358782737814905, 'weights': 'IMAGENET1K_V1'}","[{'type': 'CutMix', 'params': {'alpha': 1.0, 'prob': 0.8}}, {'type': 'MixUp', 'params': {'alpha': 0.4, 'prob': 0.8}}]",32,auto,15,v8,256,True,2.3025338619600006,10.31416716064019,0.0011590485739935705,0.0,0.0,0.0,0.0,0.0,0.0,0.0,0.0,0.0,0.0,0.0,0.0,0.02292490118577075,1.0,0.0,0.0,0.0,0.0,0.0,0.0,0.0,0.0,0.04482225656877898,0.0,0.0,0.0,0.0,0.0,0.0,0.0,0.027558624568420065,0.16600790513833993,0.1,0.016600790513833993,0.4999595469255663,0.04727004756481544,0.028474576271186443,0.0,0.0,16.600790513833992,2.3099669992923735,2.292490118577075,8.0,0.0,0.08555985002339937,0.02566795500701981
4b705d0265c94615a4bc983859c12b3f,4,42,"{'data_dir': 'data/gold/datasets/v8/train_val', 'experiment_name': 'EfficientNet', 'mlflow_uri': 'file:///mlruns', 'dataset_name': 'v8', 'seed': 42, 'max_epochs': 30, 'batch_size': 32, 'num_workers': 0, 'device': 'auto'}",30,"{'type': 'Adam', 'params': {'lr': 0.0004791243084770233, 'weight_decay': 2.5745324943865057e-05}}","{'type': 'CrossEntropyLoss', 'params': {'label_smoothing': 0.1}}","[{'class_path': 'src.utils.callbacks.EarlyStopping', 'init_args': {'patience': 7, 'verbose': True}}, {'class_path': 'src.utils.callbacks.ModelCheckpoint', 'init_args': {'filepath': 'best_model_efficientnet.pth', 'monitor': 'val_loss', 'save_best_only': True}}]","{'use_augmentation': True, 'per_image_aug_method': 'advanced', 'advanced_params': {'p_distort': 0.4974077620027293, 'p_noise': 0.11272091184659747, 'p_dropout': 0.2968868919948287, 'num_holes': 8, 'crop_scale_min': 0.7969599325436045}, 'batch_level_aug_method': 'cutmix', 'mix_alpha': 0.504370791161805}",file:///mlruns,IMAGENET1K_V1,"{'type': 'CosineAnnealingWarmRestarts', 'params': {'T_0': 13, 'T_mult': 1, 'eta_min': 1e-06}}",10,efficientnet,data/gold/datasets/v8/train_val,efficientnet_b2,0,EfficientNet,0.4171944215997438,"{'architecture': 'efficientnet_b2', 'pretrained': True, 'unfreeze_layers': 4, 'hidden_units': 256, 'dropout': 0.4171944215997438, 'weights': 'IMAGENET1K_V1'}","[{'type': 'CutMix', 'params': {'alpha': 1.0, 'prob': 0.8}}, {'type': 'MixUp', 'params': {'alpha': 0.4, 'prob': 0.8}}]",32,auto,15,v8,256,True,2.3035587394833446,9.760916814858724,0.0004432384749045643,0.0,0.0,0.0,0.0598159509202454,0.0,0.0,0.0,0.0,0.0,0.0308300395256917,1.0,0.0,0.0,0.0,0.0,0.0,0.0,0.0,0.0,0.0,0.0,0.0,0.0,0.0,0.0,0.0,0.0,0.0,0.0,0.0,0.024006624068490367,0.1549407114624506,0.1,0.01549407114624506,0.5088171774439971,0.041572045785955254,0.026830937713894592,0.0,0.0,15.494071146245059,2.3022806316614153,3.08300395256917,0.0,0.02604166580878366,0.08555985002339937,0.04389712107316837
2831b3f789424c7d8294c5c2e9fab190,3,42,"{'data_dir': 'data/gold/datasets/v8/train_val', 'experiment_name': 'EfficientNet', 'mlflow_uri': 'file:///mlruns', 'dataset_name': 'v8', 'seed': 42, 'max_epochs': 30, 'batch_size': 32, 'num_workers': 0, 'device': 'auto'}",30,"{'type': 'AdamW', 'params': {'lr': 0.0009083998872374951, 'weight_decay': 8.028836717487808e-05}}","{'type': 'CrossEntropyLoss', 'params': {'label_smoothing': 0.1}}","[{'class_path': 'src.utils.callbacks.EarlyStopping', 'init_args': {'patience': 7, 'verbose': True}}, {'class_path': 'src.utils.callbacks.ModelCheckpoint', 'init_args': {'filepath': 'best_model_efficientnet.pth', 'monitor': 'val_loss', 'save_best_only': True}}]",{'use_augmentation': False},file:///mlruns,IMAGENET1K_V1,"{'type': 'ReduceLROnPlateau', 'params': {'mode': 'min', 'patience': 3, 'factor': 0.496223653808623, 'min_lr': 1e-07}}",10,efficientnet,data/gold/datasets/v8/train_val,efficientnet_b1,0,EfficientNet,0.3953683793126898,"{'architecture': 'efficientnet_b1', 'pretrained': True, 'unfreeze_layers': 3, 'hidden_units': 512, 'dropout': 0.3953683793126898, 'weights': 'IMAGENET1K_V1'}","[{'type': 'CutMix', 'params': {'alpha': 1.0, 'prob': 0.8}}, {'type': 'MixUp', 'params': {'alpha': 0.4, 'prob': 0.8}}]",32,auto,15,v8,512,True,0.6957261524660223,93.22268326417704,0.0004507695111643309,0.3157894736842105,0.058823529411764705,0.2222222222222222,0.14285714285714285,0.12953367875647667,0.27472527472527475,0.375,0.2727272727272727,0.09302325581395349,1.0,0.07692307692307693,0.176056338028169,0.6666666666666666,0.06896551724137931,0.8805309734513275,0.2814710042432815,0.07920792079207921,0.23529411764705882,0.44761904761904764,0.2974683544303797,0.03278688524590164,0.11818181818181818,0.125,0.4265809217577706,0.3574144486692015,0.11851851851851852,0.5416666666666666,0.0663265306122449,0.3333333333333333,0.017241379310344827,0.3494676961426796,0.291699604743083,0.20978989268450143,0.42278476399348836,0.7016030114043242,0.2243999676164009,0.19062088027566862,0.17311515718727466,0.1510257889099449,29.169960474308297,2.5803888350725175,29.169960474308297,11.0,0.8854166374986445,0.7895676495940768,0.8566619411272742
0884e56f3c74488b881761f9d809a950,4,42,"{'data_dir': 'data/gold/datasets/v8/train_val', 'experiment_name': 'EfficientNet', 'mlflow_uri': 'file:///mlruns', 'dataset_name': 'v8', 'seed': 42, 'max_epochs': 30, 'batch_size': 32, 'num_workers': 0, 'device': 'auto'}",30,"{'type': 'AdamW', 'params': {'lr': 0.00027810936979265544, 'weight_decay': 1.736723715159314e-05}}","{'type': 'CrossEntropyLoss', 'params': {'label_smoothing': 0.1}}","[{'class_path': 'src.utils.callbacks.EarlyStopping', 'init_args': {'patience': 7, 'verbose': True}}, {'class_path': 'src.utils.callbacks.ModelCheckpoint', 'init_args': {'filepath': 'best_model_efficientnet.pth', 'monitor': 'val_loss', 'save_best_only': True}}]",{'use_augmentation': False},file:///mlruns,IMAGENET1K_V1,"{'type': 'CosineAnnealingWarmRestarts', 'params': {'T_0': 8, 'T_mult': 1, 'eta_min': 1e-06}}",10,efficientnet,data/gold/datasets/v8/train_val,efficientnet_b0,0,EfficientNet,0.20208563915935723,"{'architecture': 'efficientnet_b0', 'pretrained': True, 'unfreeze_layers': 4, 'hidden_units': 512, 'dropout': 0.20208563915935723, 'weights': 'IMAGENET1K_V1'}","[{'type': 'CutMix', 'params': {'alpha': 1.0, 'prob': 0.8}}, {'type': 'MixUp', 'params': {'alpha': 0.4, 'prob': 0.8}}]",32,auto,15,v8,512,True,0.8526542669368624,86.34657182375025,0.00020293055761313835,0.0,0.0,0.0,0.0,0.0,0.0,0.0,0.0,0.0,0.0,0.0,0.0,0.0,0.0,0.0,0.0,0.0,0.0,0.0,0.0,0.0,0.26886145404663925,0.0,0.0,0.0,0.0,0.15530903328050713,1.0,0.0,0.0,0.19695696445334696,0.1984189723320158,0.11435732448414333,0.12175516133564335,0.5136878596324206,0.11352039718674815,0.06813826578772512,0.046564092834961136,0.029624698344012712,19.841897233201582,2.7371162131980613,15.494071146245059,6.0,0.4348958190066872,0.27492215121279184,0.3869037186685186
8e9240c2afb74ffc879f44ec4a0eaf30,5,42,"{'data_dir': 'data/gold/datasets/v8/train_val', 'experiment_name': 'EfficientNet', 'mlflow_uri': 'file:///mlruns', 'dataset_name': 'v8', 'seed': 42, 'max_epochs': 30, 'batch_size': 32, 'num_workers': 0, 'device': 'auto'}",30,"{'type': 'AdamW', 'params': {'lr': 0.0017164579251630703, 'weight_decay': 2.803242829929127e-05}}","{'type': 'CrossEntropyLoss', 'params': {'label_smoothing': 0.1}}","[{'class_path': 'src.utils.callbacks.EarlyStopping', 'init_args': {'patience': 7, 'verbose': True}}, {'class_path': 'src.utils.callbacks.ModelCheckpoint', 'init_args': {'filepath': 'best_model_efficientnet.pth', 'monitor': 'val_loss', 'save_best_only': True}}]",{'use_augmentation': False},file:///mlruns,IMAGENET1K_V1,"{'type': 'CosineAnnealingWarmRestarts', 'params': {'T_0': 8, 'T_mult': 1, 'eta_min': 1e-06}}",10,efficientnet,data/gold/datasets/v8/train_val,efficientnet_b2,0,EfficientNet,0.45091622666150033,"{'architecture': 'efficientnet_b2', 'pretrained': True, 'unfreeze_layers': 5, 'hidden_units': 512, 'dropout': 0.45091622666150033, 'weights': 'IMAGENET1K_V1'}","[{'type': 'CutMix', 'params': {'alpha': 1.0, 'prob': 0.8}}, {'type': 'MixUp', 'params': {'alpha': 0.4, 'prob': 0.8}}]",32,auto,15,v8,512,True,1.0317345200803199,78.2651649871567,0.001049022287177575,0.10526315789473684,0.0,0.0,0.0,0.03626943005181347,0.4375,0.23076923076923078,0.06818181818181818,0.0,0.0,0.0,0.06698564593301436,0.0,0.0,0.9823008849557522,0.2172211350293542,0.08415841584158416,0.11258278145695365,0.047619047619047616,0.19607843137254902,0.0,0.057692307692307696,0.0,0.3557692307692308,0.07662835249042145,0.09631728045325778,0.5,0.030612244897959183,0.0,0.0,0.30891255534228784,0.3011857707509881,0.24205563553241577,0.3050389728239093,0.7292881772339506,0.27163588850518305,0.20667975554319856,0.19146841053693087,0.1855732871883613,30.118577075098813,3.2952953428030014,20.948616600790515,8.0,0.6145833130872946,0.8642048663207264,0.6894697790573241
1e07224583bb4adba5396e2c55b117aa,7,42,"{'data_dir': 'data/gold/datasets/v8/train_val', 'experiment_name': 'EfficientNet', 'mlflow_uri': 'file:///mlruns', 'dataset_name': 'v8', 'seed': 42, 'max_epochs': 30, 'batch_size': 32, 'num_workers': 0, 'device': 'auto'}",30,"{'type': 'Adam', 'params': {'lr': 0.002169328754632058, 'weight_decay': 2.084127010669043e-05}}","{'type': 'CrossEntropyLoss', 'params': {'label_smoothing': 0.1}}","[{'class_path': 'src.utils.callbacks.EarlyStopping', 'init_args': {'patience': 7, 'verbose': True}}, {'class_path': 'src.utils.callbacks.ModelCheckpoint', 'init_args': {'filepath': 'best_model_efficientnet.pth', 'monitor': 'val_loss', 'save_best_only': True}}]","{'use_augmentation': True, 'per_image_aug_method': 'none', 'batch_level_aug_method': 'mixup', 'mix_alpha': 0.7031345993958067}",file:///mlruns,IMAGENET1K_V1,"{'type': 'CosineAnnealingWarmRestarts', 'params': {'T_0': 6, 'T_mult': 1, 'eta_min': 1e-06}}",10,efficientnet,data/gold/datasets/v8/train_val,efficientnet_b2,0,EfficientNet,0.4364284735368282,"{'architecture': 'efficientnet_b2', 'pretrained': True, 'unfreeze_layers': 7, 'hidden_units': 256, 'dropout': 0.4364284735368282, 'weights': 'IMAGENET1K_V1'}","[{'type': 'CutMix', 'params': {'alpha': 1.0, 'prob': 0.8}}, {'type': 'MixUp', 'params': {'alpha': 0.4, 'prob': 0.8}}]",32,auto,15,v8,256,True,1.3840734665159697,60.541394981229004,0.0011744913432971654,0.044444444444444446,0.0,0.0,0.0,0.0,0.0,1.0,0.022727272727272728,0.0,0.0,0.0,0.0,0.017241379310344827,0.034482758620689655,0.7477876106194691,0.19674039580908032,0.16336633663366337,0.11301369863013698,0.01904761904761905,0.6666666666666666,0.0,0.08583690987124463,0.022988505747126436,0.31152073732718893,0.037037037037037035,0.13360323886639677,0.2702702702702703,0.05102040816326531,0.0,0.0,0.31892144039453985,0.26403162055335966,0.275594408086891,0.28841532037284384,0.7185676544155255,0.21546434073250845,0.2042037599102377,0.16522601479258722,0.15500208430642815,26.403162055335965,2.4139271169900893,17.233201581027668,6.0,0.4921874837860113,0.7574848564520796,0.5717766955858318
2e02b4663e0748f291d33b9c3da51f74,7,42,"{'data_dir': 'data/gold/datasets/v8/train_val', 'experiment_name': 'EfficientNet', 'mlflow_uri': 'file:///mlruns', 'dataset_name': 'v8', 'seed': 42, 'max_epochs': 30, 'batch_size': 32, 'num_workers': 0, 'device': 'auto'}",30,"{'type': 'AdamW', 'params': {'lr': 0.0004258378145877708, 'weight_decay': 1.2613409362268451e-05}}","{'type': 'CrossEntropyLoss', 'params': {'label_smoothing': 0.1}}","[{'class_path': 'src.utils.callbacks.EarlyStopping', 'init_args': {'patience': 7, 'verbose': True}}, {'class_path': 'src.utils.callbacks.ModelCheckpoint', 'init_args': {'filepath': 'best_model_efficientnet.pth', 'monitor': 'val_loss', 'save_best_only': True}}]","{'use_augmentation': True, 'per_image_aug_method': 'none', 'batch_level_aug_method': 'mixup', 'mix_alpha': 0.9994225530138842}",file:///mlruns,IMAGENET1K_V1,"{'type': 'CosineAnnealingWarmRestarts', 'params': {'T_0': 8, 'T_mult': 1, 'eta_min': 1e-06}}",10,efficientnet,data/gold/datasets/v8/train_val,efficientnet_b2,0,EfficientNet,0.49924094854429196,"{'architecture': 'efficientnet_b2', 'pretrained': True, 'unfreeze_layers': 7, 'hidden_units': 256, 'dropout': 0.49924094854429196, 'weights': 'IMAGENET1K_V1'}","[{'type': 'CutMix', 'params': {'alpha': 1.0, 'prob': 0.8}}, {'type': 'MixUp', 'params': {'alpha': 0.4, 'prob': 0.8}}]",32,auto,15,v8,256,True,1.1622549171764327,71.66567871962063,0.0003502114081036536,0.16666666666666666,0.04411764705882353,0.2,0.12,0.031088082901554404,0.6,0.21428571428571427,0.13636363636363635,0.07228915662650602,0.2727272727272727,0.07692307692307693,0.059113300492610835,0.16,0.13793103448275862,0.4778761061946903,0.2541176470588235,0.0,0.0,0.4714285714285714,0.21710526315789475,0.0,0.2915811088295688,0.14814814814814814,0.3317972350230415,0.2972972972972973,0.0,0.24398625429553264,0.3622448979591837,0.0,0.0,0.2589124198123202,0.24980237154150198,0.17313497005124112,0.26571502214912984,0.667705926543498,0.18435937547677622,0.1512655802456867,0.11792814334374094,0.09957051864786126,24.9802371541502,2.1717099216249256,23.715415019762844,8.0,0.7057291434180373,0.5651384961212078,0.6635519492289884
10028681f15e4bf495d701c85889f664,5,42,"{'data_dir': 'data/gold/datasets/v8/train_val', 'experiment_name': 'ConvNeXt', 'mlflow_uri': 'file:///mlruns', 'dataset_name': 'v8', 'max_epochs': 30, 'batch_size': 32, 'num_workers': 0, 'device': 'auto', 'seed': 42}",30,"{'type': 'AdamW', 'params': {'lr': 0.00011352525179911179, 'weight_decay': 0.03506776499297219}}","{'type': 'CrossEntropyLoss', 'params': {'label_smoothing': 0.16625222843539822}}","[{'class_path': 'src.utils.callbacks.EarlyStopping', 'init_args': {'patience': 7, 'verbose': True}}, {'class_path': 'src.utils.callbacks.ModelCheckpoint', 'init_args': {'filepath': 'best_convnext.pth', 'monitor': 'val_loss', 'save_best_only': True}}]",{'use_augmentation': False},file:///mlruns,IMAGENET1K_V1,"{'type': 'CosineAnnealingWarmRestarts', 'params': {'T_0': 7, 'T_mult': 1, 'eta_min': 1e-06}}",10,convnext,data/gold/datasets/v8/train_val,convnext_tiny,0,ConvNeXt,0.34855307303338107,"{'architecture': 'convnext_tiny', 'pretrained': True, 'unfreeze_layers': 5, 'hidden_units': 512, 'dropout': 0.34855307303338107, 'weights': 'IMAGENET1K_V1'}",{},32,auto,15,v8,512,True,0.9902011828562931,89.84390436672594,8.184042864146788e-05,0.0,0.029411764705882353,0.16666666666666666,0.18181818181818182,0.21761658031088082,0.17796610169491525,0.0,0.0,0.05,0.3125,0.1282051282051282,0.1958041958041958,0.5,0.06896551724137931,0.2610619469026549,0.4013605442176871,0.25742574257425743,0.23214285714285715,0.47619047619047616,0.24154589371980675,0.0273972602739726,0.2205128205128205,0.12121212121212122,0.3163538873994638,0.32051282051282054,0.24413145539906103,0.22164948453608246,0.2193877551020408,0.06666666666666667,0.017241379310344827,0.24279657673750876,0.2458498023715415,0.18452456299810052,0.21790819399432126,0.6417470103330117,0.2341890210763931,0.18718990154435317,0.11141145215368183,0.1102156979123271,24.58498023715415,2.4183630764484407,24.1897233201581,6.0,0.7213541429033076,0.538637053383689,0.6665390160474219
8886c670d3bf43f687f36f85d45bc29a,6,42,"{'data_dir': 'data/gold/datasets/v8/train_val', 'experiment_name': 'ConvNeXt', 'mlflow_uri': 'file:///mlruns', 'dataset_name': 'v8', 'max_epochs': 30, 'batch_size': 32, 'num_workers': 0, 'device': 'auto', 'seed': 42}",30,"{'type': 'AdamW', 'params': {'lr': 0.0002620199881215838, 'weight_decay': 0.016558920947518988}}","{'type': 'CrossEntropyLoss', 'params': {'label_smoothing': 0.1562057752002422}}","[{'class_path': 'src.utils.callbacks.EarlyStopping', 'init_args': {'patience': 7, 'verbose': True}}, {'class_path': 'src.utils.callbacks.ModelCheckpoint', 'init_args': {'filepath': 'best_convnext.pth', 'monitor': 'val_loss', 'save_best_only': True}}]",{'use_augmentation': False},file:///mlruns,IMAGENET1K_V1,"{'type': 'ReduceLROnPlateau', 'params': {'mode': 'min', 'patience': 4, 'factor': 0.25091895278220216, 'min_lr': 1e-07}}",10,convnext,data/gold/datasets/v8/train_val,convnext_tiny,0,ConvNeXt,0.2826961741347888,"{'architecture': 'convnext_tiny', 'pretrained': True, 'unfreeze_layers': 6, 'hidden_units': 512, 'dropout': 0.2826961741347888, 'weights': 'IMAGENET1K_V1'}",{},32,auto,15,v8,512,True,2.3031435140953826,10.057300928670223,6.574578102747285e-05,0.0,0.0,0.0,0.0,1.0,0.15256916996047432,0.0,0.0,0.0,0.0,0.0,0.26474622770919065,0.0,0.0,0.0,0.0,0.0,0.0,0.0,0.0,0.0,0.0,0.0,0.0,0.0,0.0,0.0,0.0,0.0,0.0,0.03191801152962864,0.17865612648221343,0.1,0.017865612648221344,0.5114201908408099,0.05416000615020824,0.030315224681421865,0.0,0.0,17.865612648221344,2.302686166763306,15.256916996047432,0.0,0.42708331926405213,0.08555985002339937,0.32462627849185627
18784b2a18af4151af323078f2e0fe8f,3,42,"{'data_dir': 'data/gold/datasets/v8/train_val', 'experiment_name': 'ConvNeXt', 'mlflow_uri': 'file:///mlruns', 'dataset_name': 'v8', 'max_epochs': 30, 'batch_size': 32, 'num_workers': 0, 'device': 'auto', 'seed': 42}",30,"{'type': 'AdamW', 'params': {'lr': 0.0005667816332642578, 'weight_decay': 0.013781383691284578}}","{'type': 'CrossEntropyLoss', 'params': {'label_smoothing': 0.15790023925259172}}","[{'class_path': 'src.utils.callbacks.EarlyStopping', 'init_args': {'patience': 7, 'verbose': True}}, {'class_path': 'src.utils.callbacks.ModelCheckpoint', 'init_args': {'filepath': 'best_convnext.pth', 'monitor': 'val_loss', 'save_best_only': True}}]",{'use_augmentation': False},file:///mlruns,IMAGENET1K_V1,"{'type': 'ReduceLROnPlateau', 'params': {'mode': 'min', 'patience': 5, 'factor': 0.20229172546364693, 'min_lr': 1e-07}}",10,convnext,data/gold/datasets/v8/train_val,convnext_small,0,ConvNeXt,0.29626176058120246,"{'architecture': 'convnext_small', 'pretrained': True, 'unfreeze_layers': 3, 'hidden_units': 512, 'dropout': 0.29626176058120246, 'weights': 'IMAGENET1K_V1'}",{},32,auto,15,v8,512,True,2.302912532046623,10.472238688006323,0.00011465523455413065,0.0,0.0,0.0,0.0,0.0,0.0,0.0,0.0,0.0,0.0,0.0,0.0,0.02292490118577075,1.0,0.0,0.0,0.0,0.0,0.0,0.0,0.0,0.0,0.04482225656877898,0.0,0.0,0.0,0.0,0.0,0.0,0.0,0.03191801152962864,0.17865612648221343,0.1,0.017865612648221344,0.5133672280859294,0.05416000615020824,0.030315224681421865,0.0,0.0,17.865612648221344,2.312641608715057,2.292490118577075,1.0,0.0,0.08555985002339937,0.02566795500701981
6745f53b820942f899837dc64e66d55d,4,42,"{'data_dir': 'data/gold/datasets/v8/train_val', 'experiment_name': 'ConvNeXt', 'mlflow_uri': 'file:///mlruns', 'dataset_name': 'v8', 'max_epochs': 30, 'batch_size': 32, 'num_workers': 0, 'device': 'auto', 'seed': 42}",30,"{'type': 'AdamW', 'params': {'lr': 0.00011229267845645228, 'weight_decay': 0.012057081573389115}}","{'type': 'CrossEntropyLoss', 'params': {'label_smoothing': 0.1508570691164703}}","[{'class_path': 'src.utils.callbacks.EarlyStopping', 'init_args': {'patience': 7, 'verbose': True}}, {'class_path': 'src.utils.callbacks.ModelCheckpoint', 'init_args': {'filepath': 'best_convnext.pth', 'monitor': 'val_loss', 'save_best_only': True}}]","{'use_augmentation': True, 'per_image_aug_method': 'basic', 'basic_params': {'n_augments': 1, 'rotation_range': 14, 'horizontal_flip_prob': 0.32518332202674705, 'brightness_range': 0.21888185350141923, 'contrast_range': 0.19126724140656393, 'width_shift_range': 0.1774425485152653}, 'batch_level_aug_method': 'none'}",file:///mlruns,IMAGENET1K_V1,"{'type': 'CosineAnnealingWarmRestarts', 'params': {'T_0': 8, 'T_mult': 1, 'eta_min': 1e-06}}",10,convnext,data/gold/datasets/v8/train_val,convnext_tiny,0,ConvNeXt,0.23236742809799135,"{'architecture': 'convnext_tiny', 'pretrained': True, 'unfreeze_layers': 4, 'hidden_units': 512, 'dropout': 0.23236742809799135, 'weights': 'IMAGENET1K_V1'}",{},32,auto,15,v8,512,True,2.3020821639940783,11.025489033787789,9.091800071202918e-05,0.0,0.0,0.0,0.0598159509202454,0.0,0.0,0.0,0.0,0.0,0.0308300395256917,1.0,0.0,0.0,0.0,0.0,0.0,0.0,0.0,0.0,0.0,0.0,0.0,0.0,0.0,0.0,0.0,0.0,0.0,0.0,0.0,0.027558624568420065,0.16600790513833993,0.1,0.016600790513833993,0.5326283518921546,0.04727004756481544,0.028474576271186443,0.0,0.0,16.600790513833992,2.3152140974998474,3.08300395256917,3.0,0.02604166580878366,0.08555985002339937,0.04389712107316837
118488d922204b72b88bea585736068c,3,42,"{'data_dir': 'data/gold/datasets/v8/train_val', 'experiment_name': 'ConvNeXt', 'mlflow_uri': 'file:///mlruns', 'dataset_name': 'v8', 'max_epochs': 30, 'batch_size': 32, 'num_workers': 0, 'device': 'auto', 'seed': 42}",30,"{'type': 'AdamW', 'params': {'lr': 0.00081321624883889, 'weight_decay': 0.005992018379253137}}","{'type': 'CrossEntropyLoss', 'params': {'label_smoothing': 0.15840041774949631}}","[{'class_path': 'src.utils.callbacks.EarlyStopping', 'init_args': {'patience': 7, 'verbose': True}}, {'class_path': 'src.utils.callbacks.ModelCheckpoint', 'init_args': {'filepath': 'best_convnext.pth', 'monitor': 'val_loss', 'save_best_only': True}}]",{'use_augmentation': False},file:///mlruns,IMAGENET1K_V1,"{'type': 'ReduceLROnPlateau', 'params': {'mode': 'min', 'patience': 4, 'factor': 0.3381012337787477, 'min_lr': 1e-07}}",10,convnext,data/gold/datasets/v8/train_val,convnext_tiny,0,ConvNeXt,0.28877849851035614,"{'architecture': 'convnext_tiny', 'pretrained': True, 'unfreeze_layers': 3, 'hidden_units': 512, 'dropout': 0.28877849851035614, 'weights': 'IMAGENET1K_V1'}",{},32,auto,15,v8,512,True,2.302417837332134,11.104524797470855,0.0002749494170613538,0.0,0.0,0.0,0.0598159509202454,0.0,0.0,0.0,0.0,0.0,0.0308300395256917,1.0,0.0,0.0,0.0,0.0,0.0,0.0,0.0,0.0,0.0,0.0,0.0,0.0,0.0,0.0,0.0,0.0,0.0,0.0,0.0,0.027558624568420065,0.16600790513833993,0.1,0.016600790513833993,0.5462923878291643,0.04727004756481544,0.028474576271186443,0.0,0.0,16.600790513833992,2.311441940069199,3.08300395256917,5.0,0.02604166580878366,0.08555985002339937,0.04389712107316837
c84623813f014d85b497638b6d38a820,2,42,"{'data_dir': 'data/gold/datasets/v8/train_val', 'experiment_name': 'ConvNeXt', 'mlflow_uri': 'file:///mlruns', 'dataset_name': 'v8', 'max_epochs': 30, 'batch_size': 32, 'num_workers': 0, 'device': 'auto', 'seed': 42}",30,"{'type': 'AdamW', 'params': {'lr': 0.0002848903993244124, 'weight_decay': 0.009099880892439183}}","{'type': 'CrossEntropyLoss', 'params': {'label_smoothing': 0.12464156001389416}}","[{'class_path': 'src.utils.callbacks.EarlyStopping', 'init_args': {'patience': 7, 'verbose': True}}, {'class_path': 'src.utils.callbacks.ModelCheckpoint', 'init_args': {'filepath': 'best_convnext.pth', 'monitor': 'val_loss', 'save_best_only': True}}]",{'use_augmentation': False},file:///mlruns,IMAGENET1K_V1,"{'type': 'ReduceLROnPlateau', 'params': {'mode': 'min', 'patience': 5, 'factor': 0.24753008773354443, 'min_lr': 1e-07}}",10,convnext,data/gold/datasets/v8/train_val,convnext_small,0,ConvNeXt,0.2492447354265535,"{'architecture': 'convnext_small', 'pretrained': True, 'unfreeze_layers': 2, 'hidden_units': 1024, 'dropout': 0.2492447354265535, 'weights': 'IMAGENET1K_V1'}",{},32,auto,15,v8,1024,True,2.1024116467308374,25.192649673977474,7.05189455392163e-05,0.10909090909090909,0.3235294117647059,0.13580246913580246,0.096,0.0051813471502590676,0.03571428571428571,0.0743801652892562,0.20454545454545456,0.19130434782608696,0.06976744186046512,0.15384615384615385,0.00904977375565611,0.026905829596412557,0.20689655172413793,0.28761061946902655,0.2777777777777778,0.24752475247524752,0.2183406113537118,0.004761904761904762,0.14285714285714285,0.05714285714285714,0.10236220472440945,0.047619047619047616,0.2826086956521739,0.009216589861751152,0.23201856148491878,0.22413793103448276,0.0663265306122449,0.042735042735042736,0.08620689655172414,0.12508361571828858,0.19288537549407114,0.17543661093404378,0.10361261296961213,0.6260044835165451,0.11791628405149471,0.10534425154592982,0.0804621431751793,0.0688692106441312,19.288537549407113,2.2790596783161163,14.071146245059287,8.0,0.38802082055087656,0.41277542886621316,0.39544720304547754
8325d5da09d8485faa917762d279b76f,3,42,"{'data_dir': 'data/gold/datasets/v8/train_val', 'experiment_name': 'ConvNeXt', 'mlflow_uri': 'file:///mlruns', 'dataset_name': 'v8', 'max_epochs': 30, 'batch_size': 32, 'num_workers': 0, 'device': 'auto', 'seed': 42}",30,"{'type': 'AdamW', 'params': {'lr': 0.001035029201783161, 'weight_decay': 0.008133268642646567}}","{'type': 'CrossEntropyLoss', 'params': {'label_smoothing': 0.1835302495589238}}","[{'class_path': 'src.utils.callbacks.EarlyStopping', 'init_args': {'patience': 7, 'verbose': True}}, {'class_path': 'src.utils.callbacks.ModelCheckpoint', 'init_args': {'filepath': 'best_convnext.pth', 'monitor': 'val_loss', 'save_best_only': True}}]","{'use_augmentation': True, 'per_image_aug_method': 'none', 'batch_level_aug_method': 'none'}",file:///mlruns,IMAGENET1K_V1,"{'type': 'CosineAnnealingWarmRestarts', 'params': {'T_0': 5, 'T_mult': 1, 'eta_min': 1e-06}}",10,convnext,data/gold/datasets/v8/train_val,convnext_small,0,ConvNeXt,0.38969174917807387,"{'architecture': 'convnext_small', 'pretrained': True, 'unfreeze_layers': 3, 'hidden_units': 512, 'dropout': 0.38969174917807387, 'weights': 'IMAGENET1K_V1'}",{},32,auto,15,v8,512,True,2.302865132869079,10.472238688006323,0.0005818299646300143,0.0,0.0,0.0,0.0598159509202454,0.0,0.0,0.0,0.0,0.0,0.0308300395256917,1.0,0.0,0.0,0.0,0.0,0.0,0.0,0.0,0.0,0.0,0.0,0.0,0.0,0.0,0.0,0.0,0.0,0.0,0.0,0.0,0.03191801152962864,0.17865612648221343,0.1,0.017865612648221344,0.4786089316388602,0.05416000615020824,0.030315224681421865,0.0,0.0,17.865612648221344,2.3114363312721253,3.08300395256917,5.0,0.02604166580878366,0.08555985002339937,0.04389712107316837
800af9491da946579631cae323821d5e,4,42,"{'data_dir': 'data/gold/datasets/v8/train_val', 'experiment_name': 'ConvNeXt', 'mlflow_uri': 'file:///mlruns', 'dataset_name': 'v8', 'max_epochs': 30, 'batch_size': 32, 'num_workers': 0, 'device': 'auto', 'seed': 42}",30,"{'type': 'AdamW', 'params': {'lr': 0.0002527088863332798, 'weight_decay': 0.020493015246352053}}","{'type': 'CrossEntropyLoss', 'params': {'label_smoothing': 0.1994804006168107}}","[{'class_path': 'src.utils.callbacks.EarlyStopping', 'init_args': {'patience': 7, 'verbose': True}}, {'class_path': 'src.utils.callbacks.ModelCheckpoint', 'init_args': {'filepath': 'best_convnext.pth', 'monitor': 'val_loss', 'save_best_only': True}}]",{'use_augmentation': False},file:///mlruns,IMAGENET1K_V1,"{'type': 'ReduceLROnPlateau', 'params': {'mode': 'min', 'patience': 4, 'factor': 0.11930574318793338, 'min_lr': 1e-07}}",10,convnext,data/gold/datasets/v8/train_val,convnext_tiny,0,ConvNeXt,0.2645473583396629,"{'architecture': 'convnext_tiny', 'pretrained': True, 'unfreeze_layers': 4, 'hidden_units': 512, 'dropout': 0.2645473583396629, 'weights': 'IMAGENET1K_V1'}",{},32,auto,15,v8,512,True,2.3020901825559443,10.43272080616479,3.014962149418693e-05,0.0,0.0,0.0,0.0,0.0,0.0,0.0,0.0,0.0,0.0,0.0,0.0,0.022979397781299524,1.0,0.0,0.0,0.0,0.0,0.0,0.0,0.0,0.0,0.044926413632842756,0.0,0.0,0.0,0.0,0.0,0.0,0.0,0.023277351622428097,0.15256916996047432,0.1,0.015256916996047431,0.5393838118395178,0.04039211221175794,0.026474622770919064,0.0,0.0,15.256916996047432,2.304555135965347,2.292490118577075,3.0,0.0,0.08555985002339937,0.02566795500701981
daade2b4e295424896626c990b27951e,6,42,"{'data_dir': 'data/gold/datasets/v8/train_val', 'experiment_name': 'ConvNeXt', 'mlflow_uri': 'file:///mlruns', 'dataset_name': 'v8', 'max_epochs': 30, 'batch_size': 32, 'num_workers': 0, 'device': 'auto', 'seed': 42}",30,"{'type': 'AdamW', 'params': {'lr': 0.001938790488920201, 'weight_decay': 0.0020748033175894878}}","{'type': 'CrossEntropyLoss', 'params': {'label_smoothing': 0.15393422419156508}}","[{'class_path': 'src.utils.callbacks.EarlyStopping', 'init_args': {'patience': 7, 'verbose': True}}, {'class_path': 'src.utils.callbacks.ModelCheckpoint', 'init_args': {'filepath': 'best_convnext.pth', 'monitor': 'val_loss', 'save_best_only': True}}]",{'use_augmentation': False},file:///mlruns,IMAGENET1K_V1,"{'type': 'CosineAnnealingWarmRestarts', 'params': {'T_0': 14, 'T_mult': 1, 'eta_min': 1e-06}}",10,convnext,data/gold/datasets/v8/train_val,convnext_tiny,0,ConvNeXt,0.4614381770563153,"{'architecture': 'convnext_tiny', 'pretrained': True, 'unfreeze_layers': 6, 'hidden_units': 512, 'dropout': 0.4614381770563153, 'weights': 'IMAGENET1K_V1'}",{},32,auto,15,v8,512,True,2.303767357765745,10.531515510768623,0.0018111086855844795,0.0,0.0,0.0,0.0598159509202454,0.0,0.0,0.0,0.0,0.0,0.0308300395256917,1.0,0.0,0.0,0.0,0.0,0.0,0.0,0.0,0.0,0.0,0.0,0.0,0.0,0.0,0.0,0.0,0.0,0.0,0.0,0.0,0.03191801152962864,0.17865612648221343,0.1,0.017865612648221344,0.5089850202541224,0.05416000615020824,0.030315224681421865,0.0,0.0,17.865612648221344,2.3074377864599227,3.08300395256917,4.0,0.02604166580878366,0.08555985002339937,0.04389712107316837
ead5eb4030b14d479f2265471caf46c3,3,42,"{'data_dir': 'data/gold/datasets/v8/train_val', 'experiment_name': 'ConvNeXt', 'mlflow_uri': 'file:///mlruns', 'dataset_name': 'v8', 'max_epochs': 30, 'batch_size': 32, 'num_workers': 0, 'device': 'auto', 'seed': 42}",30,"{'type': 'AdamW', 'params': {'lr': 0.00011734394067568804, 'weight_decay': 0.016130932450805185}}","{'type': 'CrossEntropyLoss', 'params': {'label_smoothing': 0.16039923368997522}}","[{'class_path': 'src.utils.callbacks.EarlyStopping', 'init_args': {'patience': 7, 'verbose': True}}, {'class_path': 'src.utils.callbacks.ModelCheckpoint', 'init_args': {'filepath': 'best_convnext.pth', 'monitor': 'val_loss', 'save_best_only': True}}]",{'use_augmentation': False},file:///mlruns,IMAGENET1K_V1,"{'type': 'ReduceLROnPlateau', 'params': {'mode': 'min', 'patience': 5, 'factor': 0.20372445136308695, 'min_lr': 1e-07}}",10,convnext,data/gold/datasets/v8/train_val,convnext_tiny,0,ConvNeXt,0.3036780556724629,"{'architecture': 'convnext_tiny', 'pretrained': True, 'unfreeze_layers': 3, 'hidden_units': 512, 'dropout': 0.3036780556724629, 'weights': 'IMAGENET1K_V1'}",{},32,auto,15,v8,512,True,1.5822729136580607,54.37660541394981,2.390582993493717e-05,0.038834951456310676,0.11764705882352941,0.1568627450980392,0.25,0.04145077720207254,0.18604651162790697,0.03389830508474576,0.045454545454545456,0.13445378151260504,0.32,0.20512820512820512,0.06779661016949153,0.13793103448275862,0.27586206896551724,0.5265486725663717,0.40893470790378006,0.11386138613861387,0.18110236220472442,0.16666666666666666,0.19021739130434784,0.1285140562248996,0.2638888888888889,0.1839080459770115,0.46034816247582205,0.17766497461928935,0.1398176291793313,0.24152542372881355,0.29081632653061223,0.08376963350785341,0.27586206896551724,0.1478348251612992,0.22529644268774704,0.20538898563879143,0.1415021929690995,0.6486687751379188,0.16090806729095183,0.147691986492604,0.11871776868281103,0.10917605431891875,22.529644268774703,2.252871444821358,22.450592885375496,14.0,0.6640624781239836,0.5683496672657576,0.6353486348665157
1b429a86c7054db2b0c41a9be631909f,5,42,"{'data_dir': 'data/gold/datasets/v8/train_val', 'experiment_name': 'ConvNeXt', 'mlflow_uri': 'file:///mlruns', 'dataset_name': 'v8', 'max_epochs': 30, 'batch_size': 32, 'num_workers': 0, 'device': 'auto', 'seed': 42}",30,"{'type': 'AdamW', 'params': {'lr': 0.00014127736876113115, 'weight_decay': 0.004214422962057289}}","{'type': 'CrossEntropyLoss', 'params': {'label_smoothing': 0.12439896433790837}}","[{'class_path': 'src.utils.callbacks.EarlyStopping', 'init_args': {'patience': 7, 'verbose': True}}, {'class_path': 'src.utils.callbacks.ModelCheckpoint', 'init_args': {'filepath': 'best_convnext.pth', 'monitor': 'val_loss', 'save_best_only': True}}]","{'use_augmentation': True, 'per_image_aug_method': 'advanced', 'advanced_params': {'p_distort': 0.2027591154849889, 'p_noise': 0.13044146285980965, 'p_dropout': 0.23270035382161117, 'num_holes': 4, 'crop_scale_min': 0.6321616102834997}, 'batch_level_aug_method': 'mixup', 'mix_alpha': 0.37941544756844786}",file:///mlruns,IMAGENET1K_V1,"{'type': 'CosineAnnealingWarmRestarts', 'params': {'T_0': 7, 'T_mult': 1, 'eta_min': 1e-06}}",10,convnext,data/gold/datasets/v8/train_val,convnext_small,0,ConvNeXt,0.3704925810006415,"{'architecture': 'convnext_small', 'pretrained': True, 'unfreeze_layers': 5, 'hidden_units': 512, 'dropout': 0.3704925810006415, 'weights': 'IMAGENET1K_V1'}",{},32,auto,15,v8,512,True,2.293671504001659,12.803793716656788,0.00010642172523816545,0.025477707006369428,0.7941176470588235,0.056842105263157895,0.0,0.0,0.0,0.017699115044247787,0.045454545454545456,0.10609037328094302,0.0,0.0,0.0,0.0,0.0,0.07964601769911504,0.3673469387755102,0.13861386138613863,0.1830065359477124,0.0,0.0,0.0,0.0,0.0,0.13090909090909092,0.0,0.15774647887323945,0.0,0.0,0.0,0.0,0.027558624568420065,0.16600790513833993,0.1,0.016600790513833993,0.5119903013317681,0.04727004756481544,0.028474576271186443,0.0,0.0,16.600790513833992,2.36772426366806,8.063241106719369,1.0,0.19010416040412081,0.08555985002339937,0.15874086728990439
d00e3173357442d58e9eaa5e8518ff3d,5,42,"{'data_dir': 'data/gold/datasets/v8/train_val', 'experiment_name': 'ConvNeXt', 'mlflow_uri': 'file:///mlruns', 'dataset_name': 'v8', 'max_epochs': 30, 'batch_size': 32, 'num_workers': 0, 'device': 'auto', 'seed': 42}",30,"{'type': 'AdamW', 'params': {'lr': 0.0006233559840320986, 'weight_decay': 0.02477181041332631}}","{'type': 'CrossEntropyLoss', 'params': {'label_smoothing': 0.16299960642088065}}","[{'class_path': 'src.utils.callbacks.EarlyStopping', 'init_args': {'patience': 7, 'verbose': True}}, {'class_path': 'src.utils.callbacks.ModelCheckpoint', 'init_args': {'filepath': 'best_convnext.pth', 'monitor': 'val_loss', 'save_best_only': True}}]",{'use_augmentation': False},file:///mlruns,IMAGENET1K_V1,"{'type': 'ReduceLROnPlateau', 'params': {'mode': 'min', 'patience': 8, 'factor': 0.4913323395699465, 'min_lr': 1e-07}}",10,convnext,data/gold/datasets/v8/train_val,convnext_tiny,0,ConvNeXt,0.27026283394168404,"{'architecture': 'convnext_tiny', 'pretrained': True, 'unfreeze_layers': 5, 'hidden_units': 512, 'dropout': 0.27026283394168404, 'weights': 'IMAGENET1K_V1'}",{},32,auto,15,v8,512,True,2.3033279093610655,9.780675755779491,0.0006233559840320986,0.0,0.0,0.0,0.0,0.0,0.0,0.0,0.0,0.0,0.0,0.0,0.0,0.0,0.0,0.0,0.0,0.0,0.0,1.0,0.16600790513833993,0.0,0.0,0.0,0.0,0.2847457627118644,0.0,0.0,0.0,0.0,0.0,0.03191801152962864,0.17865612648221343,0.1,0.017865612648221344,0.520828914849439,0.05416000615020824,0.030315224681421865,0.0,0.0,17.865612648221344,2.3022324562072756,16.600790513833992,4.0,0.4713541511389844,0.08555985002339937,0.35561586080430885
bee3143897334670a86271f9fc5510e7,5,42,"{'data_dir': 'data/gold/datasets/v8/train_val', 'experiment_name': 'ConvNeXt', 'mlflow_uri': 'file:///mlruns', 'dataset_name': 'v8', 'max_epochs': 30, 'batch_size': 32, 'num_workers': 0, 'device': 'auto', 'seed': 42}",30,"{'type': 'AdamW', 'params': {'lr': 0.00042533691513845623, 'weight_decay': 0.04447187319738694}}","{'type': 'CrossEntropyLoss', 'params': {'label_smoothing': 0.16428695690013126}}","[{'class_path': 'src.utils.callbacks.EarlyStopping', 'init_args': {'patience': 7, 'verbose': True}}, {'class_path': 'src.utils.callbacks.ModelCheckpoint', 'init_args': {'filepath': 'best_convnext.pth', 'monitor': 'val_loss', 'save_best_only': True}}]",{'use_augmentation': False},file:///mlruns,IMAGENET1K_V1,"{'type': 'ReduceLROnPlateau', 'params': {'mode': 'min', 'patience': 3, 'factor': 0.11139131645598857, 'min_lr': 1e-07}}",10,convnext,data/gold/datasets/v8/train_val,convnext_tiny,0,ConvNeXt,0.25284394316087355,"{'architecture': 'convnext_tiny', 'pretrained': True, 'unfreeze_layers': 5, 'hidden_units': 512, 'dropout': 0.25284394316087355, 'weights': 'IMAGENET1K_V1'}",{},32,auto,15,v8,512,True,2.102899570470741,25.113613910294408,5.2775912388537074e-06,0.06802721088435375,0.0,0.0,0.35,0.0,0.0,0.04854368932038835,0.11363636363636363,0.0,0.23140495867768596,0.717948717948718,0.0,0.03513513513513514,0.4482758620689655,0.7654867256637168,0.3333333333333333,0.0,0.0,0.0,0.0,0.05063291139240506,0.15902140672782875,0.06516290726817042,0.46442953020134226,0.0,0.0,0.1984732824427481,0.1326530612244898,0.09523809523809523,0.034482758620689655,0.10439644985011981,0.22529644268774704,0.21848636301873142,0.09142866199207056,0.6510798824559056,0.13978027619789643,0.12615856910548745,0.1282188238187709,0.11530128426539388,22.529644268774703,2.147657984495163,19.525691699604746,12.0,0.5677083146314841,0.6069876295825459,0.5794921091168026
dfd1ea29d00c4998a478420e51512ce5,6,42,"{'data_dir': 'data/gold/datasets/v8/train_val', 'experiment_name': 'ConvNeXt', 'mlflow_uri': 'file:///mlruns', 'dataset_name': 'v8', 'max_epochs': 30, 'batch_size': 32, 'num_workers': 0, 'device': 'auto', 'seed': 42}",30,"{'type': 'AdamW', 'params': {'lr': 0.0001815628854771304, 'weight_decay': 0.0302640703111345}}","{'type': 'CrossEntropyLoss', 'params': {'label_smoothing': 0.1464743451940436}}","[{'class_path': 'src.utils.callbacks.EarlyStopping', 'init_args': {'patience': 7, 'verbose': True}}, {'class_path': 'src.utils.callbacks.ModelCheckpoint', 'init_args': {'filepath': 'best_convnext.pth', 'monitor': 'val_loss', 'save_best_only': True}}]",{'use_augmentation': False},file:///mlruns,IMAGENET1K_V1,"{'type': 'ReduceLROnPlateau', 'params': {'mode': 'min', 'patience': 3, 'factor': 0.1610168743828403, 'min_lr': 1e-07}}",10,convnext,data/gold/datasets/v8/train_val,convnext_tiny,0,ConvNeXt,0.24141898675031997,"{'architecture': 'convnext_tiny', 'pretrained': True, 'unfreeze_layers': 6, 'hidden_units': 512, 'dropout': 0.24141898675031997, 'weights': 'IMAGENET1K_V1'}",{},32,auto,15,v8,512,True,2.302763970655265,9.326220114601858,2.9234688323457122e-05,0.0,0.0,0.0,0.0598159509202454,0.0,0.0,0.0,0.0,0.0,0.0308300395256917,1.0,0.0,0.0,0.0,0.0,0.0,0.0,0.0,0.0,0.0,0.0,0.0,0.0,0.0,0.0,0.0,0.0,0.0,0.0,0.0,0.03191801152962864,0.17865612648221343,0.1,0.017865612648221344,0.5062620395915434,0.05416000615020824,0.030315224681421865,0.0,0.0,17.865612648221344,2.307738798856735,3.08300395256917,3.0,0.02604166580878366,0.08555985002339937,0.04389712107316837
5e353c655a7c436f874b36305010e98d,5,42,"{'data_dir': 'data/gold/datasets/v8/train_val', 'experiment_name': 'ConvNeXt', 'mlflow_uri': 'file:///mlruns', 'dataset_name': 'v8', 'max_epochs': 30, 'batch_size': 32, 'num_workers': 0, 'device': 'auto', 'seed': 42}",30,"{'type': 'AdamW', 'params': {'lr': 0.003167361530367189, 'weight_decay': 0.001712552756212754}}","{'type': 'CrossEntropyLoss', 'params': {'label_smoothing': 0.11134735212405891}}","[{'class_path': 'src.utils.callbacks.EarlyStopping', 'init_args': {'patience': 7, 'verbose': True}}, {'class_path': 'src.utils.callbacks.ModelCheckpoint', 'init_args': {'filepath': 'best_convnext.pth', 'monitor': 'val_loss', 'save_best_only': True}}]",{'use_augmentation': False},file:///mlruns,IMAGENET1K_V1,"{'type': 'CosineAnnealingWarmRestarts', 'params': {'T_0': 8, 'T_mult': 1, 'eta_min': 1e-06}}",10,convnext,data/gold/datasets/v8/train_val,convnext_tiny,0,ConvNeXt,0.31602060389016123,"{'architecture': 'convnext_tiny', 'pretrained': True, 'unfreeze_layers': 5, 'hidden_units': 1024, 'dropout': 0.31602060389016123, 'weights': 'IMAGENET1K_V1'}",{},32,auto,15,v8,1024,True,2.3036967151557426,9.18790752815649,0.0025560071813331905,0.0,0.0,0.0,0.0,0.0,0.0,0.0,0.0,0.0,0.0,0.0,0.0,0.0,0.0,0.0,0.0,0.0,0.0,1.0,0.16600790513833993,0.0,0.0,0.0,0.0,0.2847457627118644,0.0,0.0,0.0,0.0,0.0,0.027558624568420065,0.16600790513833993,0.1,0.016600790513833993,0.5039362208679506,0.04727004756481544,0.028474576271186443,0.0,0.0,16.600790513833992,2.3037531465291976,16.600790513833992,2.0,0.4713541511389844,0.08555985002339937,0.35561586080430885
e40f218717b942a893b0bc0ba2b22cc8,5,42,"{'data_dir': 'data/gold/datasets/v8/train_val', 'experiment_name': 'ConvNeXt', 'mlflow_uri': 'file:///mlruns', 'dataset_name': 'v8', 'max_epochs': 30, 'batch_size': 32, 'num_workers': 0, 'device': 'auto', 'seed': 42}",30,"{'type': 'AdamW', 'params': {'lr': 0.0004630604675316116, 'weight_decay': 0.04449006217022086}}","{'type': 'CrossEntropyLoss', 'params': {'label_smoothing': 0.16734291783957175}}","[{'class_path': 'src.utils.callbacks.EarlyStopping', 'init_args': {'patience': 7, 'verbose': True}}, {'class_path': 'src.utils.callbacks.ModelCheckpoint', 'init_args': {'filepath': 'best_convnext.pth', 'monitor': 'val_loss', 'save_best_only': True}}]",{'use_augmentation': False},file:///mlruns,IMAGENET1K_V1,"{'type': 'ReduceLROnPlateau', 'params': {'mode': 'min', 'patience': 3, 'factor': 0.11380050012183107, 'min_lr': 1e-07}}",10,convnext,data/gold/datasets/v8/train_val,convnext_tiny,0,ConvNeXt,0.2051492095765707,"{'architecture': 'convnext_tiny', 'pretrained': True, 'unfreeze_layers': 5, 'hidden_units': 512, 'dropout': 0.2051492095765707, 'weights': 'IMAGENET1K_V1'}",{},32,auto,15,v8,512,True,2.3021025363222645,10.49199762892709,5.269651279174632e-05,0.0,0.0,0.0,0.0598159509202454,0.0,0.0,0.0,0.0,0.0,0.0308300395256917,1.0,0.0,0.0,0.0,0.0,0.0,0.0,0.0,0.0,0.0,0.0,0.0,0.0,0.0,0.0,0.0,0.0,0.0,0.0,0.0,0.03191801152962864,0.17865612648221343,0.1,0.017865612648221344,0.47070615762499174,0.05416000615020824,0.030315224681421865,0.0,0.0,17.865612648221344,2.3054951250553133,3.08300395256917,4.0,0.02604166580878366,0.08555985002339937,0.04389712107316837
0ad076714ef948809429fe35f6ce82e0,6,42,"{'data_dir': 'data/gold/datasets/v8/train_val', 'experiment_name': 'ConvNeXt', 'mlflow_uri': 'file:///mlruns', 'dataset_name': 'v8', 'max_epochs': 30, 'batch_size': 32, 'num_workers': 0, 'device': 'auto', 'seed': 42}",30,"{'type': 'AdamW', 'params': {'lr': 0.00016465351859698522, 'weight_decay': 0.047188743247117755}}","{'type': 'CrossEntropyLoss', 'params': {'label_smoothing': 0.1483319047467314}}","[{'class_path': 'src.utils.callbacks.EarlyStopping', 'init_args': {'patience': 7, 'verbose': True}}, {'class_path': 'src.utils.callbacks.ModelCheckpoint', 'init_args': {'filepath': 'best_convnext.pth', 'monitor': 'val_loss', 'save_best_only': True}}]",{'use_augmentation': False},file:///mlruns,IMAGENET1K_V1,"{'type': 'ReduceLROnPlateau', 'params': {'mode': 'min', 'patience': 3, 'factor': 0.2657724769815869, 'min_lr': 1e-07}}",10,convnext,data/gold/datasets/v8/train_val,convnext_tiny,0,ConvNeXt,0.2874110782379613,"{'architecture': 'convnext_tiny', 'pretrained': True, 'unfreeze_layers': 6, 'hidden_units': 512, 'dropout': 0.2874110782379613, 'weights': 'IMAGENET1K_V1'}",{},32,auto,15,v8,512,True,1.1652900270147537,76.24975301323849,4.3760373481254544e-05,0.09876543209876543,0.1323529411764706,0.34615384615384615,0.09302325581395349,0.14507772020725387,0.18543046357615894,0.10810810810810811,0.09090909090909091,0.19148936170212766,0.5,0.05128205128205128,0.16279069767441862,0.3333333333333333,0.13793103448275862,0.5132743362831859,0.4312267657992565,0.07425742574257425,0.20833333333333334,0.2523809523809524,0.18928571428571428,0.12612612612612611,0.26929982046678635,0.1951219512195122,0.4686868686868687,0.2163265306122449,0.10948905109489052,0.2077562326869806,0.3826530612244898,0.1320754716981132,0.1206896551724138,0.28189093810302496,0.2624505928853755,0.19870029893684749,0.30768917266050644,0.6313962874740027,0.2511277352704276,0.2015897444487079,0.13528122147346133,0.13401937046004841,26.245059288537547,2.3203796446323395,24.743083003952567,12.0,0.739583308969456,0.6357082980286547,0.7084208056872155
9af7545bf1044aebad4ca159e3cde158,5,42,"{'data_dir': 'data/gold/datasets/v8/train_val', 'experiment_name': 'ConvNeXt', 'mlflow_uri': 'file:///mlruns', 'dataset_name': 'v8', 'max_epochs': 30, 'batch_size': 32, 'num_workers': 0, 'device': 'auto', 'seed': 42}",30,"{'type': 'AdamW', 'params': {'lr': 0.0001512966453298432, 'weight_decay': 0.04801395410688496}}","{'type': 'CrossEntropyLoss', 'params': {'label_smoothing': 0.14337055344346322}}","[{'class_path': 'src.utils.callbacks.EarlyStopping', 'init_args': {'patience': 7, 'verbose': True}}, {'class_path': 'src.utils.callbacks.ModelCheckpoint', 'init_args': {'filepath': 'best_convnext.pth', 'monitor': 'val_loss', 'save_best_only': True}}]",{'use_augmentation': False},file:///mlruns,IMAGENET1K_V1,"{'type': 'ReduceLROnPlateau', 'params': {'mode': 'min', 'patience': 3, 'factor': 0.2700163538405026, 'min_lr': 1e-07}}",10,convnext,data/gold/datasets/v8/train_val,convnext_tiny,0,ConvNeXt,0.32708898302380585,"{'architecture': 'convnext_tiny', 'pretrained': True, 'unfreeze_layers': 5, 'hidden_units': 512, 'dropout': 0.32708898302380585, 'weights': 'IMAGENET1K_V1'}",{},32,auto,15,v8,512,True,1.4214914808912114,61.331752618059674,4.085256852026397e-05,0.1523809523809524,0.16176470588235295,0.11827956989247312,0.23333333333333334,0.015544041450777202,0.08823529411764706,0.13114754098360656,0.18181818181818182,0.13664596273291926,0.3333333333333333,0.1794871794871795,0.02643171806167401,0.06666666666666667,0.06896551724137931,0.6637168141592921,0.3712871287128713,0.15841584158415842,0.22695035460992907,0.3761904761904762,0.18990384615384615,0.06557377049180328,0.0,0.06779661016949153,0.47619047619047616,0.2523961661341853,0.18658892128279883,0.0,0.0,0.0625,0.06896551724137931,0.2054470087779868,0.23873517786561266,0.18057795094344248,0.16635483628196046,0.6029655398927124,0.1893999869237452,0.1525648950082744,0.11949224374533342,0.11340939228047298,23.873517786561266,2.267793503403664,23.399209486166008,20.0,0.6953124770945239,0.5714992267465541,0.6581685019901329
a9521b1a6c0947299a6a04a9e384133a,2,42,"{'data_dir': 'data/gold/datasets/v8/train_val', 'experiment_name': 'ConvNeXt', 'mlflow_uri': 'file:///mlruns', 'dataset_name': 'v8', 'max_epochs': 30, 'batch_size': 32, 'num_workers': 0, 'device': 'auto', 'seed': 42}",30,"{'type': 'AdamW', 'params': {'lr': 0.00022058877540748472, 'weight_decay': 0.04992776406864521}}","{'type': 'CrossEntropyLoss', 'params': {'label_smoothing': 0.11396870546856147}}","[{'class_path': 'src.utils.callbacks.EarlyStopping', 'init_args': {'patience': 7, 'verbose': True}}, {'class_path': 'src.utils.callbacks.ModelCheckpoint', 'init_args': {'filepath': 'best_convnext.pth', 'monitor': 'val_loss', 'save_best_only': True}}]","{'use_augmentation': True, 'per_image_aug_method': 'advanced', 'advanced_params': {'p_distort': 0.4848555640971368, 'p_noise': 0.3987435211202641, 'p_dropout': 0.10393079089741068, 'num_holes': 12, 'crop_scale_min': 0.7877333200420435}, 'batch_level_aug_method': 'cutmix', 'mix_alpha': 0.9606704759633649}",file:///mlruns,IMAGENET1K_V1,"{'type': 'ReduceLROnPlateau', 'params': {'mode': 'min', 'patience': 7, 'factor': 0.14206939710730665, 'min_lr': 1e-07}}",10,convnext,data/gold/datasets/v8/train_val,convnext_small,0,ConvNeXt,0.3252274943520279,"{'architecture': 'convnext_small', 'pretrained': True, 'unfreeze_layers': 2, 'hidden_units': 1024, 'dropout': 0.3252274943520279, 'weights': 'IMAGENET1K_V1'}",{},32,auto,15,v8,1024,True,2.284319999636786,12.803793716656788,0.00022058877540748472,0.0,0.0,0.0,0.08585858585858586,0.010362694300518135,0.1,0.0,0.0,0.0,0.0451527224435591,0.8717948717948718,0.018779342723004695,0.02181818181818182,0.20689655172413793,0.24778761061946902,0.33136094674556216,0.04950495049504951,0.23809523809523808,0.0,0.0,0.0,0.0,0.039473684210526314,0.28354430379746837,0.0,0.08196721311475409,0.0,0.0,0.0,0.0,0.20440300513897983,0.18972332015810275,0.17115687193722326,0.15008570215646094,0.5955201099458832,0.12396865743333216,0.09466745878897977,0.08084527121118393,0.06876605622200371,18.972332015810274,2.398683434724808,8.537549407114625,24.0,0.20572915988939097,0.4143334965129974,0.26831046087647287
94777e317668419a9bc7ee1d87dd64fd,4,42,"{'data_dir': 'data/gold/datasets/v8/train_val', 'experiment_name': 'ConvNeXt', 'mlflow_uri': 'file:///mlruns', 'dataset_name': 'v8', 'max_epochs': 30, 'batch_size': 32, 'num_workers': 0, 'device': 'auto', 'seed': 42}",30,"{'type': 'AdamW', 'params': {'lr': 0.0004076144753547868, 'weight_decay': 0.006100095573165618}}","{'type': 'CrossEntropyLoss', 'params': {'label_smoothing': 0.18353937379740654}}","[{'class_path': 'src.utils.callbacks.EarlyStopping', 'init_args': {'patience': 7, 'verbose': True}}, {'class_path': 'src.utils.callbacks.ModelCheckpoint', 'init_args': {'filepath': 'best_convnext.pth', 'monitor': 'val_loss', 'save_best_only': True}}]",{'use_augmentation': False},file:///mlruns,IMAGENET1K_V1,"{'type': 'ReduceLROnPlateau', 'params': {'mode': 'min', 'patience': 4, 'factor': 0.17891898086560748, 'min_lr': 1e-07}}",10,convnext,data/gold/datasets/v8/train_val,convnext_tiny,0,ConvNeXt,0.20431817608798294,"{'architecture': 'convnext_tiny', 'pretrained': True, 'unfreeze_layers': 4, 'hidden_units': 512, 'dropout': 0.20431817608798294, 'weights': 'IMAGENET1K_V1'}",{},32,auto,15,v8,512,True,2.302202283947441,9.83995257854179,7.292996651654772e-05,0.0,0.0,0.0,0.0,0.0,0.0,0.0,0.0,0.0,0.0,0.0,0.0,0.02292490118577075,1.0,0.0,0.0,0.0,0.0,0.0,0.0,0.0,0.0,0.04482225656877898,0.0,0.0,0.0,0.0,0.0,0.0,0.0,0.0028895936508928433,0.05375494071146245,0.1,0.005375494071146245,0.5096904806778753,0.005484375046330753,0.010202550637659414,0.0,0.0,5.375494071146245,2.3084126710891724,2.292490118577075,3.0,0.0,0.08555985002339937,0.02566795500701981
16500c3babf845fc833c477c8b5776fb,6,42,"{'data_dir': 'data/gold/datasets/v8/train_val', 'experiment_name': 'ConvNeXt', 'mlflow_uri': 'file:///mlruns', 'dataset_name': 'v8', 'max_epochs': 30, 'batch_size': 32, 'num_workers': 0, 'device': 'auto', 'seed': 42}",30,"{'type': 'AdamW', 'params': {'lr': 0.0009197898758538102, 'weight_decay': 0.02191631806436194}}","{'type': 'CrossEntropyLoss', 'params': {'label_smoothing': 0.13279853214684623}}","[{'class_path': 'src.utils.callbacks.EarlyStopping', 'init_args': {'patience': 7, 'verbose': True}}, {'class_path': 'src.utils.callbacks.ModelCheckpoint', 'init_args': {'filepath': 'best_convnext.pth', 'monitor': 'val_loss', 'save_best_only': True}}]",{'use_augmentation': False},file:///mlruns,IMAGENET1K_V1,"{'type': 'CosineAnnealingWarmRestarts', 'params': {'T_0': 11, 'T_mult': 1, 'eta_min': 1e-06}}",10,convnext,data/gold/datasets/v8/train_val,convnext_tiny,0,ConvNeXt,0.27061113638784234,"{'architecture': 'convnext_tiny', 'pretrained': True, 'unfreeze_layers': 6, 'hidden_units': 512, 'dropout': 0.27061113638784234, 'weights': 'IMAGENET1K_V1'}",{},32,auto,15,v8,512,True,2.3019300453089557,10.709345979055522,0.0008239831775481563,0.0,0.0,0.0,0.0,0.0,0.0,0.0,0.0,0.0,0.0,0.0,0.0,0.0,0.0,0.0,0.0,0.0,0.0,1.0,0.16600790513833993,0.0,0.0,0.0,0.0,0.2847457627118644,0.0,0.0,0.0,0.0,0.0,0.027558624568420065,0.16600790513833993,0.1,0.016600790513833993,0.46890448029488513,0.04727004756481544,0.028474576271186443,0.0,0.0,16.600790513833992,2.3055129528045653,16.600790513833992,3.0,0.4713541511389844,0.08555985002339937,0.35561586080430885
f772d9f11efb40aebe843faacb605bee,3,42,"{'data_dir': 'data/gold/datasets/v8/train_val', 'experiment_name': 'ConvNeXt', 'mlflow_uri': 'file:///mlruns', 'dataset_name': 'v8', 'max_epochs': 30, 'batch_size': 32, 'num_workers': 0, 'device': 'auto', 'seed': 42}",30,"{'type': 'AdamW', 'params': {'lr': 0.0036045677687293115, 'weight_decay': 0.043168711384296114}}","{'type': 'CrossEntropyLoss', 'params': {'label_smoothing': 0.13008783098167698}}","[{'class_path': 'src.utils.callbacks.EarlyStopping', 'init_args': {'patience': 7, 'verbose': True}}, {'class_path': 'src.utils.callbacks.ModelCheckpoint', 'init_args': {'filepath': 'best_convnext.pth', 'monitor': 'val_loss', 'save_best_only': True}}]","{'use_augmentation': True, 'per_image_aug_method': 'none', 'batch_level_aug_method': 'cutmix', 'mix_alpha': 0.5339288025190232}",file:///mlruns,IMAGENET1K_V1,"{'type': 'ReduceLROnPlateau', 'params': {'mode': 'min', 'patience': 4, 'factor': 0.29889940235695417, 'min_lr': 1e-07}}",10,convnext,data/gold/datasets/v8/train_val,convnext_small,0,ConvNeXt,0.3090888807137882,"{'architecture': 'convnext_small', 'pretrained': True, 'unfreeze_layers': 3, 'hidden_units': 1024, 'dropout': 0.3090888807137882, 'weights': 'IMAGENET1K_V1'}",{},32,auto,15,v8,1024,True,2.302691073079421,10.096818810511756,0.001077403151828331,0.0,0.0,0.0,0.0,0.0,0.0,0.0,0.0,0.0,0.0,0.0,0.0,0.0,0.0,1.0,0.17865612648221343,0.0,0.0,0.0,0.0,0.0,0.0,0.0,0.30315224681421865,0.0,0.0,0.0,0.0,0.0,0.0,0.03191801152962864,0.17865612648221343,0.1,0.017865612648221344,0.5,0.05416000615020824,0.030315224681421865,0.0,0.0,17.865612648221344,2.30542810857296,17.865612648221344,5.0,0.5130208164330382,0.08555985002339937,0.3847825265101465
3d61ab2b592a4789a22572f616286d18,6,42,"{'data_dir': 'data/gold/datasets/v8/train_val', 'experiment_name': 'ConvNeXt', 'mlflow_uri': 'file:///mlruns', 'dataset_name': 'v8', 'max_epochs': 30, 'batch_size': 32, 'num_workers': 0, 'device': 'auto', 'seed': 42}",30,"{'type': 'AdamW', 'params': {'lr': 0.00014138634051469166, 'weight_decay': 0.02418823071973819}}","{'type': 'CrossEntropyLoss', 'params': {'label_smoothing': 0.17802021255575398}}","[{'class_path': 'src.utils.callbacks.EarlyStopping', 'init_args': {'patience': 7, 'verbose': True}}, {'class_path': 'src.utils.callbacks.ModelCheckpoint', 'init_args': {'filepath': 'best_convnext.pth', 'monitor': 'val_loss', 'save_best_only': True}}]",{'use_augmentation': False},file:///mlruns,IMAGENET1K_V1,"{'type': 'ReduceLROnPlateau', 'params': {'mode': 'min', 'patience': 3, 'factor': 0.15764789059679593, 'min_lr': 1e-07}}",10,convnext,data/gold/datasets/v8/train_val,convnext_tiny,0,ConvNeXt,0.3016035090163371,"{'architecture': 'convnext_tiny', 'pretrained': True, 'unfreeze_layers': 6, 'hidden_units': 512, 'dropout': 0.3016035090163371, 'weights': 'IMAGENET1K_V1'}",{},32,auto,15,v8,512,True,1.1128290517601989,83.73839162220905,2.2289258341341446e-05,0.15789473684210525,0.07352941176470588,0.11904761904761904,0.09090909090909091,0.17616580310880828,0.1827956989247312,0.1875,0.13636363636363635,0.09090909090909091,0.4,0.05128205128205128,0.17941952506596306,0.0,0.0,0.3584070796460177,0.45,0.26732673267326734,0.2488479262672811,0.37142857142857144,0.22674418604651161,0.05405405405405406,0.2798165137614679,0.0,0.39901477832512317,0.2815884476534296,0.2577565632458234,0.25416666666666665,0.3112244897959184,0.125,0.034482758620689655,0.2560276955178941,0.25533596837944667,0.17802105346836664,0.21941020969528097,0.6266924248657262,0.24558064901406595,0.1791362800766148,0.12184698528073658,0.12060655661487807,25.533596837944668,2.436735659837723,25.533596837944668,14.0,0.7656249747782399,0.5810752594512092,0.7102600601801307
f720b523374a470492fd9c37991d15a8,2,42,"{'data_dir': 'data/gold/datasets/v8/train_val', 'experiment_name': 'ConvNeXt', 'mlflow_uri': 'file:///mlruns', 'dataset_name': 'v8', 'max_epochs': 30, 'batch_size': 32, 'num_workers': 0, 'device': 'auto', 'seed': 42}",30,"{'type': 'AdamW', 'params': {'lr': 0.0018109188689295612, 'weight_decay': 0.0021839352923182973}}","{'type': 'CrossEntropyLoss', 'params': {'label_smoothing': 0.10464504127199978}}","[{'class_path': 'src.utils.callbacks.EarlyStopping', 'init_args': {'patience': 7, 'verbose': True}}, {'class_path': 'src.utils.callbacks.ModelCheckpoint', 'init_args': {'filepath': 'best_convnext.pth', 'monitor': 'val_loss', 'save_best_only': True}}]","{'use_augmentation': True, 'per_image_aug_method': 'basic', 'basic_params': {'n_augments': 3, 'rotation_range': 27, 'horizontal_flip_prob': 0.7080725777960455, 'brightness_range': 0.006175348288740734, 'contrast_range': 0.29097295564859826, 'width_shift_range': 0.16648852816008436}, 'batch_level_aug_method': 'cutmix', 'mix_alpha': 0.4433937943676302}",file:///mlruns,IMAGENET1K_V1,"{'type': 'ReduceLROnPlateau', 'params': {'mode': 'min', 'patience': 6, 'factor': 0.336965827544817, 'min_lr': 1e-07}}",10,convnext,data/gold/datasets/v8/train_val,convnext_small,0,ConvNeXt,0.3368209952651108,"{'architecture': 'convnext_small', 'pretrained': True, 'unfreeze_layers': 2, 'hidden_units': 1024, 'dropout': 0.3368209952651108, 'weights': 'IMAGENET1K_V1'}",{},32,auto,15,v8,1024,True,2.3023634292325164,9.859711519462557,0.0018109188689295612,0.0,0.0,0.0,0.0,0.0,0.0,0.0,0.0,0.0,0.0,0.0,0.0,0.0,0.0,0.0,0.0,0.0,0.0,1.0,0.16600790513833993,0.0,0.0,0.0,0.0,0.2847457627118644,0.0,0.0,0.0,0.0,0.0,0.027558624568420065,0.16600790513833993,0.1,0.016600790513833993,0.5043251760049741,0.04727004756481544,0.028474576271186443,0.0,0.0,16.600790513833992,2.3074690759181977,16.600790513833992,1.0,0.4713541511389844,0.08555985002339937,0.35561586080430885
0fdf2bf60ca546b8b785a6b6070c376c,5,42,"{'data_dir': 'data/gold/datasets/v8/train_val', 'experiment_name': 'ConvNeXt', 'mlflow_uri': 'file:///mlruns', 'dataset_name': 'v8', 'max_epochs': 30, 'batch_size': 32, 'num_workers': 0, 'device': 'auto', 'seed': 42}",30,"{'type': 'AdamW', 'params': {'lr': 0.0003236829026661227, 'weight_decay': 0.010976971751741851}}","{'type': 'CrossEntropyLoss', 'params': {'label_smoothing': 0.14224342922934818}}","[{'class_path': 'src.utils.callbacks.EarlyStopping', 'init_args': {'patience': 7, 'verbose': True}}, {'class_path': 'src.utils.callbacks.ModelCheckpoint', 'init_args': {'filepath': 'best_convnext.pth', 'monitor': 'val_loss', 'save_best_only': True}}]",{'use_augmentation': False},file:///mlruns,IMAGENET1K_V1,"{'type': 'CosineAnnealingWarmRestarts', 'params': {'T_0': 5, 'T_mult': 1, 'eta_min': 1e-06}}",10,convnext,data/gold/datasets/v8/train_val,convnext_tiny,0,ConvNeXt,0.4799049632546824,"{'architecture': 'convnext_tiny', 'pretrained': True, 'unfreeze_layers': 5, 'hidden_units': 512, 'dropout': 0.4799049632546824, 'weights': 'IMAGENET1K_V1'}",{},32,auto,15,v8,512,True,2.3029507968859626,10.215372456036356,0.00018183791870360133,0.0,0.0,0.0,0.0,1.0,0.15256916996047432,0.0,0.0,0.0,0.0,0.0,0.26474622770919065,0.0,0.0,0.0,0.0,0.0,0.0,0.0,0.0,0.0,0.0,0.0,0.0,0.0,0.0,0.0,0.0,0.0,0.0,0.027558624568420065,0.16600790513833993,0.1,0.016600790513833993,0.507186886286006,0.04727004756481544,0.028474576271186443,0.0,0.0,16.600790513833992,2.309492218494415,15.256916996047432,1.0,0.42708331926405213,0.08555985002339937,0.32462627849185627
24a7d35c41714c6e8660970f0ed99285,6,42,"{'data_dir': 'data/gold/datasets/v8/train_val', 'experiment_name': 'ConvNeXt', 'mlflow_uri': 'file:///mlruns', 'dataset_name': 'v8', 'max_epochs': 30, 'batch_size': 32, 'num_workers': 0, 'device': 'auto', 'seed': 42}",30,"{'type': 'AdamW', 'params': {'lr': 0.0002081394693685677, 'weight_decay': 0.0010218376758008086}}","{'type': 'CrossEntropyLoss', 'params': {'label_smoothing': 0.17290071680409874}}","[{'class_path': 'src.utils.callbacks.EarlyStopping', 'init_args': {'patience': 7, 'verbose': True}}, {'class_path': 'src.utils.callbacks.ModelCheckpoint', 'init_args': {'filepath': 'best_convnext.pth', 'monitor': 'val_loss', 'save_best_only': True}}]","{'use_augmentation': True, 'per_image_aug_method': 'basic', 'basic_params': {'n_augments': 3, 'rotation_range': 27, 'horizontal_flip_prob': 0.9218742350231168, 'brightness_range': 0.02654775061557585, 'contrast_range': 0.058794858725743554, 'width_shift_range': 0.009045457782107613}, 'batch_level_aug_method': 'mixup', 'mix_alpha': 0.8629900073215435}",file:///mlruns,IMAGENET1K_V1,"{'type': 'ReduceLROnPlateau', 'params': {'mode': 'min', 'patience': 7, 'factor': 0.38274293753904687, 'min_lr': 1e-07}}",10,convnext,data/gold/datasets/v8/train_val,convnext_tiny,0,ConvNeXt,0.4316734307889972,"{'architecture': 'convnext_tiny', 'pretrained': True, 'unfreeze_layers': 6, 'hidden_units': 1024, 'dropout': 0.4316734307889972, 'weights': 'IMAGENET1K_V1'}",{},32,auto,15,v8,1024,True,2.3037665783946775,9.66212211025489,0.0002081394693685677,0.0,0.0,0.0,0.0,0.0,0.0,0.0,0.0,0.0,0.0,0.0,0.0,0.0,0.0,0.0,0.0,0.0,0.0,0.0,0.0,0.08767951625094482,0.0,0.0,0.0,0.0,0.0,0.0,0.0,0.0458498023715415,1.0,0.027558624568420065,0.16600790513833993,0.1,0.016600790513833993,0.4960949799560067,0.04727004756481544,0.028474576271186443,0.0,0.0,16.600790513833992,2.306845471262932,4.58498023715415,1.0,0.07552083084547263,0.08555985002339937,0.07853253659885065
9b68bae60ec24e8e93c7f3c82fe0a4a0,4,42,"{'data_dir': 'data/gold/datasets/v8/train_val', 'experiment_name': 'ConvNeXt', 'mlflow_uri': 'file:///mlruns', 'dataset_name': 'v8', 'max_epochs': 30, 'batch_size': 32, 'num_workers': 0, 'device': 'auto', 'seed': 42}",30,"{'type': 'AdamW', 'params': {'lr': 0.00018766505649780668, 'weight_decay': 0.03337488426793878}}","{'type': 'CrossEntropyLoss', 'params': {'label_smoothing': 0.17683721204811212}}","[{'class_path': 'src.utils.callbacks.EarlyStopping', 'init_args': {'patience': 7, 'verbose': True}}, {'class_path': 'src.utils.callbacks.ModelCheckpoint', 'init_args': {'filepath': 'best_convnext.pth', 'monitor': 'val_loss', 'save_best_only': True}}]",{'use_augmentation': False},file:///mlruns,IMAGENET1K_V1,"{'type': 'ReduceLROnPlateau', 'params': {'mode': 'min', 'patience': 3, 'factor': 0.21133493651249324, 'min_lr': 1e-07}}",10,convnext,data/gold/datasets/v8/train_val,convnext_tiny,0,ConvNeXt,0.42523208957789493,"{'architecture': 'convnext_tiny', 'pretrained': True, 'unfreeze_layers': 4, 'hidden_units': 512, 'dropout': 0.42523208957789493, 'weights': 'IMAGENET1K_V1'}",{},32,auto,15,v8,512,True,2.302974667103482,9.820193637621024,3.966018280057743e-05,0.0,0.0,0.0,0.0,0.0,0.0,0.0,0.0,0.0,0.0,0.0,0.0,0.02292490118577075,1.0,0.0,0.0,0.0,0.0,0.0,0.0,0.0,0.0,0.04482225656877898,0.0,0.0,0.0,0.0,0.0,0.0,0.0,0.027558624568420065,0.16600790513833993,0.1,0.016600790513833993,0.5239947622185412,0.04727004756481544,0.028474576271186443,0.0,0.0,16.600790513833992,2.3087962865829468,2.292490118577075,3.0,0.0,0.08555985002339937,0.02566795500701981
f3d5cfa77b374816ad95521095a5fb12,4,42,"{'data_dir': 'data/gold/datasets/v8/train_val', 'experiment_name': 'ConvNeXt', 'mlflow_uri': 'file:///mlruns', 'dataset_name': 'v8', 'max_epochs': 30, 'batch_size': 32, 'num_workers': 0, 'device': 'auto', 'seed': 42}",30,"{'type': 'AdamW', 'params': {'lr': 0.00011270645161863764, 'weight_decay': 0.03149993511761913}}","{'type': 'CrossEntropyLoss', 'params': {'label_smoothing': 0.16466764988471896}}","[{'class_path': 'src.utils.callbacks.EarlyStopping', 'init_args': {'patience': 7, 'verbose': True}}, {'class_path': 'src.utils.callbacks.ModelCheckpoint', 'init_args': {'filepath': 'best_convnext.pth', 'monitor': 'val_loss', 'save_best_only': True}}]",{'use_augmentation': False},file:///mlruns,IMAGENET1K_V1,"{'type': 'ReduceLROnPlateau', 'params': {'mode': 'min', 'patience': 6, 'factor': 0.10051893704501788, 'min_lr': 1e-07}}",10,convnext,data/gold/datasets/v8/train_val,convnext_tiny,0,ConvNeXt,0.34813477989232866,"{'architecture': 'convnext_tiny', 'pretrained': True, 'unfreeze_layers': 4, 'hidden_units': 512, 'dropout': 0.34813477989232866, 'weights': 'IMAGENET1K_V1'}",{},32,auto,15,v8,512,True,2.2974986961721267,10.84765856550089,0.00011270645161863764,0.0,0.8676470588235294,0.06165099268547544,0.055944055944055944,0.0,0.0,0.0,0.0,0.1151219512195122,0.038461538461538464,0.10256410256410256,0.0,0.0,0.0,0.252212389380531,0.33727810650887574,0.0,0.0,0.014285714285714285,0.08571428571428572,0.0,0.0,0.0,0.28860759493670884,0.024489795918367346,0.0,0.0,0.0,0.0,0.0,0.027558624568420065,0.16600790513833993,0.1,0.016600790513833993,0.5545038750625448,0.04727004756481544,0.028474576271186443,0.0,0.0,16.600790513833992,2.322253370285034,9.723320158102766,2.0,0.2447916586025664,0.08555985002339937,0.1970221160288163
e68db5ec3ae44f1d8cde9ab8055ee681,2,42,"{'data_dir': 'data/gold/datasets/v8/train_val', 'experiment_name': 'ConvNeXt', 'mlflow_uri': 'file:///mlruns', 'dataset_name': 'v8', 'max_epochs': 30, 'batch_size': 32, 'num_workers': 0, 'device': 'auto', 'seed': 42}",30,"{'type': 'AdamW', 'params': {'lr': 0.000349257759856508, 'weight_decay': 0.003920095005479951}}","{'type': 'CrossEntropyLoss', 'params': {'label_smoothing': 0.18971102599525771}}","[{'class_path': 'src.utils.callbacks.EarlyStopping', 'init_args': {'patience': 7, 'verbose': True}}, {'class_path': 'src.utils.callbacks.ModelCheckpoint', 'init_args': {'filepath': 'best_convnext.pth', 'monitor': 'val_loss', 'save_best_only': True}}]",{'use_augmentation': False},file:///mlruns,IMAGENET1K_V1,"{'type': 'CosineAnnealingWarmRestarts', 'params': {'T_0': 12, 'T_mult': 1, 'eta_min': 1e-06}}",10,convnext,data/gold/datasets/v8/train_val,convnext_tiny,0,ConvNeXt,0.3899304371819804,"{'architecture': 'convnext_tiny', 'pretrained': True, 'unfreeze_layers': 2, 'hidden_units': 1024, 'dropout': 0.3899304371819804, 'weights': 'IMAGENET1K_V1'}",{},32,auto,15,v8,1024,True,2.302960646244359,10.294408219719424,0.00031854075786591127,0.0,0.0,0.0,0.0598159509202454,0.0,0.0,0.0,0.0,0.0,0.0308300395256917,1.0,0.0,0.0,0.0,0.0,0.0,0.0,0.0,0.0,0.0,0.0,0.0,0.0,0.0,0.0,0.0,0.0,0.0,0.0,0.0,0.03191801152962864,0.17865612648221343,0.1,0.017865612648221344,0.5319391952414418,0.05416000615020824,0.030315224681421865,0.0,0.0,17.865612648221344,2.3086198955774306,3.08300395256917,1.0,0.02604166580878366,0.08555985002339937,0.04389712107316837
1a4c34d469074c5f970813c6931ed56c,3,42,"{'data_dir': 'data/gold/datasets/v8/train_val', 'experiment_name': 'ConvNeXt', 'mlflow_uri': 'file:///mlruns', 'dataset_name': 'v8', 'max_epochs': 30, 'batch_size': 32, 'num_workers': 0, 'device': 'auto', 'seed': 42}",30,"{'type': 'AdamW', 'params': {'lr': 0.0011247682358221226, 'weight_decay': 0.018288758703896978}}","{'type': 'CrossEntropyLoss', 'params': {'label_smoothing': 0.13939989695768326}}","[{'class_path': 'src.utils.callbacks.EarlyStopping', 'init_args': {'patience': 7, 'verbose': True}}, {'class_path': 'src.utils.callbacks.ModelCheckpoint', 'init_args': {'filepath': 'best_convnext.pth', 'monitor': 'val_loss', 'save_best_only': True}}]",{'use_augmentation': False},file:///mlruns,IMAGENET1K_V1,"{'type': 'ReduceLROnPlateau', 'params': {'mode': 'min', 'patience': 5, 'factor': 0.21147603084307676, 'min_lr': 1e-07}}",10,convnext,data/gold/datasets/v8/train_val,convnext_tiny,0,ConvNeXt,0.23120073062115984,"{'architecture': 'convnext_tiny', 'pretrained': True, 'unfreeze_layers': 3, 'hidden_units': 512, 'dropout': 0.23120073062115984, 'weights': 'IMAGENET1K_V1'}",{},32,auto,15,v8,512,True,2.3024270197686127,10.887176447342423,0.00023786152213003224,0.0,0.0,0.0,0.0,0.0,0.0,0.0,0.0,0.0,0.0,0.0,0.0,0.02292490118577075,1.0,0.0,0.0,0.0,0.0,0.0,0.0,0.0,0.0,0.04482225656877898,0.0,0.0,0.0,0.0,0.0,0.0,0.0,0.027558624568420065,0.16600790513833993,0.1,0.016600790513833993,0.4907615444167175,0.04727004756481544,0.028474576271186443,0.0,0.0,16.600790513833992,2.301400238275528,2.292490118577075,7.0,0.0,0.08555985002339937,0.02566795500701981
b167a1e7ba81481abb885369fcd50e97,2,42,"{'data_dir': 'data/gold/datasets/v8/train_val', 'experiment_name': 'SwinTransformer', 'mlflow_uri': 'file:///mlruns', 'dataset_name': 'v8', 'max_epochs': 30, 'batch_size': 32, 'num_workers': 0, 'device': 'auto', 'seed': 42}",30,"{'type': 'AdamW', 'params': {'lr': 6.30275100831773e-05, 'weight_decay': 0.04431177672516051}}","{'type': 'CrossEntropyLoss', 'params': {'label_smoothing': 0.04536605357502875}}","[{'class_path': 'src.utils.callbacks.EarlyStopping', 'init_args': {'patience': 15, 'verbose': True}}, {'class_path': 'src.utils.callbacks.ModelCheckpoint', 'init_args': {'filepath': 'best_swin.pth', 'monitor': 'val_loss', 'save_best_only': True}}]",{'use_augmentation': False},file:///mlruns,IMAGENET1K_V1,"{'type': 'CosineAnnealingWarmRestarts', 'params': {'T_0': 13, 'T_mult': 1, 'eta_min': 1e-06}}",10,swin,data/gold/datasets/v8/train_val,swin_t,0,SwinTransformer,0.06547981148922095,"{'architecture': 'swin_t', 'pretrained': True, 'unfreeze_layers': 2, 'hidden_units': 512, 'dropout': 0.06547981148922095, 'weights': 'IMAGENET1K_V1'}",{},32,auto,15,v8,512,True,2.078286308706148,24.086148982414542,5.9185089202108296e-05,0.16981132075471697,0.17647058823529413,0.15584415584415584,0.28,0.015544041450777202,0.14285714285714285,0.14516129032258066,0.20454545454545456,0.16551724137931034,0.22950819672131148,0.358974358974359,0.028037383177570093,0.09615384615384616,0.1724137931034483,0.7123893805309734,0.3292433537832311,0.09405940594059406,0.1532258064516129,0.02857142857142857,0.18181818181818182,0.16993464052287582,0.2550335570469799,0.12345679012345678,0.45034965034965035,0.04938271604938271,0.1165644171779141,0.22709163346613545,0.29081632653061223,0.1368421052631579,0.22413793103448276,0.199434340283239,0.23636363636363636,0.22779227089174242,0.17977457126813562,0.6635472738178125,0.18511978050965755,0.1808087716581857,0.12559950795582436,0.1190471212718699,23.636363636363637,2.064553475379944,23.636363636363637,29.0,0.703124976837159,0.5963356518642765,0.6710881793452943
569af2ac15ad4439b57cd1e52d31a7dd,3,42,"{'data_dir': 'data/gold/datasets/v8/train_val', 'experiment_name': 'SwinTransformer', 'mlflow_uri': 'file:///mlruns', 'dataset_name': 'v8', 'max_epochs': 30, 'batch_size': 32, 'num_workers': 0, 'device': 'auto', 'seed': 42}",30,"{'type': 'AdamW', 'params': {'lr': 1.8382656203660394e-05, 'weight_decay': 0.04217046398634518}}","{'type': 'CrossEntropyLoss', 'params': {'label_smoothing': 0.06266003019192559}}","[{'class_path': 'src.utils.callbacks.EarlyStopping', 'init_args': {'patience': 15, 'verbose': True}}, {'class_path': 'src.utils.callbacks.ModelCheckpoint', 'init_args': {'filepath': 'best_swin.pth', 'monitor': 'val_loss', 'save_best_only': True}}]",{'use_augmentation': False},file:///mlruns,IMAGENET1K_V1,"{'type': 'CosineAnnealingWarmRestarts', 'params': {'T_0': 15, 'T_mult': 1, 'eta_min': 1e-06}}",10,swin,data/gold/datasets/v8/train_val,swin_t,0,SwinTransformer,0.05905851664187502,"{'architecture': 'swin_t', 'pretrained': True, 'unfreeze_layers': 3, 'hidden_units': 512, 'dropout': 0.05905851664187502, 'weights': 'IMAGENET1K_V1'}",{},32,auto,15,v8,512,True,2.2004559673685447,19.284726338668246,1.7504777937218462e-05,0.03773584905660377,0.25,0.12781954887218044,0.15151515151515152,0.10362694300518134,0.2597402597402597,0.1111111111111111,0.022727272727272728,0.1691542288557214,0.18518518518518517,0.1282051282051282,0.14814814814814814,0.07954545454545454,0.2413793103448276,0.7035398230088495,0.25562700964630225,0.07425742574257425,0.21428571428571427,0.10476190476190476,0.3188405797101449,0.05,0.18604651162790697,0.11965811965811966,0.375,0.15770609318996415,0.11029411764705882,0.21621621621621623,0.16326530612244897,0.09090909090909091,0.034482758620689655,0.22838306292657892,0.22134387351778656,0.1826245872538877,0.18592801702216596,0.6383804181280545,0.18232999328546778,0.15052582196986744,0.10083431514475888,0.09236957444933214,22.134387351778656,2.0981246054172518,22.134387351778656,29.0,0.65364581180047,0.49562298649089825,0.6062389642075985
4df704118c884ab180c894080049a796,3,42,"{'data_dir': 'data/gold/datasets/v8/train_val', 'experiment_name': 'SwinTransformer', 'mlflow_uri': 'file:///mlruns', 'dataset_name': 'v8', 'max_epochs': 30, 'batch_size': 32, 'num_workers': 0, 'device': 'auto', 'seed': 42}",30,"{'type': 'AdamW', 'params': {'lr': 0.00016546792209949445, 'weight_decay': 0.013725271504644188}}","{'type': 'CrossEntropyLoss', 'params': {'label_smoothing': 0.011347352124058907}}","[{'class_path': 'src.utils.callbacks.EarlyStopping', 'init_args': {'patience': 15, 'verbose': True}}, {'class_path': 'src.utils.callbacks.ModelCheckpoint', 'init_args': {'filepath': 'best_swin.pth', 'monitor': 'val_loss', 'save_best_only': True}}]",{'use_augmentation': False},file:///mlruns,IMAGENET1K_V1,"{'type': 'CosineAnnealingWarmRestarts', 'params': {'T_0': 8, 'T_mult': 1, 'eta_min': 1e-06}}",10,swin,data/gold/datasets/v8/train_val,swin_t,0,SwinTransformer,0.11602060389016122,"{'architecture': 'swin_t', 'pretrained': True, 'unfreeze_layers': 3, 'hidden_units': 512, 'dropout': 0.11602060389016122, 'weights': 'IMAGENET1K_V1'}",{},32,auto,15,v8,512,True,1.9778881863486835,28.136731871171705,0.00013821256723225864,0.0449438202247191,0.4264705882352941,0.09698996655518395,0.2692307692307692,0.015544041450777202,0.13043478260869565,0.029850746268656716,0.09090909090909091,0.15803814713896458,0.1794871794871795,0.5384615384615384,0.027777777777777776,0.043478260869565216,0.06896551724137931,0.4823008849557522,0.3263473053892216,0.19801980198019803,0.17167381974248927,0.01904761904761905,0.17391304347826086,0.12727272727272726,0.0,0.05333333333333334,0.3892857142857143,0.034334763948497854,0.1839080459770115,0.0,0.0,0.1346153846153846,0.1206896551724138,0.24345775302352854,0.2134387351778656,0.18177151991973442,0.26229409292581796,0.6386411725623036,0.17685158095933112,0.1523017212174911,0.08953988184125564,0.08430897674388182,21.34387351778656,2.1518526643514635,17.31225296442688,6.0,0.4947916503668897,0.44969188914166175,0.48126172199932127
a6e226c8e70b4bc388e01f5fb545527b,1,42,"{'data_dir': 'data/gold/datasets/v8/train_val', 'experiment_name': 'SwinTransformer', 'mlflow_uri': 'file:///mlruns', 'dataset_name': 'v8', 'max_epochs': 30, 'batch_size': 32, 'num_workers': 0, 'device': 'auto', 'seed': 42}",30,"{'type': 'AdamW', 'params': {'lr': 4.741491997291533e-05, 'weight_decay': 0.030972672925475765}}","{'type': 'CrossEntropyLoss', 'params': {'label_smoothing': 0.03933029874173751}}","[{'class_path': 'src.utils.callbacks.EarlyStopping', 'init_args': {'patience': 15, 'verbose': True}}, {'class_path': 'src.utils.callbacks.ModelCheckpoint', 'init_args': {'filepath': 'best_swin.pth', 'monitor': 'val_loss', 'save_best_only': True}}]",{'use_augmentation': False},file:///mlruns,IMAGENET1K_V1,"{'type': 'CosineAnnealingWarmRestarts', 'params': {'T_0': 15, 'T_mult': 1, 'eta_min': 1e-06}}",10,swin,data/gold/datasets/v8/train_val,swin_t,0,SwinTransformer,0.07302805666751724,"{'architecture': 'swin_t', 'pretrained': True, 'unfreeze_layers': 1, 'hidden_units': 512, 'dropout': 0.07302805666751724, 'weights': 'IMAGENET1K_V1'}",{},32,auto,15,v8,512,True,2.0563648094704114,25.311203319502074,4.5103998414804376e-05,0.06965174129353234,0.20588235294117646,0.14736842105263157,0.296875,0.05699481865284974,0.11,0.044585987261146494,0.1590909090909091,0.17177914110429449,0.21348314606741572,0.48717948717948717,0.07508532423208192,0.050314465408805034,0.27586206896551724,0.5929203539823009,0.35170603674540685,0.12871287128712872,0.19548872180451127,0.004761904761904762,0.2,0.08092485549132948,0.03524229074889868,0.0851063829787234,0.4415156507413509,0.009302325581395349,0.15522388059701492,0.12903225806451613,0.02040816326530612,0.06086956521739131,0.1206896551724138,0.21174728010905225,0.2134387351778656,0.21780684637517433,0.1721280152891005,0.645747683299359,0.1754395134068253,0.16064309393355064,0.10677828366431857,0.10147719882612194,21.34387351778656,2.1793008387088775,18.26086956521739,13.0,0.52604164933743,0.5197953366545857,0.5241677555325767
098eb446fba04bd7b7d7a469ced2a7cb,1,42,"{'data_dir': 'data/gold/datasets/v8/train_val', 'experiment_name': 'SwinTransformer', 'mlflow_uri': 'file:///mlruns', 'dataset_name': 'v8', 'max_epochs': 30, 'batch_size': 32, 'num_workers': 0, 'device': 'auto', 'seed': 42}",30,"{'type': 'AdamW', 'params': {'lr': 0.00010508421338691765, 'weight_decay': 0.015837031559118753}}","{'type': 'CrossEntropyLoss', 'params': {'label_smoothing': 0.0046450412719997725}}","[{'class_path': 'src.utils.callbacks.EarlyStopping', 'init_args': {'patience': 15, 'verbose': True}}, {'class_path': 'src.utils.callbacks.ModelCheckpoint', 'init_args': {'filepath': 'best_swin.pth', 'monitor': 'val_loss', 'save_best_only': True}}]","{'use_augmentation': True, 'per_image_aug_method': 'basic', 'basic_params': {'n_augments': 3, 'rotation_range': 27, 'horizontal_flip_prob': 0.7080725777960455, 'brightness_range': 0.006175348288740734, 'contrast_range': 0.29097295564859826, 'width_shift_range': 0.16648852816008436}, 'batch_level_aug_method': 'cutmix', 'mix_alpha': 0.4433937943676302}",file:///mlruns,IMAGENET1K_V1,"{'type': 'ReduceLROnPlateau', 'params': {'mode': 'min', 'patience': 6, 'factor': 0.336965827544817, 'min_lr': 1e-07}}",10,swin,data/gold/datasets/v8/train_val,swin_s,0,SwinTransformer,0.13682099526511077,"{'architecture': 'swin_s', 'pretrained': True, 'unfreeze_layers': 1, 'hidden_units': 512, 'dropout': 0.13682099526511077, 'weights': 'IMAGENET1K_V1'}",{},32,auto,15,v8,512,True,2.29278592520659,11.32187314759929,1.1931888828575844e-05,0.056338028169014086,0.38235294117647056,0.09059233449477352,0.08823529411764706,0.0,0.0,0.04081632653061224,0.09090909090909091,0.14647887323943662,0.061855670103092786,0.15384615384615385,0.0,0.0,0.0,0.2610619469026549,0.21299638989169675,0.22772277227722773,0.16140350877192983,0.01904761904761905,0.21052631578947367,0.06282722513089005,0.0,0.0,0.2345924453280318,0.034934497816593885,0.188911704312115,0.0,0.0,0.045112781954887216,0.10344827586206896,0.14848482861413387,0.12885375494071147,0.13378557068693347,0.10179016218850283,0.5699143483706985,0.10378379149439847,0.08060879243490009,0.04767923724773064,0.04318282433448084,12.885375494071146,2.270984944701195,11.936758893280633,17.0,0.3177083228671608,0.27945711150738994,0.3062329594592295
833899bed41b4047ac333444a011fe43,2,42,"{'data_dir': 'data/gold/datasets/v8/train_val', 'experiment_name': 'SwinTransformer', 'mlflow_uri': 'file:///mlruns', 'dataset_name': 'v8', 'max_epochs': 30, 'batch_size': 32, 'num_workers': 0, 'device': 'auto', 'seed': 42}",30,"{'type': 'AdamW', 'params': {'lr': 0.00018378820614214754, 'weight_decay': 0.09171646234807425}}","{'type': 'CrossEntropyLoss', 'params': {'label_smoothing': 0.03008783098167697}}","[{'class_path': 'src.utils.callbacks.EarlyStopping', 'init_args': {'patience': 15, 'verbose': True}}, {'class_path': 'src.utils.callbacks.ModelCheckpoint', 'init_args': {'filepath': 'best_swin.pth', 'monitor': 'val_loss', 'save_best_only': True}}]","{'use_augmentation': True, 'per_image_aug_method': 'none', 'batch_level_aug_method': 'cutmix', 'mix_alpha': 0.5339288025190232}",file:///mlruns,IMAGENET1K_V1,"{'type': 'ReduceLROnPlateau', 'params': {'mode': 'min', 'patience': 4, 'factor': 0.29889940235695417, 'min_lr': 1e-07}}",10,swin,data/gold/datasets/v8/train_val,swin_s,0,SwinTransformer,0.1090888807137882,"{'architecture': 'swin_s', 'pretrained': True, 'unfreeze_layers': 2, 'hidden_units': 512, 'dropout': 0.1090888807137882, 'weights': 'IMAGENET1K_V1'}",{},32,auto,15,v8,512,True,2.222421151944899,16.814858723572417,4.907866929760296e-06,0.05714285714285714,0.11764705882352941,0.17391304347826086,0.1836734693877551,0.015544041450777202,0.1875,0.041666666666666664,0.09090909090909091,0.14035087719298245,0.15254237288135594,0.23076923076923078,0.028708133971291867,0.058823529411764705,0.4827586206896552,0.5973451327433629,0.24456521739130435,0.09405940594059406,0.1450381679389313,0.02857142857142857,0.4,0.03773584905660377,0.09230769230769231,0.10486891385767791,0.34704370179948585,0.05333333333333334,0.11411411411411411,0.1875,0.061224489795918366,0.041666666666666664,0.034482758620689655,0.22522710211636118,0.1857707509881423,0.18207447967054907,0.17442814788914665,0.6187789187852537,0.13080072503985748,0.11906996357308523,0.08411176108594966,0.07419249861088018,18.57707509881423,2.149091990292072,16.75889328063241,15.0,0.47656248430074105,0.4276173382424999,0.46187894048326866
3e7bf03e18c64a39b3dfff08c596142c,2,42,"{'data_dir': 'data/gold/datasets/v8/train_val', 'experiment_name': 'SwinTransformer', 'mlflow_uri': 'file:///mlruns', 'dataset_name': 'v8', 'max_epochs': 30, 'batch_size': 32, 'num_workers': 0, 'device': 'auto', 'seed': 42}",30,"{'type': 'AdamW', 'params': {'lr': 7.607484780331371e-05, 'weight_decay': 0.06151075099190835}}","{'type': 'CrossEntropyLoss', 'params': {'label_smoothing': 0.0462033961617839}}","[{'class_path': 'src.utils.callbacks.EarlyStopping', 'init_args': {'patience': 15, 'verbose': True}}, {'class_path': 'src.utils.callbacks.ModelCheckpoint', 'init_args': {'filepath': 'best_swin.pth', 'monitor': 'val_loss', 'save_best_only': True}}]",{'use_augmentation': False},file:///mlruns,IMAGENET1K_V1,"{'type': 'ReduceLROnPlateau', 'params': {'mode': 'min', 'patience': 8, 'factor': 0.4799716894013877, 'min_lr': 1e-07}}",10,swin,data/gold/datasets/v8/train_val,swin_s,0,SwinTransformer,0.09337986612833142,"{'architecture': 'swin_s', 'pretrained': True, 'unfreeze_layers': 2, 'hidden_units': 512, 'dropout': 0.09337986612833142, 'weights': 'IMAGENET1K_V1'}",{},32,auto,15,v8,512,True,2.061090866677541,25.884212606204308,3.651377322110993e-05,0.13333333333333333,0.11764705882352941,0.1,0.25882352941176473,0.02072538860103627,0.18181818181818182,0.10526315789473684,0.18181818181818182,0.10810810810810811,0.2391304347826087,0.28205128205128205,0.037209302325581395,0.04516129032258064,0.2413793103448276,0.6017699115044248,0.30699774266365687,0.06435643564356436,0.15853658536585366,0.12380952380952381,0.23423423423423423,0.057971014492753624,0.24043715846994534,0.07608695652173914,0.40657698056801195,0.16199376947040497,0.09154929577464789,0.25882352941176473,0.22448979591836735,0.05,0.06896551724137931,0.20662666676200636,0.20632411067193676,0.1927012405756117,0.16799651564936174,0.6443798948230148,0.17990996173704987,0.15720894484762904,0.09894106462489921,0.09472441719400637,20.632411067193676,2.12668154835701,20.632411067193676,29.0,0.6041666467637811,0.4879237003383832,0.5692937628361617
5206581c6c4b4e7eb9fe15907299a5a2,3,42,"{'data_dir': 'data/gold/datasets/v8/train_val', 'experiment_name': 'SwinTransformer', 'mlflow_uri': 'file:///mlruns', 'dataset_name': 'v8', 'max_epochs': 30, 'batch_size': 32, 'num_workers': 0, 'device': 'auto', 'seed': 42}",30,"{'type': 'AdamW', 'params': {'lr': 1.3239563983335271e-05, 'weight_decay': 0.023319315756807898}}","{'type': 'CrossEntropyLoss', 'params': {'label_smoothing': 0.02439896433790836}}","[{'class_path': 'src.utils.callbacks.EarlyStopping', 'init_args': {'patience': 15, 'verbose': True}}, {'class_path': 'src.utils.callbacks.ModelCheckpoint', 'init_args': {'filepath': 'best_swin.pth', 'monitor': 'val_loss', 'save_best_only': True}}]","{'use_augmentation': True, 'per_image_aug_method': 'advanced', 'advanced_params': {'p_distort': 0.2027591154849889, 'p_noise': 0.13044146285980965, 'p_dropout': 0.23270035382161117, 'num_holes': 4, 'crop_scale_min': 0.6321616102834997}, 'batch_level_aug_method': 'mixup', 'mix_alpha': 0.37941544756844786}",file:///mlruns,IMAGENET1K_V1,"{'type': 'CosineAnnealingWarmRestarts', 'params': {'T_0': 7, 'T_mult': 1, 'eta_min': 1e-06}}",10,swin,data/gold/datasets/v8/train_val,swin_s,0,SwinTransformer,0.1704925810006415,"{'architecture': 'swin_s', 'pretrained': True, 'unfreeze_layers': 3, 'hidden_units': 256, 'dropout': 0.1704925810006415, 'weights': 'IMAGENET1K_V1'}",{},32,auto,15,v8,256,True,2.286326041360119,12.784034775736021,1.0220060560710762e-05,0.04081632653061224,0.058823529411764705,0.0547945205479452,0.10747663551401869,0.20725388601036268,0.13937282229965156,0.024875621890547265,0.11363636363636363,0.05673758865248227,0.05912596401028278,0.5897435897435898,0.16666666666666666,0.015384615384615385,0.034482758620689655,0.2079646017699115,0.32867132867132864,0.07920792079207921,0.19753086419753085,0.0,0.0,0.023809523809523808,0.0,0.02127659574468085,0.25474254742547425,0.0,0.11307420494699646,0.0,0.0,0.038461538461538464,0.017241379310344827,0.07411205759083854,0.13754940711462452,0.13647361614959616,0.05271393080603607,0.5393249219998693,0.07873771791424193,0.056102790386110934,0.04098671254287118,0.032513258020532954,13.754940711462451,2.335164335370064,10.8300395256917,3.0,0.2812499907348636,0.25224060621927386,0.2725471753801867
8e4ff004f4194e7b815430350c079150,3,42,"{'data_dir': 'data/gold/datasets/v8/train_val', 'experiment_name': 'SwinTransformer', 'mlflow_uri': 'file:///mlruns', 'dataset_name': 'v8', 'max_epochs': 30, 'batch_size': 32, 'num_workers': 0, 'device': 'auto', 'seed': 42}",30,"{'type': 'AdamW', 'params': {'lr': 1.108512251731171e-05, 'weight_decay': 0.08115595675970502}}","{'type': 'CrossEntropyLoss', 'params': {'label_smoothing': 0.0662522284353982}}","[{'class_path': 'src.utils.callbacks.EarlyStopping', 'init_args': {'patience': 15, 'verbose': True}}, {'class_path': 'src.utils.callbacks.ModelCheckpoint', 'init_args': {'filepath': 'best_swin.pth', 'monitor': 'val_loss', 'save_best_only': True}}]",{'use_augmentation': False},file:///mlruns,IMAGENET1K_V1,"{'type': 'CosineAnnealingWarmRestarts', 'params': {'T_0': 7, 'T_mult': 1, 'eta_min': 1e-06}}",10,swin,data/gold/datasets/v8/train_val,swin_t,0,SwinTransformer,0.14855307303338106,"{'architecture': 'swin_t', 'pretrained': True, 'unfreeze_layers': 3, 'hidden_units': 256, 'dropout': 0.14855307303338106, 'weights': 'IMAGENET1K_V1'}",{},32,auto,15,v8,256,True,2.2158056094556478,18.533886583679116,8.890819123174173e-06,0.07874015748031496,0.10294117647058823,0.13725490196078433,0.19696969696969696,0.031088082901554404,0.3157894736842105,0.060240963855421686,0.11363636363636363,0.11764705882352941,0.13978494623655913,0.3333333333333333,0.05660377358490566,0.061068702290076333,0.27586206896551724,0.6017699115044248,0.26053639846743293,0.3465346534653465,0.21806853582554517,0.047619047619047616,0.2777777777777778,0.0,0.00980392156862745,0.1,0.36363636363636365,0.08130081300813008,0.2676864244741874,0.125,0.00510204081632653,0.0,0.0,0.2102121051837121,0.20237154150197628,0.18578866787125023,0.15955217000978078,0.6398039645353324,0.14879061557122622,0.12723882095457556,0.08887437841261871,0.08174533745032408,20.23715415019763,2.1338406920433046,20.23715415019763,29.0,0.5911458138593892,0.44698548484977996,0.5478977151565064
a84d508d27874980ae69bbfd231dcebe,1,42,"{'data_dir': 'data/gold/datasets/v8/train_val', 'experiment_name': 'SwinTransformer', 'mlflow_uri': 'file:///mlruns', 'dataset_name': 'v8', 'max_epochs': 30, 'batch_size': 32, 'num_workers': 0, 'device': 'auto', 'seed': 42}",30,"{'type': 'AdamW', 'params': {'lr': 2.7611368214120168e-05, 'weight_decay': 0.02234650323094516}}","{'type': 'CrossEntropyLoss', 'params': {'label_smoothing': 0.08971102599525771}}","[{'class_path': 'src.utils.callbacks.EarlyStopping', 'init_args': {'patience': 15, 'verbose': True}}, {'class_path': 'src.utils.callbacks.ModelCheckpoint', 'init_args': {'filepath': 'best_swin.pth', 'monitor': 'val_loss', 'save_best_only': True}}]",{'use_augmentation': False},file:///mlruns,IMAGENET1K_V1,"{'type': 'CosineAnnealingWarmRestarts', 'params': {'T_0': 12, 'T_mult': 1, 'eta_min': 1e-06}}",10,swin,data/gold/datasets/v8/train_val,swin_t,0,SwinTransformer,0.18993043718198038,"{'architecture': 'swin_t', 'pretrained': True, 'unfreeze_layers': 1, 'hidden_units': 512, 'dropout': 0.18993043718198038, 'weights': 'IMAGENET1K_V1'}",{},32,auto,15,v8,512,True,2.1576569044078866,21.833629717447145,2.5636293545621767e-05,0.0967741935483871,0.10294117647058823,0.1794871794871795,0.2191780821917808,0.015544041450777202,0.2,0.16666666666666666,0.06818181818181818,0.1308411214953271,0.23529411764705882,0.20512820512820512,0.028846153846153848,0.056818181818181816,0.1724137931034483,0.8141592920353983,0.2587904360056259,0.034653465346534656,0.3684210526315789,0.009523809523809525,0.4,0.06802721088435375,0.18058690744920994,0.08547008547008547,0.3927427961579509,0.018604651162790697,0.06334841628959276,0.16194331983805668,0.20408163265306123,0.056179775280898875,0.08620689655172414,0.19490478308924294,0.2126482213438735,0.18870516206095683,0.17415974937338732,0.6437828465765737,0.15353563884111857,0.15050749897964216,0.09580011788162403,0.08392117856971482,21.26482213438735,2.117391896247864,20.869565217391305,20.0,0.6119791465064162,0.4751504051444232,0.5709305240978183
65beea6734324f6bab303684cd58e58b,1,42,"{'data_dir': 'data/gold/datasets/v8/train_val', 'experiment_name': 'SwinTransformer', 'mlflow_uri': 'file:///mlruns', 'dataset_name': 'v8', 'max_epochs': 30, 'batch_size': 32, 'num_workers': 0, 'device': 'auto', 'seed': 42}",30,"{'type': 'AdamW', 'params': {'lr': 3.678595817888661e-05, 'weight_decay': 0.026723553652657557}}","{'type': 'CrossEntropyLoss', 'params': {'label_smoothing': 0.020116349578622968}}","[{'class_path': 'src.utils.callbacks.EarlyStopping', 'init_args': {'patience': 15, 'verbose': True}}, {'class_path': 'src.utils.callbacks.ModelCheckpoint', 'init_args': {'filepath': 'best_swin.pth', 'monitor': 'val_loss', 'save_best_only': True}}]",{'use_augmentation': False},file:///mlruns,IMAGENET1K_V1,"{'type': 'CosineAnnealingWarmRestarts', 'params': {'T_0': 13, 'T_mult': 1, 'eta_min': 1e-06}}",10,swin,data/gold/datasets/v8/train_val,swin_t,0,SwinTransformer,0.048282708406680336,"{'architecture': 'swin_t', 'pretrained': True, 'unfreeze_layers': 1, 'hidden_units': 512, 'dropout': 0.048282708406680336, 'weights': 'IMAGENET1K_V1'}",{},32,auto,15,v8,512,True,2.077088825270678,24.38253309622604,3.447509520032299e-05,0.15384615384615385,0.22058823529411764,0.1724137931034483,0.12244897959183673,0.06735751295336788,0.18840579710144928,0.23809523809523808,0.11363636363636363,0.1935483870967742,0.3,0.07692307692307693,0.09923664122137404,0.12121212121212122,0.13793103448275862,0.8053097345132744,0.2668621700879765,0.0891089108910891,0.17647058823529413,0.05714285714285714,0.1935483870967742,0.05128205128205128,0.15488215488215487,0.12903225806451613,0.4008810572687225,0.08823529411764706,0.11842105263157894,0.22772277227722773,0.11734693877551021,0.04081632653061224,0.06896551724137931,0.16651051019145136,0.233201581027668,0.20444253442219673,0.14063757963175014,0.6432726205770295,0.17608643008563277,0.15458938665176128,0.11541150788157369,0.10794190154028216,23.3201581027668,2.0408078104257585,22.055335968379445,16.0,0.6510416452195916,0.554904089020013,0.622200378359718
285c7720394f453698d2629878b80109,3,42,"{'data_dir': 'data/gold/datasets/v8/train_val', 'experiment_name': 'SwinTransformer', 'mlflow_uri': 'file:///mlruns', 'dataset_name': 'v8', 'max_epochs': 30, 'batch_size': 32, 'num_workers': 0, 'device': 'auto', 'seed': 42}",30,"{'type': 'AdamW', 'params': {'lr': 0.00011902824139165594, 'weight_decay': 0.051961429228493436}}","{'type': 'CrossEntropyLoss', 'params': {'label_smoothing': 0.007937877440822024}}","[{'class_path': 'src.utils.callbacks.EarlyStopping', 'init_args': {'patience': 15, 'verbose': True}}, {'class_path': 'src.utils.callbacks.ModelCheckpoint', 'init_args': {'filepath': 'best_swin.pth', 'monitor': 'val_loss', 'save_best_only': True}}]","{'use_augmentation': True, 'per_image_aug_method': 'advanced', 'advanced_params': {'p_distort': 0.48633769858432285, 'p_noise': 0.39124555242291537, 'p_dropout': 0.10437830296402666, 'num_holes': 11, 'crop_scale_min': 0.7938035599574738}, 'batch_level_aug_method': 'mixup', 'mix_alpha': 0.9935651722905986}",file:///mlruns,IMAGENET1K_V1,"{'type': 'ReduceLROnPlateau', 'params': {'mode': 'min', 'patience': 8, 'factor': 0.22282298170118425, 'min_lr': 1e-07}}",10,swin,data/gold/datasets/v8/train_val,swin_s,0,SwinTransformer,0.1306375193920506,"{'architecture': 'swin_s', 'pretrained': True, 'unfreeze_layers': 3, 'hidden_units': 512, 'dropout': 0.1306375193920506, 'weights': 'IMAGENET1K_V1'}",{},32,auto,15,v8,512,True,2.2893960977632335,11.756569847856156,2.6522227653537095e-05,0.024691358024691357,0.14705882352941177,0.10752688172043011,0.09090909090909091,0.07253886010362694,0.1794871794871795,0.01694915254237288,0.045454545454545456,0.12422360248447205,0.051118210862619806,0.41025641025641024,0.1033210332103321,0.0189873417721519,0.20689655172413793,0.3185840707964602,0.3185840707964602,0.009900990099009901,0.08695652173913043,0.0,0.0,0.058823529411764705,0.018867924528301886,0.034782608695652174,0.3185840707964602,0.0,0.017777777777777778,0.125,0.01020408163265306,0.05128205128205128,0.06896551724137931,0.08823818681199197,0.15019762845849802,0.13423866780451893,0.07114146910293853,0.5382547384614886,0.10561005915201868,0.07846143576105835,0.04342781784945291,0.03927670667693417,15.019762845849801,2.3055220901966096,10.118577075098814,0.0,0.2578124915069583,0.26216785466666304,0.2591191004548697
87831232b1a24ffc91d6d54cb0672c16,1,42,"{'data_dir': 'data/gold/datasets/v8/train_val', 'experiment_name': 'SwinTransformer', 'mlflow_uri': 'file:///mlruns', 'dataset_name': 'v8', 'max_epochs': 30, 'batch_size': 32, 'num_workers': 0, 'device': 'auto', 'seed': 42}",30,"{'type': 'AdamW', 'params': {'lr': 4.595729731856502e-05, 'weight_decay': 0.02946770189668759}}","{'type': 'CrossEntropyLoss', 'params': {'label_smoothing': 0.03757695685776313}}","[{'class_path': 'src.utils.callbacks.EarlyStopping', 'init_args': {'patience': 15, 'verbose': True}}, {'class_path': 'src.utils.callbacks.ModelCheckpoint', 'init_args': {'filepath': 'best_swin.pth', 'monitor': 'val_loss', 'save_best_only': True}}]",{'use_augmentation': False},file:///mlruns,IMAGENET1K_V1,"{'type': 'CosineAnnealingWarmRestarts', 'params': {'T_0': 10, 'T_mult': 1, 'eta_min': 1e-06}}",10,swin,data/gold/datasets/v8/train_val,swin_t,0,SwinTransformer,0.07922110993871101,"{'architecture': 'swin_t', 'pretrained': True, 'unfreeze_layers': 1, 'hidden_units': 512, 'dropout': 0.07922110993871101, 'weights': 'IMAGENET1K_V1'}",{},32,auto,15,v8,512,True,2.076577407101637,24.560363564512944,4.1102667707219926e-05,0.12738853503184713,0.058823529411764705,0.18181818181818182,0.23255813953488372,0.0051813471502590676,0.125,0.08849557522123894,0.22727272727272727,0.08888888888888889,0.2127659574468085,0.2564102564102564,0.009950248756218905,0.04,0.1724137931034483,0.7079646017699115,0.2888086642599278,0.13861386138613863,0.2204724409448819,0.047619047619047616,0.3448275862068966,0.09836065573770492,0.1864951768488746,0.06493506493506493,0.41025641025641024,0.08368200836820083,0.1702127659574468,0.25217391304347825,0.14795918367346939,0.072,0.15517241379310345,0.23430243389873703,0.21739130434782608,0.1852163360103383,0.19146704602892567,0.6445567365172538,0.17960785569261253,0.15478507266132674,0.10408449100428371,0.09577552041553805,21.73913043478261,2.10167752802372,21.027667984189723,17.0,0.6171874796681729,0.5088404839778832,0.584683380961086
263443a889fc4f478c6f96b5dfd42fa3,4,42,"{'data_dir': 'data/gold/datasets/v8/train_val', 'experiment_name': 'SwinTransformer', 'mlflow_uri': 'file:///mlruns', 'dataset_name': 'v8', 'max_epochs': 30, 'batch_size': 32, 'num_workers': 0, 'device': 'auto', 'seed': 42}",30,"{'type': 'AdamW', 'params': {'lr': 0.000111071203776059, 'weight_decay': 0.015366326576125024}}","{'type': 'CrossEntropyLoss', 'params': {'label_smoothing': 0.05393422419156507}}","[{'class_path': 'src.utils.callbacks.EarlyStopping', 'init_args': {'patience': 15, 'verbose': True}}, {'class_path': 'src.utils.callbacks.ModelCheckpoint', 'init_args': {'filepath': 'best_swin.pth', 'monitor': 'val_loss', 'save_best_only': True}}]",{'use_augmentation': False},file:///mlruns,IMAGENET1K_V1,"{'type': 'CosineAnnealingWarmRestarts', 'params': {'T_0': 14, 'T_mult': 1, 'eta_min': 1e-06}}",10,swin,data/gold/datasets/v8/train_val,swin_t,0,SwinTransformer,0.2614381770563153,"{'architecture': 'swin_t', 'pretrained': True, 'unfreeze_layers': 4, 'hidden_units': 256, 'dropout': 0.2614381770563153, 'weights': 'IMAGENET1K_V1'}",{},32,auto,15,v8,256,True,2.1740681259699475,19.877494566291247,0.0001040031630247865,0.11475409836065574,0.23529411764705882,0.1103448275862069,0.12,0.07253886010362694,0.208955223880597,0.08974358974358974,0.1590909090909091,0.15023474178403756,0.2727272727272727,0.07692307692307693,0.1076923076923077,0.046296296296296294,0.1724137931034483,0.7876106194690266,0.25501432664756446,0.019801980198019802,0.14814814814814814,0.0380952380952381,0.2857142857142857,0.06299212598425197,0.06956521739130435,0.072992700729927,0.3852813852813853,0.06722689075630252,0.034934497816593885,0.23529411764705882,0.04081632653061224,0.057971014492753624,0.06896551724137931,0.24357451019026613,0.1984189723320158,0.20154859763946917,0.18975370349267934,0.6238372716687354,0.154298653095743,0.14140679706457904,0.0889614906637644,0.08244090134260018,19.841897233201582,2.1245936423540117,19.525691699604746,25.0,0.5677083146314841,0.44733974443768176,0.5315977435733433
e00ef6cde55f4a9ca651c7f39bc9e679,1,42,"{'data_dir': 'data/gold/datasets/v8/train_val', 'experiment_name': 'SwinTransformer', 'mlflow_uri': 'file:///mlruns', 'dataset_name': 'v8', 'max_epochs': 30, 'batch_size': 32, 'num_workers': 0, 'device': 'auto', 'seed': 42}",30,"{'type': 'AdamW', 'params': {'lr': 6.671771392675698e-05, 'weight_decay': 0.03433797531418577}}","{'type': 'CrossEntropyLoss', 'params': {'label_smoothing': 0.0835302495589238}}","[{'class_path': 'src.utils.callbacks.EarlyStopping', 'init_args': {'patience': 15, 'verbose': True}}, {'class_path': 'src.utils.callbacks.ModelCheckpoint', 'init_args': {'filepath': 'best_swin.pth', 'monitor': 'val_loss', 'save_best_only': True}}]","{'use_augmentation': True, 'per_image_aug_method': 'none', 'batch_level_aug_method': 'none'}",file:///mlruns,IMAGENET1K_V1,"{'type': 'CosineAnnealingWarmRestarts', 'params': {'T_0': 5, 'T_mult': 1, 'eta_min': 1e-06}}",10,swin,data/gold/datasets/v8/train_val,swin_s,0,SwinTransformer,0.18969174917807383,"{'architecture': 'swin_s', 'pretrained': True, 'unfreeze_layers': 1, 'hidden_units': 256, 'dropout': 0.18969174917807383, 'weights': 'IMAGENET1K_V1'}",{},32,auto,15,v8,256,True,2.1556832179371206,21.774352894684846,3.9636034247080335e-05,0.09944751381215469,0.10294117647058823,0.16666666666666666,0.25688073394495414,0.05699481865284974,0.1746031746031746,0.06569343065693431,0.20454545454545456,0.12727272727272726,0.2,0.358974358974359,0.0859375,0.08620689655172414,0.1724137931034483,0.6106194690265486,0.26848249027237353,0.1188118811881188,0.1875,0.10476190476190476,0.27848101265822783,0.05405405405405406,0.15772870662460567,0.11494252873563218,0.372972972972973,0.1522491349480969,0.14545454545454545,0.2066115702479339,0.12755102040816327,0.05660377358490566,0.05172413793103448,0.20477011784739524,0.20395256916996046,0.190933801506247,0.1690849015241941,0.6354451077622623,0.17601885024967198,0.15669404178197432,0.0876090111625522,0.08314199961133473,20.395256916996047,2.126510737836361,20.395256916996047,29.0,0.596354147021146,0.44183961300446006,0.5499997868161401
eb9e9ff25c294823a015299b29ac10a7,3,42,"{'data_dir': 'data/gold/datasets/v8/train_val', 'experiment_name': 'SwinTransformer', 'mlflow_uri': 'file:///mlruns', 'dataset_name': 'v8', 'max_epochs': 30, 'batch_size': 32, 'num_workers': 0, 'device': 'auto', 'seed': 42}",30,"{'type': 'AdamW', 'params': {'lr': 5.8556221793238845e-05, 'weight_decay': 0.0841386298077936}}","{'type': 'CrossEntropyLoss', 'params': {'label_smoothing': 0.010581443703676604}}","[{'class_path': 'src.utils.callbacks.EarlyStopping', 'init_args': {'patience': 15, 'verbose': True}}, {'class_path': 'src.utils.callbacks.ModelCheckpoint', 'init_args': {'filepath': 'best_swin.pth', 'monitor': 'val_loss', 'save_best_only': True}}]",{'use_augmentation': False},file:///mlruns,IMAGENET1K_V1,"{'type': 'ReduceLROnPlateau', 'params': {'mode': 'min', 'patience': 5, 'factor': 0.11316140879532527, 'min_lr': 1e-07}}",10,swin,data/gold/datasets/v8/train_val,swin_s,0,SwinTransformer,0.11057755866341511,"{'architecture': 'swin_s', 'pretrained': True, 'unfreeze_layers': 3, 'hidden_units': 256, 'dropout': 0.11057755866341511, 'weights': 'IMAGENET1K_V1'}",{},32,auto,15,v8,256,True,2.160853720210659,20.312191266548112,7.498419581947244e-07,0.06698564593301436,0.16176470588235295,0.11702127659574468,0.23333333333333334,0.015544041450777202,0.1875,0.04242424242424243,0.1590909090909091,0.13580246913580246,0.1728395061728395,0.358974358974359,0.028708133971291867,0.0371900826446281,0.3103448275862069,0.5309734513274337,0.2898550724637681,0.10396039603960396,0.1875,0.01904761904761905,0.19047619047619047,0.08571428571428572,0.09401709401709402,0.06642066420664207,0.375,0.03463203463203463,0.1337579617834395,0.2894736842105263,0.05612244897959184,0.07317073170731707,0.10344827586206896,0.2275628672285148,0.17944664031620552,0.19821043141842445,0.1819235597101872,0.6307472074254551,0.14717217499280266,0.14089898912399348,0.09100711659759775,0.08439120141971068,17.94466403162055,2.18996998667717,16.284584980237156,26.0,0.460937484815471,0.45565869602933706,0.45935384817963076
e910bcab1251427ca863b3632708db25,2,42,"{'data_dir': 'data/gold/datasets/v8/train_val', 'experiment_name': 'SwinTransformer', 'mlflow_uri': 'file:///mlruns', 'dataset_name': 'v8', 'max_epochs': 30, 'batch_size': 32, 'num_workers': 0, 'device': 'auto', 'seed': 42}",30,"{'type': 'AdamW', 'params': {'lr': 5.545616440793017e-05, 'weight_decay': 0.06056550074970081}}","{'type': 'CrossEntropyLoss', 'params': {'label_smoothing': 0.02181053158056521}}","[{'class_path': 'src.utils.callbacks.EarlyStopping', 'init_args': {'patience': 15, 'verbose': True}}, {'class_path': 'src.utils.callbacks.ModelCheckpoint', 'init_args': {'filepath': 'best_swin.pth', 'monitor': 'val_loss', 'save_best_only': True}}]",{'use_augmentation': False},file:///mlruns,IMAGENET1K_V1,"{'type': 'CosineAnnealingWarmRestarts', 'params': {'T_0': 13, 'T_mult': 1, 'eta_min': 1e-06}}",10,swin,data/gold/datasets/v8/train_val,swin_t,0,SwinTransformer,0.035764824495672205,"{'architecture': 'swin_t', 'pretrained': True, 'unfreeze_layers': 2, 'hidden_units': 512, 'dropout': 0.035764824495672205, 'weights': 'IMAGENET1K_V1'}",{},32,auto,15,v8,512,True,2.017096727267953,26.062043074491207,5.2074244343556e-05,0.11764705882352941,0.20588235294117646,0.18421052631578946,0.1702127659574468,0.07772020725388601,0.2830188679245283,0.12195121951219512,0.11363636363636363,0.19444444444444445,0.14545454545454545,0.20512820512820512,0.12195121951219512,0.04285714285714286,0.10344827586206896,0.8362831858407079,0.2755102040816326,0.09900990099009901,0.20618556701030927,0.07142857142857142,0.21739130434782608,0.07207207207207207,0.14559386973180077,0.06060606060606061,0.4144736842105263,0.10752688172043011,0.13377926421404682,0.2923076923076923,0.09693877551020408,0.07547169811320754,0.06896551724137931,0.2297763052391125,0.2308300395256917,0.18784413558326618,0.1844358767924869,0.6516528646206328,0.17891133566636144,0.15383073212925524,0.11679738193334628,0.10413307955732365,23.08300395256917,2.0669412195682524,23.08300395256917,29.0,0.6848958107710105,0.5605400261471997,0.6475890753838672
d59344c004af49d2bd4247d4edbd85ee,2,42,"{'data_dir': 'data/gold/datasets/v8/train_val', 'experiment_name': 'SwinTransformer', 'mlflow_uri': 'file:///mlruns', 'dataset_name': 'v8', 'max_epochs': 30, 'batch_size': 32, 'num_workers': 0, 'device': 'auto', 'seed': 42}",30,"{'type': 'AdamW', 'params': {'lr': 3.4117298107597254e-05, 'weight_decay': 0.021477444281411084}}","{'type': 'CrossEntropyLoss', 'params': {'label_smoothing': 0.029495482040240932}}","[{'class_path': 'src.utils.callbacks.EarlyStopping', 'init_args': {'patience': 15, 'verbose': True}}, {'class_path': 'src.utils.callbacks.ModelCheckpoint', 'init_args': {'filepath': 'best_swin.pth', 'monitor': 'val_loss', 'save_best_only': True}}]",{'use_augmentation': False},file:///mlruns,IMAGENET1K_V1,"{'type': 'CosineAnnealingWarmRestarts', 'params': {'T_0': 12, 'T_mult': 1, 'eta_min': 1e-06}}",10,swin,data/gold/datasets/v8/train_val,swin_t,0,SwinTransformer,0.07899508464830973,"{'architecture': 'swin_t', 'pretrained': True, 'unfreeze_layers': 2, 'hidden_units': 512, 'dropout': 0.07899508464830973, 'weights': 'IMAGENET1K_V1'}",{},32,auto,15,v8,512,True,2.118078008703365,22.940130409010077,3.17710350935056e-05,0.0,0.11764705882352941,0.1951219512195122,0.3076923076923077,0.025906735751295335,0.29411764705882354,0.0,0.0,0.14678899082568808,0.38461538461538464,0.2564102564102564,0.047619047619047616,0.0851063829787234,0.13793103448275862,0.9469026548672567,0.2291220556745182,0.04455445544554455,0.375,0.014285714285714285,0.2727272727272727,0.05217391304347826,0.08695652173913043,0.10526315789473684,0.3689655172413793,0.027149321266968326,0.07964601769911504,0.1262135922330097,0.0663265306122449,0.05263157894736842,0.05172413793103448,0.21266116248172107,0.22608695652173913,0.18807009333103186,0.1805527105987455,0.6628110200550772,0.15835444763677783,0.14106872561111256,0.10819362950789577,0.08936928987665194,22.608695652173914,2.0842047840356828,21.26482213438735,19.0,0.624999979410808,0.5255511267838715,0.595165323622727
6da6023c40e84369979e51babb112906,2,42,"{'data_dir': 'data/gold/datasets/v8/train_val', 'experiment_name': 'SwinTransformer', 'mlflow_uri': 'file:///mlruns', 'dataset_name': 'v8', 'max_epochs': 30, 'batch_size': 32, 'num_workers': 0, 'device': 'auto', 'seed': 42}",30,"{'type': 'AdamW', 'params': {'lr': 8.867873059904852e-05, 'weight_decay': 0.06664031257023424}}","{'type': 'CrossEntropyLoss', 'params': {'label_smoothing': 0.0012897567217196237}}","[{'class_path': 'src.utils.callbacks.EarlyStopping', 'init_args': {'patience': 15, 'verbose': True}}, {'class_path': 'src.utils.callbacks.ModelCheckpoint', 'init_args': {'filepath': 'best_swin.pth', 'monitor': 'val_loss', 'save_best_only': True}}]",{'use_augmentation': False},file:///mlruns,IMAGENET1K_V1,"{'type': 'CosineAnnealingWarmRestarts', 'params': {'T_0': 14, 'T_mult': 1, 'eta_min': 1e-06}}",10,swin,data/gold/datasets/v8/train_val,swin_t,0,SwinTransformer,0.04082987574634811,"{'architecture': 'swin_t', 'pretrained': True, 'unfreeze_layers': 2, 'hidden_units': 512, 'dropout': 0.04082987574634811, 'weights': 'IMAGENET1K_V1'}",{},32,auto,15,v8,512,True,1.986108618182077,28.354080221300137,8.380037239165286e-05,0.09195402298850575,0.19117647058823528,0.15853658536585366,0.11538461538461539,0.0,0.0,0.09302325581395349,0.09090909090909091,0.17333333333333334,0.23076923076923078,0.07692307692307693,0.0,0.06382978723404255,0.10344827586206896,0.7433628318584071,0.25112107623318386,0.0891089108910891,0.18947368421052632,0.03333333333333333,0.21875,0.0759493670886076,0.16778523489932887,0.07894736842105263,0.3754189944134078,0.05785123966942149,0.12121212121212122,0.24509803921568626,0.12755102040816327,0.05027932960893855,0.15517241379310345,0.23590486265926947,0.21422924901185772,0.16725412546799195,0.21721210199650276,0.6342457220159061,0.1321670244875006,0.1266009697421555,0.09548925469551885,0.07142524825921315,21.422924901185773,2.1411316812038423,19.76284584980237,9.0,0.5755208143741191,0.473886217125458,0.5450304351995207
4008bc56f43f4678bda69274da72b93d,3,42,"{'data_dir': 'data/gold/datasets/v8/train_val', 'experiment_name': 'SwinTransformer', 'mlflow_uri': 'file:///mlruns', 'dataset_name': 'v8', 'max_epochs': 30, 'batch_size': 32, 'num_workers': 0, 'device': 'auto', 'seed': 42}",30,"{'type': 'AdamW', 'params': {'lr': 1.0987283063579402e-05, 'weight_decay': 0.04329227527579915}}","{'type': 'CrossEntropyLoss', 'params': {'label_smoothing': 0.05085706911647028}}","[{'class_path': 'src.utils.callbacks.EarlyStopping', 'init_args': {'patience': 15, 'verbose': True}}, {'class_path': 'src.utils.callbacks.ModelCheckpoint', 'init_args': {'filepath': 'best_swin.pth', 'monitor': 'val_loss', 'save_best_only': True}}]","{'use_augmentation': True, 'per_image_aug_method': 'basic', 'basic_params': {'n_augments': 1, 'rotation_range': 14, 'horizontal_flip_prob': 0.32518332202674705, 'brightness_range': 0.21888185350141923, 'contrast_range': 0.19126724140656393, 'width_shift_range': 0.1774425485152653}, 'batch_level_aug_method': 'none'}",file:///mlruns,IMAGENET1K_V1,"{'type': 'CosineAnnealingWarmRestarts', 'params': {'T_0': 8, 'T_mult': 1, 'eta_min': 1e-06}}",10,swin,data/gold/datasets/v8/train_val,swin_t,0,SwinTransformer,0.032367428097991334,"{'architecture': 'swin_t', 'pretrained': True, 'unfreeze_layers': 3, 'hidden_units': 256, 'dropout': 0.032367428097991334, 'weights': 'IMAGENET1K_V1'}",{},32,auto,15,v8,256,True,2.2917027301973,13.08041888954752,9.058526680312561e-06,0.02,0.25,0.06439393939393939,0.08921933085501858,0.26424870466321243,0.12718204488778054,0.017857142857142856,0.022727272727272728,0.10240963855421686,0.05217391304347826,0.3076923076923077,0.1717171717171717,0.022727272727272728,0.1724137931034483,0.03982300884955752,0.375,0.0,0.0,0.004761904761904762,1.0,0.031496062992125984,0.0,0.040160642570281124,0.072,0.009478672985781991,0.0,0.0,0.0,0.028985507246376812,0.034482758620689655,0.18091825454357463,0.12490118577075099,0.11254232654437062,0.11134284531072887,0.4886573093429106,0.0840928813275345,0.06032927870298155,0.014988772382746767,0.012642028929305438,12.4901185770751,2.3268667101860045,7.747035573122529,0.0,0.17968749408060727,0.14651472442545987,0.16973566318406305
336651ffe8ed4375967c7c64954f95ec,2,42,"{'data_dir': 'data/gold/datasets/v8/train_val', 'experiment_name': 'SwinTransformer', 'mlflow_uri': 'file:///mlruns', 'dataset_name': 'v8', 'max_epochs': 30, 'batch_size': 32, 'num_workers': 0, 'device': 'auto', 'seed': 42}",30,"{'type': 'AdamW', 'params': {'lr': 4.3063978541452984e-05, 'weight_decay': 0.02387198472166329}}","{'type': 'CrossEntropyLoss', 'params': {'label_smoothing': 0.03208501786198171}}","[{'class_path': 'src.utils.callbacks.EarlyStopping', 'init_args': {'patience': 15, 'verbose': True}}, {'class_path': 'src.utils.callbacks.ModelCheckpoint', 'init_args': {'filepath': 'best_swin.pth', 'monitor': 'val_loss', 'save_best_only': True}}]",{'use_augmentation': False},file:///mlruns,IMAGENET1K_V1,"{'type': 'CosineAnnealingWarmRestarts', 'params': {'T_0': 12, 'T_mult': 1, 'eta_min': 1e-06}}",10,swin,data/gold/datasets/v8/train_val,swin_t,0,SwinTransformer,0.03521739333390431,"{'architecture': 'swin_t', 'pretrained': True, 'unfreeze_layers': 2, 'hidden_units': 512, 'dropout': 0.03521739333390431, 'weights': 'IMAGENET1K_V1'}",{},32,auto,15,v8,512,True,2.1095257508285994,22.505433708753213,3.982334937069036e-05,0.08450704225352113,0.3088235294117647,0.10344827586206896,0.26666666666666666,0.05699481865284974,0.171875,0.061224489795918366,0.13636363636363635,0.15498154981549817,0.16666666666666666,0.6666666666666666,0.08560311284046693,0.016666666666666666,0.034482758620689655,0.4778761061946903,0.33540372670807456,0.039603960396039604,0.25,0.09047619047619047,0.2602739726027397,0.05555555555555555,0.18528610354223432,0.02247191011235955,0.39416058394160586,0.13427561837455831,0.06837606837606838,0.19883040935672514,0.17346938775510204,0.046511627906976744,0.06896551724137931,0.2644539061310629,0.22529644268774704,0.19111155126364554,0.22248416778269528,0.6581722844391218,0.16220206159590886,0.15492667352632233,0.10689190171061048,0.0955273950065405,22.529644268774703,2.160086917877197,18.814229249011856,23.0,0.5442708154035786,0.5202573874192968,0.537066787008294
92bd2972adb44bdeafd7cc7f1e88cfd6,2,42,"{'data_dir': 'data/gold/datasets/v8/train_val', 'experiment_name': 'SwinTransformer', 'mlflow_uri': 'file:///mlruns', 'dataset_name': 'v8', 'max_epochs': 30, 'batch_size': 32, 'num_workers': 0, 'device': 'auto', 'seed': 42}",30,"{'type': 'AdamW', 'params': {'lr': 9.757303480266589e-05, 'weight_decay': 0.05312481369779314}}","{'type': 'CrossEntropyLoss', 'params': {'label_smoothing': 0.011997253477488078}}","[{'class_path': 'src.utils.callbacks.EarlyStopping', 'init_args': {'patience': 15, 'verbose': True}}, {'class_path': 'src.utils.callbacks.ModelCheckpoint', 'init_args': {'filepath': 'best_swin.pth', 'monitor': 'val_loss', 'save_best_only': True}}]",{'use_augmentation': False},file:///mlruns,IMAGENET1K_V1,"{'type': 'CosineAnnealingWarmRestarts', 'params': {'T_0': 11, 'T_mult': 1, 'eta_min': 1e-06}}",10,swin,data/gold/datasets/v8/train_val,swin_t,0,SwinTransformer,0.015873506280841665,"{'architecture': 'swin_t', 'pretrained': True, 'unfreeze_layers': 2, 'hidden_units': 512, 'dropout': 0.015873506280841665, 'weights': 'IMAGENET1K_V1'}",{},32,auto,15,v8,512,True,2.0606150176303233,25.350721201343607,8.898672261672173e-05,0.12121212121212122,0.1323529411764706,0.23076923076923078,0.12,0.08808290155440414,0.2786885245901639,0.18181818181818182,0.09090909090909091,0.16822429906542055,0.2727272727272727,0.07692307692307693,0.13385826771653545,0.10869565217391304,0.1724137931034483,0.8008849557522124,0.2517385257301808,0.0594059405940594,0.19672131147540983,0.08571428571428572,0.3829787234042553,0.03361344537815126,0.18274111675126903,0.13333333333333333,0.38306878306878306,0.14007782101167315,0.09125475285171103,0.18181818181818182,0.1836734693877551,0.03278688524590164,0.034482758620689655,0.24178804515113805,0.22687747035573122,0.17248432137354933,0.21187424897526913,0.6531818876232862,0.17655658828692758,0.1507383940388998,0.1000086673972461,0.08765763766032919,22.68774703557312,2.055576577782631,22.68774703557312,29.0,0.6718749778666185,0.49226532293681585,0.6179920813876777
3fcd6099435e4c76afe560bf585d3c71,2,42,"{'data_dir': 'data/gold/datasets/v8/train_val', 'experiment_name': 'SwinTransformer', 'mlflow_uri': 'file:///mlruns', 'dataset_name': 'v8', 'max_epochs': 30, 'batch_size': 32, 'num_workers': 0, 'device': 'auto', 'seed': 42}",30,"{'type': 'AdamW', 'params': {'lr': 6.928810447395251e-05, 'weight_decay': 0.04271867005469229}}","{'type': 'CrossEntropyLoss', 'params': {'label_smoothing': 0.05420414199764686}}","[{'class_path': 'src.utils.callbacks.EarlyStopping', 'init_args': {'patience': 15, 'verbose': True}}, {'class_path': 'src.utils.callbacks.ModelCheckpoint', 'init_args': {'filepath': 'best_swin.pth', 'monitor': 'val_loss', 'save_best_only': True}}]",{'use_augmentation': False},file:///mlruns,IMAGENET1K_V1,"{'type': 'CosineAnnealingWarmRestarts', 'params': {'T_0': 10, 'T_mult': 1, 'eta_min': 1e-06}}",10,swin,data/gold/datasets/v8/train_val,swin_t,0,SwinTransformer,0.004550919532656808,"{'architecture': 'swin_t', 'pretrained': True, 'unfreeze_layers': 2, 'hidden_units': 512, 'dropout': 0.004550919532656808, 'weights': 'IMAGENET1K_V1'}",{},32,auto,15,v8,512,True,2.0420630251412053,26.773364947638807,6.204499742030874e-05,0.07142857142857142,0.07352941176470588,0.19230769230769232,0.2894736842105263,0.031088082901554404,0.375,0.058823529411764705,0.09090909090909091,0.10638297872340426,0.2972972972972973,0.28205128205128205,0.05741626794258373,0.07692307692307693,0.10344827586206896,0.827433628318584,0.25616438356164384,0.07920792079207921,0.21052631578947367,0.023809523809523808,0.19230769230769232,0.13100436681222707,0.125,0.08823529411764706,0.3912133891213389,0.0423728813559322,0.11510791366906475,0.2236842105263158,0.08673469387755102,0.08771929824561403,0.25862068965517243,0.1994928403018304,0.22292490118577074,0.2048241262047079,0.1758187812509519,0.6517332771732539,0.1866999092017502,0.16652864315389107,0.10459609989124767,0.10001556071029227,22.292490118577074,2.099776577949524,21.26482213438735,19.0,0.624999979410808,0.5109210449905891,0.5907762990847423
93897647ce0f49bc8fb0c7a868d5e1c0,4,42,"{'data_dir': 'data/gold/datasets/v8/train_val', 'experiment_name': 'SwinTransformer', 'mlflow_uri': 'file:///mlruns', 'dataset_name': 'v8', 'max_epochs': 30, 'batch_size': 32, 'num_workers': 0, 'device': 'auto', 'seed': 42}",30,"{'type': 'AdamW', 'params': {'lr': 1.81357308677834e-05, 'weight_decay': 0.010127963257331486}}","{'type': 'CrossEntropyLoss', 'params': {'label_smoothing': 0.07290071680409874}}","[{'class_path': 'src.utils.callbacks.EarlyStopping', 'init_args': {'patience': 15, 'verbose': True}}, {'class_path': 'src.utils.callbacks.ModelCheckpoint', 'init_args': {'filepath': 'best_swin.pth', 'monitor': 'val_loss', 'save_best_only': True}}]","{'use_augmentation': True, 'per_image_aug_method': 'basic', 'basic_params': {'n_augments': 3, 'rotation_range': 27, 'horizontal_flip_prob': 0.9218742350231168, 'brightness_range': 0.02654775061557585, 'contrast_range': 0.058794858725743554, 'width_shift_range': 0.009045457782107613}, 'batch_level_aug_method': 'mixup', 'mix_alpha': 0.8629900073215435}",file:///mlruns,IMAGENET1K_V1,"{'type': 'ReduceLROnPlateau', 'params': {'mode': 'min', 'patience': 7, 'factor': 0.38274293753904687, 'min_lr': 1e-07}}",10,swin,data/gold/datasets/v8/train_val,swin_t,0,SwinTransformer,0.23167343078899721,"{'architecture': 'swin_t', 'pretrained': True, 'unfreeze_layers': 4, 'hidden_units': 512, 'dropout': 0.23167343078899721, 'weights': 'IMAGENET1K_V1'}",{},32,auto,15,v8,512,True,2.2895588472506154,11.598498320490021,1.81357308677834e-05,0.05217391304347826,0.058823529411764705,0.05194805194805195,0.11560693641618497,0.02072538860103627,0.09090909090909091,0.04225352112676056,0.06818181818181818,0.05517241379310345,0.06514657980456026,0.5128205128205128,0.03375527426160337,0.014705882352941176,0.06896551724137931,0.26548672566371684,0.30612244897959184,0.20297029702970298,0.18061674008810572,0.07142857142857142,0.25862068965517243,0.05263157894736842,0.11155378486055777,0.024242424242424242,0.2843601895734597,0.11194029850746269,0.19114219114219114,0.2545454545454545,0.07142857142857142,0.0425531914893617,0.06896551724137931,0.17422370739106918,0.18181818181818182,0.15119233075721178,0.12682796984704484,0.5768018041951949,0.14402674253941863,0.11324796419081817,0.05834195319630343,0.05460956138476025,18.181818181818183,2.2634931206703186,13.201581027667983,13.0,0.3593749881612145,0.3228192024667695,0.348408252452881
66ba3f48c2c946e190ae99a0db754563,2,42,"{'data_dir': 'data/gold/datasets/v8/train_val', 'experiment_name': 'SwinTransformer', 'mlflow_uri': 'file:///mlruns', 'dataset_name': 'v8', 'max_epochs': 30, 'batch_size': 32, 'num_workers': 0, 'device': 'auto', 'seed': 42}",30,"{'type': 'AdamW', 'params': {'lr': 5.415755894189812e-05, 'weight_decay': 0.06468893631350062}}","{'type': 'CrossEntropyLoss', 'params': {'label_smoothing': 0.0025968514511709815}}","[{'class_path': 'src.utils.callbacks.EarlyStopping', 'init_args': {'patience': 15, 'verbose': True}}, {'class_path': 'src.utils.callbacks.ModelCheckpoint', 'init_args': {'filepath': 'best_swin.pth', 'monitor': 'val_loss', 'save_best_only': True}}]",{'use_augmentation': False},file:///mlruns,IMAGENET1K_V1,"{'type': 'CosineAnnealingWarmRestarts', 'params': {'T_0': 14, 'T_mult': 1, 'eta_min': 1e-06}}",10,swin,data/gold/datasets/v8/train_val,swin_t,0,SwinTransformer,0.02176133278559194,"{'architecture': 'swin_t', 'pretrained': True, 'unfreeze_layers': 2, 'hidden_units': 512, 'dropout': 0.02176133278559194, 'weights': 'IMAGENET1K_V1'}",{},32,auto,15,v8,512,True,1.9790848725587806,29.04564315352697,5.133671505099759e-05,0.13333333333333333,0.17647058823529413,0.14285714285714285,0.23728813559322035,0.03626943005181347,0.28,0.10526315789473684,0.18181818181818182,0.15789473684210525,0.17721518987341772,0.358974358974359,0.06422018348623854,0.04186046511627907,0.3103448275862069,0.588495575221239,0.3236009732360097,0.11386138613861387,0.20353982300884957,0.014285714285714285,0.3333333333333333,0.064,0.2513089005235602,0.07377049180327869,0.4175824175824176,0.0273972602739726,0.14603174603174604,0.25806451612903225,0.24489795918367346,0.05970149253731343,0.06896551724137931,0.2677190894920848,0.22055335968379447,0.186003010253403,0.23069289511068097,0.6496274080481836,0.15801467158976198,0.14549517703879702,0.10473965992463727,0.08950155413030758,22.055335968379445,2.1557248145341874,20.632411067193676,19.0,0.6041666467637811,0.5115048609016568,0.5763681110051437
162caeea0adc4cd586c99199871ae023,1,42,"{'data_dir': 'data/gold/datasets/v8/train_val', 'experiment_name': 'SwinTransformer', 'mlflow_uri': 'file:///mlruns', 'dataset_name': 'v8', 'max_epochs': 30, 'batch_size': 32, 'num_workers': 0, 'device': 'auto', 'seed': 42}",30,"{'type': 'AdamW', 'params': {'lr': 3.3934118678087584e-05, 'weight_decay': 0.024109189819968534}}","{'type': 'CrossEntropyLoss', 'params': {'label_smoothing': 0.033901414447059644}}","[{'class_path': 'src.utils.callbacks.EarlyStopping', 'init_args': {'patience': 15, 'verbose': True}}, {'class_path': 'src.utils.callbacks.ModelCheckpoint', 'init_args': {'filepath': 'best_swin.pth', 'monitor': 'val_loss', 'save_best_only': True}}]",{'use_augmentation': False},file:///mlruns,IMAGENET1K_V1,"{'type': 'CosineAnnealingWarmRestarts', 'params': {'T_0': 13, 'T_mult': 1, 'eta_min': 1e-06}}",10,swin,data/gold/datasets/v8/train_val,swin_t,0,SwinTransformer,0.05239015553626594,"{'architecture': 'swin_t', 'pretrained': True, 'unfreeze_layers': 1, 'hidden_units': 512, 'dropout': 0.05239015553626594, 'weights': 'IMAGENET1K_V1'}",{},32,auto,15,v8,512,True,2.144117022521692,21.596522426397947,3.191035882444483e-05,0.03333333333333333,0.10294117647058823,0.1590909090909091,0.2391304347826087,0.11398963730569948,0.14473684210526316,0.0625,0.022727272727272728,0.125,0.20754716981132076,0.28205128205128205,0.12753623188405797,0.04807692307692308,0.1724137931034483,0.6637168141592921,0.31315240083507306,0.0891089108910891,0.1836734693877551,0.15714285714285714,0.2972972972972973,0.12578616352201258,0.132013201320132,0.07518796992481203,0.425531914893617,0.205607476635514,0.12,0.18691588785046728,0.10204081632653061,0.09900990099009901,0.1724137931034483,0.2137638791787214,0.23557312252964427,0.17163673288225761,0.1744061242656474,0.6331936227381127,0.1786349671136231,0.1445167028083301,0.11095209721615816,0.0962603468809381,23.557312252964426,2.0785385221242905,21.897233201581027,15.0,0.6458333120578349,0.5367689936248423,0.6131140165279371
2eaab7e5c54c44f0a09efb8e00dcd30f,2,42,"{'data_dir': 'data/gold/datasets/v8/train_val', 'experiment_name': 'SwinTransformer', 'mlflow_uri': 'file:///mlruns', 'dataset_name': 'v8', 'max_epochs': 30, 'batch_size': 32, 'num_workers': 0, 'device': 'auto', 'seed': 42}",30,"{'type': 'AdamW', 'params': {'lr': 2.98510716451788e-05, 'weight_decay': 0.05554703722639498}}","{'type': 'CrossEntropyLoss', 'params': {'label_smoothing': 0.09458097199737134}}","[{'class_path': 'src.utils.callbacks.EarlyStopping', 'init_args': {'patience': 15, 'verbose': True}}, {'class_path': 'src.utils.callbacks.ModelCheckpoint', 'init_args': {'filepath': 'best_swin.pth', 'monitor': 'val_loss', 'save_best_only': True}}]",{'use_augmentation': False},file:///mlruns,IMAGENET1K_V1,"{'type': 'ReduceLROnPlateau', 'params': {'mode': 'min', 'patience': 3, 'factor': 0.11139131645598857, 'min_lr': 1e-07}}",10,swin,data/gold/datasets/v8/train_val,swin_t,0,SwinTransformer,0.287931223783626,"{'architecture': 'swin_t', 'pretrained': True, 'unfreeze_layers': 2, 'hidden_units': 512, 'dropout': 0.287931223783626, 'weights': 'IMAGENET1K_V1'}",{},32,auto,15,v8,512,True,2.192363765818685,19.502074688796682,2.98510716451788e-05,0.10810810810810811,0.10294117647058823,0.16279069767441862,0.23636363636363636,0.0,0.0,0.08955223880597014,0.13636363636363635,0.12612612612612611,0.18309859154929578,0.3333333333333333,0.0,0.06091370558375635,0.41379310344827586,0.6592920353982301,0.26278659611992944,0.13861386138613863,0.21212121212121213,0.07142857142857142,0.2727272727272727,0.0547945205479452,0.06639004149377593,0.10619469026548672,0.37578814627994955,0.11320754716981132,0.16766467065868262,0.17777777777777778,0.04081632653061224,0.045454545454545456,0.06896551724137931,0.20792471137177806,0.2126482213438735,0.18237498700345764,0.18669754772204405,0.6411180038835241,0.15432012181668997,0.1495855255832267,0.08768362389033463,0.07311417570178158,21.26482213438735,2.1419545263051987,19.130434782608695,19.0,0.5546874817270921,0.44214304075255295,0.5209241494347303
f77af1387308488b89f94a586d2427dc,2,42,"{'data_dir': 'data/gold/datasets/v8/train_val', 'experiment_name': 'SwinTransformer', 'mlflow_uri': 'file:///mlruns', 'dataset_name': 'v8', 'max_epochs': 30, 'batch_size': 32, 'num_workers': 0, 'device': 'auto', 'seed': 42}",30,"{'type': 'AdamW', 'params': {'lr': 0.00013717929906798847, 'weight_decay': 0.07621327976942957}}","{'type': 'CrossEntropyLoss', 'params': {'label_smoothing': 0.04216410000853664}}","[{'class_path': 'src.utils.callbacks.EarlyStopping', 'init_args': {'patience': 15, 'verbose': True}}, {'class_path': 'src.utils.callbacks.ModelCheckpoint', 'init_args': {'filepath': 'best_swin.pth', 'monitor': 'val_loss', 'save_best_only': True}}]",{'use_augmentation': False},file:///mlruns,IMAGENET1K_V1,"{'type': 'CosineAnnealingWarmRestarts', 'params': {'T_0': 13, 'T_mult': 1, 'eta_min': 1e-06}}",10,swin,data/gold/datasets/v8/train_val,swin_t,0,SwinTransformer,0.0620850145000584,"{'architecture': 'swin_t', 'pretrained': True, 'unfreeze_layers': 2, 'hidden_units': 512, 'dropout': 0.0620850145000584, 'weights': 'IMAGENET1K_V1'}",{},32,auto,15,v8,512,True,1.985454258582404,29.559375617466905,0.00012826090292841262,0.11009174311926606,0.04411764705882353,0.42857142857142855,0.0851063829787234,0.0,0.0,0.06896551724137931,0.2727272727272727,0.08,0.25,0.05128205128205128,0.0,0.050505050505050504,0.1724137931034483,0.5663716814159292,0.27176220806794055,0.10396039603960396,0.15,0.07142857142857142,0.2054794520547945,0.02564102564102564,0.23931623931623933,0.078125,0.3672883787661406,0.10600706713780919,0.12280701754385964,0.20588235294117646,0.2857142857142857,0.05,0.017241379310344827,0.2892030281053257,0.21106719367588933,0.1906001603452701,0.22454567179997326,0.6324125452895296,0.18087937727047612,0.1547038346623505,0.1039971466693407,0.09865290922487291,21.106719367588934,2.1401319235563276,19.209486166007906,17.0,0.5572916483079705,0.5084852805742802,0.5426497379878634
19ac2f0b05f1453c8b76f13aca5c5b52,2,42,"{'data_dir': 'data/gold/datasets/v8/train_val', 'experiment_name': 'SwinTransformer', 'mlflow_uri': 'file:///mlruns', 'dataset_name': 'v8', 'max_epochs': 30, 'batch_size': 32, 'num_workers': 0, 'device': 'auto', 'seed': 42}",30,"{'type': 'AdamW', 'params': {'lr': 2.398248630704476e-05, 'weight_decay': 0.01846243593703566}}","{'type': 'CrossEntropyLoss', 'params': {'label_smoothing': 0.017855610131484692}}","[{'class_path': 'src.utils.callbacks.EarlyStopping', 'init_args': {'patience': 15, 'verbose': True}}, {'class_path': 'src.utils.callbacks.ModelCheckpoint', 'init_args': {'filepath': 'best_swin.pth', 'monitor': 'val_loss', 'save_best_only': True}}]",{'use_augmentation': False},file:///mlruns,IMAGENET1K_V1,"{'type': 'CosineAnnealingWarmRestarts', 'params': {'T_0': 12, 'T_mult': 1, 'eta_min': 1e-06}}",10,swin,data/gold/datasets/v8/train_val,swin_t,0,SwinTransformer,0.003953764314277047,"{'architecture': 'swin_t', 'pretrained': True, 'unfreeze_layers': 2, 'hidden_units': 512, 'dropout': 0.003953764314277047, 'weights': 'IMAGENET1K_V1'}",{},32,auto,15,v8,512,True,2.1571351378078494,21.04327208061648,2.2281482801665494e-05,0.06557377049180328,0.08823529411764706,0.23076923076923078,0.18691588785046728,0.04145077720207254,0.18181818181818182,0.11764705882352941,0.045454545454545456,0.1276595744680851,0.14705882352941177,0.2564102564102564,0.06751054852320675,0.047619047619047616,0.13793103448275862,0.831858407079646,0.25578231292517006,0.07920792079207921,0.20512820512820512,0.014285714285714285,0.21428571428571427,0.1111111111111111,0.009950248756218905,0.07079646017699115,0.39125910509885536,0.026785714285714284,0.11428571428571428,0.2,0.00510204081632653,0.07216494845360824,0.2413793103448276,0.2686741766641419,0.2150197628458498,0.17059214295982855,0.20153260929076716,0.6333726084722803,0.14942787347306333,0.12939967122052604,0.09968075834204697,0.0843710114418541,21.50197628458498,2.1086136370897295,19.92094861660079,24.0,0.5807291475358757,0.4909318144436207,0.5537899476081991
c2b0b3d56274434db5e6c29bbc44ca81,2,42,"{'data_dir': 'data/gold/datasets/v8/train_val', 'experiment_name': 'SwinTransformer', 'mlflow_uri': 'file:///mlruns', 'dataset_name': 'v8', 'max_epochs': 30, 'batch_size': 32, 'num_workers': 0, 'device': 'auto', 'seed': 42}",30,"{'type': 'AdamW', 'params': {'lr': 5.52544593327346e-05, 'weight_decay': 0.06745716184161302}}","{'type': 'CrossEntropyLoss', 'params': {'label_smoothing': 0.0009343988027520796}}","[{'class_path': 'src.utils.callbacks.EarlyStopping', 'init_args': {'patience': 15, 'verbose': True}}, {'class_path': 'src.utils.callbacks.ModelCheckpoint', 'init_args': {'filepath': 'best_swin.pth', 'monitor': 'val_loss', 'save_best_only': True}}]",{'use_augmentation': False},file:///mlruns,IMAGENET1K_V1,"{'type': 'CosineAnnealingWarmRestarts', 'params': {'T_0': 14, 'T_mult': 1, 'eta_min': 1e-06}}",10,swin,data/gold/datasets/v8/train_val,swin_t,0,SwinTransformer,0.03013624195776357,"{'architecture': 'swin_t', 'pretrained': True, 'unfreeze_layers': 2, 'hidden_units': 512, 'dropout': 0.03013624195776357, 'weights': 'IMAGENET1K_V1'}",{},32,auto,15,v8,512,True,2.0618369510064976,24.22446156885991,5.244784116498451e-05,0.06153846153846154,0.17647058823529413,0.1188118811881188,0.3157894736842105,0.046632124352331605,0.18,0.09523809523809523,0.045454545454545456,0.14201183431952663,0.21238938053097345,0.6153846153846154,0.07407407407407407,0.05084745762711865,0.3103448275862069,0.672566371681416,0.3355408388520971,0.15841584158415842,0.23529411764705882,0.02857142857142857,0.2608695652173913,0.06944444444444445,0.21262458471760798,0.08737864077669903,0.4477172312223859,0.05150214592274678,0.1893491124260355,0.3047619047619048,0.16326530612244897,0.05813953488372093,0.08620689655172414,0.24804534318584073,0.23873517786561266,0.21387249565665542,0.2045989313949766,0.6675341176219196,0.17790824028202595,0.16147044104042874,0.1337797847484418,0.11971670688006852,23.873517786561266,2.0834043651819227,22.371541501976285,28.0,0.6614583115431052,0.6296024019179396,0.6519015386555554
c3a0858cba4747e9b8c828f0c55846c7,6,42,"{'data_dir': 'data/gold/datasets/v8/train_val', 'experiment_name': 'DenseNet', 'mlflow_uri': 'file:///mlruns', 'dataset_name': 'v8', 'seed': 42, 'max_epochs': 30, 'batch_size': 32, 'num_workers': 0, 'device': 'auto'}",30,"{'type': 'AdamW', 'params': {'lr': 0.00012397974183237057, 'weight_decay': 1.7099954751987394e-05}}","{'type': 'CrossEntropyLoss', 'params': {'label_smoothing': 0.1}}","[{'class_path': 'src.utils.callbacks.EarlyStopping', 'init_args': {'patience': 7, 'verbose': True}}, {'class_path': 'src.utils.callbacks.ModelCheckpoint', 'init_args': {'filepath': 'best_densenet.pth', 'monitor': 'val_loss', 'save_best_only': True}}]",{'use_augmentation': False},file:///mlruns,IMAGENET1K_V1,"{'type': 'ReduceLROnPlateau', 'params': {'mode': 'min', 'patience': 8, 'factor': 0.2278498661855998, 'min_lr': 1e-07}}",10,densenet,data/gold/datasets/v8/train_val,densenet121,0,DenseNet,0.27972290152754764,"{'architecture': 'densenet121', 'pretrained': True, 'unfreeze_layers': 6, 'hidden_units': 256, 'dropout': 0.27972290152754764, 'weights': 'IMAGENET1K_V1'}",{},32,auto,15,v8,256,True,0.9054445683591051,84.88441019561351,0.00012397974183237057,0.0,0.0,0.0,0.0,0.0,0.0,0.0,0.0,0.0,0.0,0.0,0.0,0.0,0.0,1.0,0.18211120064464142,0.0049504950495049506,0.3333333333333333,0.004761904761904762,0.1,0.0,0.0,0.0,0.30811179277436945,0.00909090909090909,0.00975609756097561,0.0,0.0,0.0,0.0,0.14430893216763835,0.2,0.13334241089692514,0.12780536446656215,0.6584301299683004,0.10139936121545523,0.08544713134693495,0.06755191470252014,0.04072666727112351,20.0,3.7551529318094254,18.023715415019762,0.0,0.5182291495947949,0.36027337366396894,0.4708424168155471
59673931c7434b44b99449eba16a9e4e,5,42,"{'data_dir': 'data/gold/datasets/v8/train_val', 'experiment_name': 'DenseNet', 'mlflow_uri': 'file:///mlruns', 'dataset_name': 'v8', 'seed': 42, 'max_epochs': 30, 'batch_size': 32, 'num_workers': 0, 'device': 'auto'}",30,"{'type': 'AdamW', 'params': {'lr': 0.00041963735297864506, 'weight_decay': 6.394540087666025e-05}}","{'type': 'CrossEntropyLoss', 'params': {'label_smoothing': 0.1}}","[{'class_path': 'src.utils.callbacks.EarlyStopping', 'init_args': {'patience': 7, 'verbose': True}}, {'class_path': 'src.utils.callbacks.ModelCheckpoint', 'init_args': {'filepath': 'best_densenet.pth', 'monitor': 'val_loss', 'save_best_only': True}}]",{'use_augmentation': False},file:///mlruns,IMAGENET1K_V1,"{'type': 'ReduceLROnPlateau', 'params': {'mode': 'min', 'patience': 7, 'factor': 0.2947817590762886, 'min_lr': 1e-07}}",10,densenet,data/gold/datasets/v8/train_val,densenet121,0,DenseNet,0.3718229936345373,"{'architecture': 'densenet121', 'pretrained': True, 'unfreeze_layers': 5, 'hidden_units': 512, 'dropout': 0.3718229936345373, 'weights': 'IMAGENET1K_V1'}",{},32,auto,15,v8,512,True,0.7390455925942786,92.5903971547125,0.00041963735297864506,0.0,0.0,0.0,0.0,0.0,0.0,0.0,0.0,0.0,0.0,0.0,0.0,0.0,0.0,0.0,0.0,0.0,0.0,0.0,0.0,0.0,0.2699724517906336,0.0,0.0,0.0,0.0,0.15605095541401273,1.0,0.0,0.0,0.09287444352818142,0.17944664031620552,0.10074510523178504,0.05782573940847322,0.4436850134537333,0.05996019654972169,0.03413723063992716,0.007801991471794253,0.0013043957757352675,17.94466403162055,4.793516301363707,15.494071146245059,14.0,0.4348958190066872,0.11728822631101202,0.33961354119798465
a12c5e56f3d544a48769cfcda7126ea3,2,42,"{'data_dir': 'data/gold/datasets/v8/train_val', 'experiment_name': 'DenseNet', 'mlflow_uri': 'file:///mlruns', 'dataset_name': 'v8', 'seed': 42, 'max_epochs': 30, 'batch_size': 32, 'num_workers': 0, 'device': 'auto'}",30,"{'type': 'AdamW', 'params': {'lr': 0.001404038235897599, 'weight_decay': 0.00058152551439557}}","{'type': 'CrossEntropyLoss', 'params': {'label_smoothing': 0.1}}","[{'class_path': 'src.utils.callbacks.EarlyStopping', 'init_args': {'patience': 7, 'verbose': True}}, {'class_path': 'src.utils.callbacks.ModelCheckpoint', 'init_args': {'filepath': 'best_densenet.pth', 'monitor': 'val_loss', 'save_best_only': True}}]",{'use_augmentation': False},file:///mlruns,IMAGENET1K_V1,"{'type': 'ReduceLROnPlateau', 'params': {'mode': 'min', 'patience': 7, 'factor': 0.34353005768022477, 'min_lr': 1e-07}}",10,densenet,data/gold/datasets/v8/train_val,densenet121,0,DenseNet,0.35203287706150016,"{'architecture': 'densenet121', 'pretrained': True, 'unfreeze_layers': 2, 'hidden_units': 256, 'dropout': 0.35203287706150016, 'weights': 'IMAGENET1K_V1'}",{},32,auto,15,v8,256,True,2.033729273489496,26.378186129223472,0.001404038235897599,0.0,0.0,0.0,0.0,0.0,0.0,0.0,0.0,0.0,0.0,0.0,0.0,0.0,0.0,1.0,0.17865612648221343,0.0,0.0,0.0,0.0,0.0,0.0,0.0,0.30315224681421865,0.0,0.0,0.0,0.0,0.0,0.0,0.07012880608576479,0.17944664031620552,0.102348384111647,0.08134422110552764,0.6287299059799087,0.05964676663879074,0.03703299180764884,0.02645968899078807,0.009737688746906059,17.94466403162055,7.797842359542846,17.865612648221344,5.0,0.5130208164330382,0.19316352682668325,0.4170636295511317
d16c40beb9164c86aa16b87babfe88e7,2,42,"{'data_dir': 'data/gold/datasets/v8/train_val', 'experiment_name': 'DenseNet', 'mlflow_uri': 'file:///mlruns', 'dataset_name': 'v8', 'seed': 42, 'max_epochs': 30, 'batch_size': 32, 'num_workers': 0, 'device': 'auto'}",30,"{'type': 'AdamW', 'params': {'lr': 0.0014746121870464332, 'weight_decay': 6.9994549855713e-05}}","{'type': 'CrossEntropyLoss', 'params': {'label_smoothing': 0.1}}","[{'class_path': 'src.utils.callbacks.EarlyStopping', 'init_args': {'patience': 7, 'verbose': True}}, {'class_path': 'src.utils.callbacks.ModelCheckpoint', 'init_args': {'filepath': 'best_densenet.pth', 'monitor': 'val_loss', 'save_best_only': True}}]",{'use_augmentation': False},file:///mlruns,IMAGENET1K_V1,"{'type': 'ReduceLROnPlateau', 'params': {'mode': 'min', 'patience': 6, 'factor': 0.15971752855517907, 'min_lr': 1e-07}}",10,densenet,data/gold/datasets/v8/train_val,densenet121,0,DenseNet,0.35402142061141284,"{'architecture': 'densenet121', 'pretrained': True, 'unfreeze_layers': 2, 'hidden_units': 256, 'dropout': 0.35402142061141284, 'weights': 'IMAGENET1K_V1'}",{},32,auto,15,v8,256,True,2.007778457798192,27.781070934597906,0.0014746121870464332,0.0,0.0,0.0,0.0,0.0,0.0,0.0,0.0,0.0,0.0,0.0,0.0,0.0,0.0,1.0,0.17865612648221343,0.0,0.0,0.0,0.0,0.0,0.0,0.0,0.30315224681421865,0.0,0.0,0.0,0.0,0.0,0.0,0.07268889689002109,0.1826086956521739,0.11018386375529232,0.1285188513235239,0.6471536931477145,0.06269105977346257,0.04966262121538207,0.02443828754338798,0.006581725496629498,18.26086956521739,8.252646380662918,17.865612648221344,10.0,0.5130208164330382,0.1849430890085571,0.4145974982056938
170667eb55794c808d1c45529bae8fa4,2,42,"{'data_dir': 'data/gold/datasets/v8/train_val', 'experiment_name': 'DenseNet', 'mlflow_uri': 'file:///mlruns', 'dataset_name': 'v8', 'seed': 42, 'max_epochs': 30, 'batch_size': 32, 'num_workers': 0, 'device': 'auto'}",30,"{'type': 'AdamW', 'params': {'lr': 0.005265761277157428, 'weight_decay': 1.0325337616482036e-05}}","{'type': 'CrossEntropyLoss', 'params': {'label_smoothing': 0.1}}","[{'class_path': 'src.utils.callbacks.EarlyStopping', 'init_args': {'patience': 7, 'verbose': True}}, {'class_path': 'src.utils.callbacks.ModelCheckpoint', 'init_args': {'filepath': 'best_densenet.pth', 'monitor': 'val_loss', 'save_best_only': True}}]",{'use_augmentation': False},file:///mlruns,IMAGENET1K_V1,"{'type': 'ReduceLROnPlateau', 'params': {'mode': 'min', 'patience': 6, 'factor': 0.2669644012595116, 'min_lr': 1e-07}}",10,densenet,data/gold/datasets/v8/train_val,densenet121,0,DenseNet,0.44540442977674793,"{'architecture': 'densenet121', 'pretrained': True, 'unfreeze_layers': 2, 'hidden_units': 512, 'dropout': 0.44540442977674793, 'weights': 'IMAGENET1K_V1'}",{},32,auto,15,v8,512,True,2.3029804844508597,10.55127445168939,0.005265761277157428,0.0,0.0,0.0,0.0,0.0,0.0,0.0,0.0,0.0,0.0,0.0,0.0,0.0,0.0,0.995575221238938,0.17800632911392406,0.0,0.0,0.0,0.0,0.0,0.0,0.0,0.30201342281879195,0.0,0.0,0.0,0.0,0.0,0.0,0.03180192124881173,0.17786561264822134,0.09955752212389381,0.017800632911392406,0.5002636426224132,0.05395654826644031,0.030201342281879196,-0.021039123280669616,-0.0009441864817754109,17.786561264822133,2.3103247463703154,17.786561264822133,13.0,0.5104166498521598,0.0,0.3572916548965119
0c960897a8974a019b2bf9c88b97f989,6,42,"{'data_dir': 'data/gold/datasets/v8/train_val', 'experiment_name': 'DenseNet', 'mlflow_uri': 'file:///mlruns', 'dataset_name': 'v8', 'seed': 42, 'max_epochs': 30, 'batch_size': 32, 'num_workers': 0, 'device': 'auto'}",30,"{'type': 'AdamW', 'params': {'lr': 0.00010607075128691119, 'weight_decay': 3.66069085844893e-05}}","{'type': 'CrossEntropyLoss', 'params': {'label_smoothing': 0.1}}","[{'class_path': 'src.utils.callbacks.EarlyStopping', 'init_args': {'patience': 7, 'verbose': True}}, {'class_path': 'src.utils.callbacks.ModelCheckpoint', 'init_args': {'filepath': 'best_densenet.pth', 'monitor': 'val_loss', 'save_best_only': True}}]",{'use_augmentation': False},file:///mlruns,IMAGENET1K_V1,"{'type': 'ReduceLROnPlateau', 'params': {'mode': 'min', 'patience': 8, 'factor': 0.17303754781145073, 'min_lr': 1e-07}}",10,densenet,data/gold/datasets/v8/train_val,densenet121,0,DenseNet,0.42170316476515435,"{'architecture': 'densenet121', 'pretrained': True, 'unfreeze_layers': 6, 'hidden_units': 256, 'dropout': 0.42170316476515435, 'weights': 'IMAGENET1K_V1'}",{},32,auto,15,v8,256,True,0.817806531873717,88.53981426595534,0.00010607075128691119,0.0,0.0,0.0,0.0,0.025906735751295335,0.29411764705882354,0.0,0.0,0.0,0.0,0.0,0.047619047619047616,0.0,0.0,0.9911504424778761,0.18330605564648117,0.01485148514851485,0.5,0.014285714285714285,0.3333333333333333,0.0,0.019417475728155338,0.0,0.30939226519337015,0.0273972602739726,0.028846153846153848,0.2,0.01020408163265306,0.0,0.0,0.33928979225820105,0.2727272727272727,0.2094093609474012,0.3582346341101429,0.7142968121541449,0.21854113077554652,0.19799681233433786,0.15273343934749395,0.13486462839246727,27.27272727272727,3.7555638253688812,18.73517786561265,4.0,0.5416666488227003,0.7066812717575485,0.5911710357031548
a82d79a77d494a3bae549fc9572a2719,3,42,"{'data_dir': 'data/gold/datasets/v8/train_val', 'experiment_name': 'DenseNet', 'mlflow_uri': 'file:///mlruns', 'dataset_name': 'v8', 'seed': 42, 'max_epochs': 30, 'batch_size': 32, 'num_workers': 0, 'device': 'auto'}",30,"{'type': 'AdamW', 'params': {'lr': 0.0018000554787310765, 'weight_decay': 0.0009760880014194823}}","{'type': 'CrossEntropyLoss', 'params': {'label_smoothing': 0.1}}","[{'class_path': 'src.utils.callbacks.EarlyStopping', 'init_args': {'patience': 7, 'verbose': True}}, {'class_path': 'src.utils.callbacks.ModelCheckpoint', 'init_args': {'filepath': 'best_densenet.pth', 'monitor': 'val_loss', 'save_best_only': True}}]","{'use_augmentation': True, 'per_image_aug_method': 'advanced', 'advanced_params': {'p_distort': 0.35098402244245297, 'p_noise': 0.31884812636182286, 'p_dropout': 0.16958727574556906, 'num_holes': 12, 'crop_scale_min': 0.7967158671865746}, 'batch_level_aug_method': 'cutmix', 'mix_alpha': 0.6933407010948542}",file:///mlruns,IMAGENET1K_V1,"{'type': 'ReduceLROnPlateau', 'params': {'mode': 'min', 'patience': 5, 'factor': 0.16160590322979504, 'min_lr': 1e-07}}",10,densenet,data/gold/datasets/v8/train_val,densenet121,0,DenseNet,0.38351279238802843,"{'architecture': 'densenet121', 'pretrained': True, 'unfreeze_layers': 3, 'hidden_units': 256, 'dropout': 0.38351279238802843, 'weights': 'IMAGENET1K_V1'}",{},32,auto,15,v8,256,True,2.302105672838565,10.511756569847856,4.7011091234194733e-05,0.06722689075630252,0.0,0.0,0.0,0.0,0.0,0.034782608695652174,1.0,0.0,0.0,0.0,0.0,0.0,0.0,0.0,0.0,0.0,0.0,0.0,0.0,0.0,0.0,0.0,0.0,0.0,0.0,0.0,0.0,0.0,0.0,0.03191801152962864,0.17865612648221343,0.1,0.017865612648221344,0.49999621607880956,0.05416000615020824,0.030315224681421865,0.0,0.0,17.865612648221344,2.3037757575511932,3.4782608695652173,0.0,0.03906249871317549,0.08555985002339937,0.05301170410624265
eb8c4ee31b1a4813ba0798a98d6ed3c6,6,42,"{'data_dir': 'data/gold/datasets/v8/train_val', 'experiment_name': 'DenseNet', 'mlflow_uri': 'file:///mlruns', 'dataset_name': 'v8', 'seed': 42, 'max_epochs': 30, 'batch_size': 32, 'num_workers': 0, 'device': 'auto'}",30,"{'type': 'AdamW', 'params': {'lr': 0.00010148184844173005, 'weight_decay': 2.5820417336383462e-05}}","{'type': 'CrossEntropyLoss', 'params': {'label_smoothing': 0.1}}","[{'class_path': 'src.utils.callbacks.EarlyStopping', 'init_args': {'patience': 7, 'verbose': True}}, {'class_path': 'src.utils.callbacks.ModelCheckpoint', 'init_args': {'filepath': 'best_densenet.pth', 'monitor': 'val_loss', 'save_best_only': True}}]",{'use_augmentation': False},file:///mlruns,IMAGENET1K_V1,"{'type': 'ReduceLROnPlateau', 'params': {'mode': 'min', 'patience': 8, 'factor': 0.16410495861926586, 'min_lr': 1e-07}}",10,densenet,data/gold/datasets/v8/train_val,densenet121,0,DenseNet,0.4269991573582717,"{'architecture': 'densenet121', 'pretrained': True, 'unfreeze_layers': 6, 'hidden_units': 256, 'dropout': 0.4269991573582717, 'weights': 'IMAGENET1K_V1'}",{},32,auto,15,v8,256,True,1.0847977971022507,76.15095830863466,0.00010148184844173005,0.0425531914893617,0.0,0.0,0.0,0.0,0.0,0.3333333333333333,0.022727272727272728,0.0,0.0,0.0,0.0,0.3333333333333333,0.034482758620689655,0.9911504424778761,0.1968365553602812,0.009900990099009901,0.18181818181818182,0.06190476190476191,0.19402985074626866,0.03278688524590164,0.07725321888412018,0.0625,0.3284457478005865,0.09386281588447654,0.018779342723004695,0.24324324324324326,0.04591836734693878,0.3333333333333333,0.017241379310344827,0.1686173480140356,0.1984189723320158,0.11833259724868939,0.1815927831167975,0.6573702062276991,0.09364542943857812,0.06561812020274513,0.05580906195855686,0.027159976974201028,19.841897233201582,3.0160849571228026,19.841897233201582,7.0,0.5781249809549974,0.31251868796641996,0.49844309305842416
81bb7397a90445f28140f53226acdc8d,2,42,"{'data_dir': 'data/gold/datasets/v8/train_val', 'experiment_name': 'DenseNet', 'mlflow_uri': 'file:///mlruns', 'dataset_name': 'v8', 'seed': 42, 'max_epochs': 30, 'batch_size': 32, 'num_workers': 0, 'device': 'auto'}",30,"{'type': 'AdamW', 'params': {'lr': 0.004132765459466366, 'weight_decay': 0.000184844917209886}}","{'type': 'CrossEntropyLoss', 'params': {'label_smoothing': 0.1}}","[{'class_path': 'src.utils.callbacks.EarlyStopping', 'init_args': {'patience': 7, 'verbose': True}}, {'class_path': 'src.utils.callbacks.ModelCheckpoint', 'init_args': {'filepath': 'best_densenet.pth', 'monitor': 'val_loss', 'save_best_only': True}}]",{'use_augmentation': False},file:///mlruns,IMAGENET1K_V1,"{'type': 'ReduceLROnPlateau', 'params': {'mode': 'min', 'patience': 8, 'factor': 0.4214688307596458, 'min_lr': 1e-07}}",10,densenet,data/gold/datasets/v8/train_val,densenet121,0,DenseNet,0.4789092957027719,"{'architecture': 'densenet121', 'pretrained': True, 'unfreeze_layers': 2, 'hidden_units': 256, 'dropout': 0.4789092957027719, 'weights': 'IMAGENET1K_V1'}",{},32,auto,15,v8,256,True,2.3029236460928626,10.215372456036356,0.004132765459466366,0.0,0.0,0.0,0.0598159509202454,0.0,0.0,0.0,0.0,0.0,0.0308300395256917,1.0,0.0,0.0,0.0,0.0,0.0,0.0,0.0,0.0,0.0,0.0,0.0,0.0,0.0,0.0,0.0,0.0,0.0,0.0,0.0,0.027558624568420065,0.16600790513833993,0.1,0.016600790513833993,0.5,0.04727004756481544,0.028474576271186443,0.0,0.0,16.600790513833992,2.3103339195251467,3.08300395256917,1.0,0.02604166580878366,0.08555985002339937,0.04389712107316837
15939b51c3364da694fb81469a338940,5,42,"{'data_dir': 'data/gold/datasets/v8/train_val', 'experiment_name': 'DenseNet', 'mlflow_uri': 'file:///mlruns', 'dataset_name': 'v8', 'seed': 42, 'max_epochs': 30, 'batch_size': 32, 'num_workers': 0, 'device': 'auto'}",30,"{'type': 'AdamW', 'params': {'lr': 0.00024983581662314227, 'weight_decay': 4.2125882785480696e-05}}","{'type': 'CrossEntropyLoss', 'params': {'label_smoothing': 0.1}}","[{'class_path': 'src.utils.callbacks.EarlyStopping', 'init_args': {'patience': 7, 'verbose': True}}, {'class_path': 'src.utils.callbacks.ModelCheckpoint', 'init_args': {'filepath': 'best_densenet.pth', 'monitor': 'val_loss', 'save_best_only': True}}]",{'use_augmentation': False},file:///mlruns,IMAGENET1K_V1,"{'type': 'ReduceLROnPlateau', 'params': {'mode': 'min', 'patience': 6, 'factor': 0.1820741747114114, 'min_lr': 1e-07}}",10,densenet,data/gold/datasets/v8/train_val,densenet121,0,DenseNet,0.32556168494984367,"{'architecture': 'densenet121', 'pretrained': True, 'unfreeze_layers': 5, 'hidden_units': 256, 'dropout': 0.32556168494984367, 'weights': 'IMAGENET1K_V1'}",{},32,auto,15,v8,256,True,1.0233694343457602,78.73937956925509,0.00024983581662314227,0.0,0.0,0.0,0.0,0.0,0.0,0.0,0.0,0.0,0.0,0.0,0.0,0.0,0.0,0.672566371681416,0.1790341578327444,0.0,0.0,0.0,0.0,0.0,0.2553191489361702,0.0,0.2827906976744186,0.0,0.0,0.18795180722891566,0.3979591836734694,0.0,0.0,0.1228985008184613,0.216600790513834,0.12738336042381554,0.07462815656565655,0.5590022220343542,0.1363786395463174,0.08121438275290734,0.0656976545111988,0.05513196790381392,21.6600790513834,2.8836645990610124,18.181818181818183,6.0,0.5234374827565518,0.35273264956832284,0.4722260328000831
cc2115d6ba7d41d0863c2045fb10aa80,2,42,"{'data_dir': 'data/gold/datasets/v8/train_val', 'experiment_name': 'DenseNet', 'mlflow_uri': 'file:///mlruns', 'dataset_name': 'v8', 'seed': 42, 'max_epochs': 30, 'batch_size': 32, 'num_workers': 0, 'device': 'auto'}",30,"{'type': 'AdamW', 'params': {'lr': 0.002184977598412593, 'weight_decay': 0.00021376575202698174}}","{'type': 'CrossEntropyLoss', 'params': {'label_smoothing': 0.1}}","[{'class_path': 'src.utils.callbacks.EarlyStopping', 'init_args': {'patience': 7, 'verbose': True}}, {'class_path': 'src.utils.callbacks.ModelCheckpoint', 'init_args': {'filepath': 'best_densenet.pth', 'monitor': 'val_loss', 'save_best_only': True}}]",{'use_augmentation': False},file:///mlruns,IMAGENET1K_V1,"{'type': 'ReduceLROnPlateau', 'params': {'mode': 'min', 'patience': 7, 'factor': 0.28014093719092836, 'min_lr': 1e-07}}",10,densenet,data/gold/datasets/v8/train_val,densenet121,0,DenseNet,0.3476912531297247,"{'architecture': 'densenet121', 'pretrained': True, 'unfreeze_layers': 2, 'hidden_units': 256, 'dropout': 0.3476912531297247, 'weights': 'IMAGENET1K_V1'}",{},32,auto,15,v8,256,True,2.3019023491822312,11.025489033787789,0.002184977598412593,0.06722689075630252,0.0,0.0,0.0,0.0,0.0,0.034782608695652174,1.0,0.0,0.0,0.0,0.0,0.0,0.0,0.0,0.0,0.0,0.0,0.0,0.0,0.0,0.0,0.0,0.0,0.0,0.0,0.0,0.0,0.0,0.0,0.023277351622428097,0.15256916996047432,0.1,0.015256916996047431,0.5,0.04039211221175794,0.026474622770919064,0.0,0.0,15.256916996047432,2.301503324508667,3.4782608695652173,11.0,0.03906249871317549,0.08555985002339937,0.05301170410624265
f09e25614d774b69abff0da5b0b6fea6,5,42,"{'data_dir': 'data/gold/datasets/v8/train_val', 'experiment_name': 'DenseNet', 'mlflow_uri': 'file:///mlruns', 'dataset_name': 'v8', 'seed': 42, 'max_epochs': 30, 'batch_size': 32, 'num_workers': 0, 'device': 'auto'}",30,"{'type': 'AdamW', 'params': {'lr': 0.00011675477229683837, 'weight_decay': 2.8485739945021954e-05}}","{'type': 'CrossEntropyLoss', 'params': {'label_smoothing': 0.1}}","[{'class_path': 'src.utils.callbacks.EarlyStopping', 'init_args': {'patience': 7, 'verbose': True}}, {'class_path': 'src.utils.callbacks.ModelCheckpoint', 'init_args': {'filepath': 'best_densenet.pth', 'monitor': 'val_loss', 'save_best_only': True}}]",{'use_augmentation': False},file:///mlruns,IMAGENET1K_V1,"{'type': 'ReduceLROnPlateau', 'params': {'mode': 'min', 'patience': 8, 'factor': 0.24510850609295648, 'min_lr': 1e-07}}",10,densenet,data/gold/datasets/v8/train_val,densenet121,0,DenseNet,0.36783984500740813,"{'architecture': 'densenet121', 'pretrained': True, 'unfreeze_layers': 5, 'hidden_units': 256, 'dropout': 0.36783984500740813, 'weights': 'IMAGENET1K_V1'}",{},32,auto,15,v8,256,True,1.020936418088428,78.40347757360206,0.00011675477229683837,0.0,0.0,0.0,0.0,0.0,0.0,0.0,0.0,0.0,0.0,0.0,0.0,0.0,0.0,0.022123893805309734,0.1111111111111111,0.0049504950495049506,1.0,0.0,0.0,0.0,0.26912181303116145,0.0,0.03690036900369004,0.0,0.009852216748768473,0.15625,0.9693877551020408,0.0,0.0,0.29019183347358174,0.26403162055335966,0.196863799960518,0.33490410159856254,0.728455494982973,0.209980862993139,0.19314992190727326,0.14375200449266098,0.11860082563232122,26.403162055335965,2.9086023680865765,15.494071146245059,5.0,0.4348958190066872,0.6701564504081494,0.5054740084271259
a8edfb556364427a9c4f9d274bd634f9,4,42,"{'data_dir': 'data/gold/datasets/v8/train_val', 'experiment_name': 'DenseNet', 'mlflow_uri': 'file:///mlruns', 'dataset_name': 'v8', 'seed': 42, 'max_epochs': 30, 'batch_size': 32, 'num_workers': 0, 'device': 'auto'}",30,"{'type': 'AdamW', 'params': {'lr': 0.0002746339744432779, 'weight_decay': 0.0006041450832421393}}","{'type': 'CrossEntropyLoss', 'params': {'label_smoothing': 0.1}}","[{'class_path': 'src.utils.callbacks.EarlyStopping', 'init_args': {'patience': 7, 'verbose': True}}, {'class_path': 'src.utils.callbacks.ModelCheckpoint', 'init_args': {'filepath': 'best_densenet.pth', 'monitor': 'val_loss', 'save_best_only': True}}]",{'use_augmentation': False},file:///mlruns,IMAGENET1K_V1,"{'type': 'ReduceLROnPlateau', 'params': {'mode': 'min', 'patience': 7, 'factor': 0.3106163465393664, 'min_lr': 1e-07}}",10,densenet,data/gold/datasets/v8/train_val,densenet121,0,DenseNet,0.45218976472456557,"{'architecture': 'densenet121', 'pretrained': True, 'unfreeze_layers': 4, 'hidden_units': 256, 'dropout': 0.45218976472456557, 'weights': 'IMAGENET1K_V1'}",{},32,auto,15,v8,256,True,1.1106281036493029,74.33313574392413,0.0002746339744432779,0.0,0.0,0.0,0.0,0.0,0.0,0.0,0.0,0.0,0.0,0.0,0.0,0.0,0.0,0.0,0.0,0.0,0.0,0.0,0.0,0.0,0.2683093771389459,0.0,0.0,0.0,0.0,0.1549407114624506,1.0,0.0,0.0,0.06867569573206767,0.18181818181818182,0.10231172114863644,0.04156353036746786,0.5050021773098065,0.06522139447338572,0.03743009757989914,0.017912841709024203,0.004622326292141765,18.181818181818183,3.7094133242964746,15.494071146245059,6.0,0.4348958190066872,0.15840604373932993,0.35194888642648003
e3c65aa377fa4c37b196670d6f53e15d,4,42,"{'data_dir': 'data/gold/datasets/v8/train_val', 'experiment_name': 'DenseNet', 'mlflow_uri': 'file:///mlruns', 'dataset_name': 'v8', 'seed': 42, 'max_epochs': 30, 'batch_size': 32, 'num_workers': 0, 'device': 'auto'}",30,"{'type': 'AdamW', 'params': {'lr': 0.0003275890381540106, 'weight_decay': 4.820589937370411e-05}}","{'type': 'CrossEntropyLoss', 'params': {'label_smoothing': 0.1}}","[{'class_path': 'src.utils.callbacks.EarlyStopping', 'init_args': {'patience': 7, 'verbose': True}}, {'class_path': 'src.utils.callbacks.ModelCheckpoint', 'init_args': {'filepath': 'best_densenet.pth', 'monitor': 'val_loss', 'save_best_only': True}}]","{'use_augmentation': True, 'per_image_aug_method': 'advanced', 'advanced_params': {'p_distort': 0.298194066994819, 'p_noise': 0.3733624218914951, 'p_dropout': 0.12446206126327106, 'num_holes': 12, 'crop_scale_min': 0.6283168483304702}, 'batch_level_aug_method': 'mixup', 'mix_alpha': 0.8865882330031776}",file:///mlruns,IMAGENET1K_V1,"{'type': 'ReduceLROnPlateau', 'params': {'mode': 'min', 'patience': 4, 'factor': 0.20342780074290778, 'min_lr': 1e-07}}",10,densenet,data/gold/datasets/v8/train_val,densenet121,0,DenseNet,0.30552342663264753,"{'architecture': 'densenet121', 'pretrained': True, 'unfreeze_layers': 4, 'hidden_units': 256, 'dropout': 0.30552342663264753, 'weights': 'IMAGENET1K_V1'}",{},32,auto,15,v8,256,True,2.3024900629925082,10.511756569847856,6.664071757915488e-05,0.0,0.0,0.0,0.0,0.0,0.0,0.0,0.0,0.0,0.0,0.0,0.0,0.02292490118577075,1.0,0.0,0.0,0.0,0.0,0.0,0.0,0.0,0.0,0.04482225656877898,0.0,0.0,0.0,0.0,0.0,0.0,0.0,0.027558624568420065,0.16600790513833993,0.1,0.016600790513833993,0.5070275464075747,0.04727004756481544,0.028474576271186443,0.0,0.0,16.600790513833992,2.310898643732071,2.292490118577075,0.0,0.0,0.08555985002339937,0.02566795500701981
d93fb3639e01417e924334cb91236c42,5,42,"{'data_dir': 'data/gold/datasets/v8/train_val', 'experiment_name': 'DenseNet', 'mlflow_uri': 'file:///mlruns', 'dataset_name': 'v8', 'seed': 42, 'max_epochs': 30, 'batch_size': 32, 'num_workers': 0, 'device': 'auto'}",30,"{'type': 'AdamW', 'params': {'lr': 0.00013621838070322452, 'weight_decay': 2.4689315146839e-05}}","{'type': 'CrossEntropyLoss', 'params': {'label_smoothing': 0.1}}","[{'class_path': 'src.utils.callbacks.EarlyStopping', 'init_args': {'patience': 7, 'verbose': True}}, {'class_path': 'src.utils.callbacks.ModelCheckpoint', 'init_args': {'filepath': 'best_densenet.pth', 'monitor': 'val_loss', 'save_best_only': True}}]",{'use_augmentation': False},file:///mlruns,IMAGENET1K_V1,"{'type': 'ReduceLROnPlateau', 'params': {'mode': 'min', 'patience': 8, 'factor': 0.13173586863312217, 'min_lr': 1e-07}}",10,densenet,data/gold/datasets/v8/train_val,densenet121,0,DenseNet,0.49874707116462336,"{'architecture': 'densenet121', 'pretrained': True, 'unfreeze_layers': 5, 'hidden_units': 256, 'dropout': 0.49874707116462336, 'weights': 'IMAGENET1K_V1'}",{},32,auto,15,v8,256,True,1.1147794056683042,74.4714483303695,0.00013621838070322452,0.0,0.0,0.0,0.0,0.0,0.0,0.0,0.0,0.0,0.0,0.0,0.0,0.0,0.0,0.9867256637168141,0.18614357262103506,0.0,0.0,0.01904761904761905,0.4,0.0,0.1078838174273859,0.0,0.31320224719101125,0.03636363636363636,0.0,0.28888888888888886,0.0663265306122449,0.0,0.0,0.15809816992714848,0.22371541501976286,0.13412798741277976,0.13627197741359304,0.6924096127877749,0.13956417279830258,0.09182128458059807,0.08324522507898771,0.0626575153101111,22.371541501976285,3.5797687649726866,18.972332015810274,6.0,0.5494791485653353,0.42409339431163956,0.5118634222892265
c1b11d1117f24328a317f68c2ed410e8,6,42,"{'data_dir': 'data/gold/datasets/v8/train_val', 'experiment_name': 'DenseNet', 'mlflow_uri': 'file:///mlruns', 'dataset_name': 'v8', 'seed': 42, 'max_epochs': 30, 'batch_size': 32, 'num_workers': 0, 'device': 'auto'}",30,"{'type': 'AdamW', 'params': {'lr': 0.00016405271243425372, 'weight_decay': 3.388601880759856e-05}}","{'type': 'CrossEntropyLoss', 'params': {'label_smoothing': 0.1}}","[{'class_path': 'src.utils.callbacks.EarlyStopping', 'init_args': {'patience': 7, 'verbose': True}}, {'class_path': 'src.utils.callbacks.ModelCheckpoint', 'init_args': {'filepath': 'best_densenet.pth', 'monitor': 'val_loss', 'save_best_only': True}}]",{'use_augmentation': False},file:///mlruns,IMAGENET1K_V1,"{'type': 'ReduceLROnPlateau', 'params': {'mode': 'min', 'patience': 8, 'factor': 0.18901259579991925, 'min_lr': 1e-07}}",10,densenet,data/gold/datasets/v8/train_val,densenet121,0,DenseNet,0.4117818895715811,"{'architecture': 'densenet121', 'pretrained': True, 'unfreeze_layers': 6, 'hidden_units': 256, 'dropout': 0.4117818895715811, 'weights': 'IMAGENET1K_V1'}",{},32,auto,15,v8,256,True,1.0439965014541557,77.39577158664295,0.00016405271243425372,0.0,0.0,0.0,0.0,0.0,0.0,0.0,0.0,0.0,0.0,0.0,0.0,0.0,0.0,1.0,0.18616144975288304,0.009900990099009901,0.10526315789473684,0.023809523809523808,0.17857142857142858,0.0,0.0,0.0,0.3138888888888889,0.04201680672268908,0.01809954751131222,0.0,0.0,0.0,0.0,0.19395808560648908,0.20474308300395258,0.16892080613212385,0.18840721107658776,0.6654712065491475,0.10975403563167378,0.11224050704650819,0.08893375925327374,0.06149311232598287,20.474308300395258,3.7667951583862305,18.41897233201581,0.0,0.5312499824991868,0.4472269690481912,0.5060430784638881
95cd860735d146e1aa44ea745690be79,3,42,"{'data_dir': 'data/gold/datasets/v8/train_val', 'experiment_name': 'DenseNet', 'mlflow_uri': 'file:///mlruns', 'dataset_name': 'v8', 'seed': 42, 'max_epochs': 30, 'batch_size': 32, 'num_workers': 0, 'device': 'auto'}",30,"{'type': 'AdamW', 'params': {'lr': 0.0017690407841793106, 'weight_decay': 0.000476425382080271}}","{'type': 'CrossEntropyLoss', 'params': {'label_smoothing': 0.1}}","[{'class_path': 'src.utils.callbacks.EarlyStopping', 'init_args': {'patience': 7, 'verbose': True}}, {'class_path': 'src.utils.callbacks.ModelCheckpoint', 'init_args': {'filepath': 'best_densenet.pth', 'monitor': 'val_loss', 'save_best_only': True}}]","{'use_augmentation': True, 'per_image_aug_method': 'advanced', 'advanced_params': {'p_distort': 0.4925971285822386, 'p_noise': 0.1753718148596476, 'p_dropout': 0.26295674380097955, 'num_holes': 6, 'crop_scale_min': 0.7510869553069721}, 'batch_level_aug_method': 'mixup', 'mix_alpha': 0.3260161396816448}",file:///mlruns,IMAGENET1K_V1,"{'type': 'ReduceLROnPlateau', 'params': {'mode': 'min', 'patience': 5, 'factor': 0.3511921805378237, 'min_lr': 1e-07}}",10,densenet,data/gold/datasets/v8/train_val,densenet121,0,DenseNet,0.40159028633799854,"{'architecture': 'densenet121', 'pretrained': True, 'unfreeze_layers': 3, 'hidden_units': 256, 'dropout': 0.40159028633799854, 'weights': 'IMAGENET1K_V1'}",{},32,auto,15,v8,256,True,2.302587940767805,9.583086346571823,0.0006212732904562737,0.06722689075630252,0.0,0.0,0.0,0.0,0.0,0.034782608695652174,1.0,0.0,0.0,0.0,0.0,0.0,0.0,0.0,0.0,0.0,0.0,0.0,0.0,0.0,0.0,0.0,0.0,0.0,0.0,0.0,0.0,0.0,0.0,0.03191801152962864,0.17865612648221343,0.1,0.017865612648221344,0.5,0.05416000615020824,0.030315224681421865,0.0,0.0,17.865612648221344,2.3105199307203295,3.4782608695652173,4.0,0.03906249871317549,0.08555985002339937,0.05301170410624265
09587c9c5f064572bda6c8a0a79d2f1a,5,42,"{'data_dir': 'data/gold/datasets/v8/train_val', 'experiment_name': 'DenseNet', 'mlflow_uri': 'file:///mlruns', 'dataset_name': 'v8', 'seed': 42, 'max_epochs': 30, 'batch_size': 32, 'num_workers': 0, 'device': 'auto'}",30,"{'type': 'AdamW', 'params': {'lr': 0.000816845589476017, 'weight_decay': 0.00037183641805732076}}","{'type': 'CrossEntropyLoss', 'params': {'label_smoothing': 0.1}}","[{'class_path': 'src.utils.callbacks.EarlyStopping', 'init_args': {'patience': 7, 'verbose': True}}, {'class_path': 'src.utils.callbacks.ModelCheckpoint', 'init_args': {'filepath': 'best_densenet.pth', 'monitor': 'val_loss', 'save_best_only': True}}]",{'use_augmentation': False},file:///mlruns,IMAGENET1K_V1,"{'type': 'ReduceLROnPlateau', 'params': {'mode': 'min', 'patience': 4, 'factor': 0.3056937753654447, 'min_lr': 1e-07}}",10,densenet,data/gold/datasets/v8/train_val,densenet121,0,DenseNet,0.30990855298810754,"{'architecture': 'densenet121', 'pretrained': True, 'unfreeze_layers': 5, 'hidden_units': 512, 'dropout': 0.30990855298810754, 'weights': 'IMAGENET1K_V1'}",{},32,auto,15,v8,512,True,1.205004138217286,69.45267733649476,0.00024970461213753576,0.0,0.0,0.0,0.0,0.0,0.0,0.0,0.0,0.0,0.0,0.0,0.0,0.0,0.0,0.23008849557522124,0.09885931558935361,0.0,0.0,0.0,0.0,0.0,0.32941176470588235,0.0,0.13829787234042554,0.0,0.0,0.2083897158322057,0.7857142857142857,0.0,0.0,0.11200880850017132,0.19209486166007905,0.11245955811492706,0.09183746956382974,0.6396972592206949,0.08069177027447931,0.053425815885731344,0.04955528380730435,0.02081774363107003,19.209486166007906,3.360200959444046,16.284584980237156,3.0,0.460937484815471,0.28708643427586855,0.4087821696535902
1c44cc54a9a347f7891da2ddbf4ec804,6,42,"{'data_dir': 'data/gold/datasets/v8/train_val', 'experiment_name': 'DenseNet', 'mlflow_uri': 'file:///mlruns', 'dataset_name': 'v8', 'seed': 42, 'max_epochs': 30, 'batch_size': 32, 'num_workers': 0, 'device': 'auto'}",30,"{'type': 'AdamW', 'params': {'lr': 0.00010721840237868293, 'weight_decay': 0.0008988675304297464}}","{'type': 'CrossEntropyLoss', 'params': {'label_smoothing': 0.1}}","[{'class_path': 'src.utils.callbacks.EarlyStopping', 'init_args': {'patience': 7, 'verbose': True}}, {'class_path': 'src.utils.callbacks.ModelCheckpoint', 'init_args': {'filepath': 'best_densenet.pth', 'monitor': 'val_loss', 'save_best_only': True}}]",{'use_augmentation': False},file:///mlruns,IMAGENET1K_V1,"{'type': 'ReduceLROnPlateau', 'params': {'mode': 'min', 'patience': 7, 'factor': 0.10492446782597498, 'min_lr': 1e-07}}",10,densenet,data/gold/datasets/v8/train_val,densenet121,0,DenseNet,0.39277342141993776,"{'architecture': 'densenet121', 'pretrained': True, 'unfreeze_layers': 6, 'hidden_units': 256, 'dropout': 0.39277342141993776, 'weights': 'IMAGENET1K_V1'}",{},32,auto,15,v8,256,True,1.023526364460078,78.81841533293816,0.00010721840237868293,0.0,0.0,0.0,0.0,0.0,0.0,0.0,0.0,0.0,0.0,0.0,0.0,0.0,0.0,0.0,0.0,0.0,0.0,0.0,0.0,0.0,0.2683093771389459,0.0,0.0,0.0,0.0,0.1549407114624506,1.0,0.0,0.0,0.12196260902920233,0.19446640316205532,0.11482168088474327,0.14124472573839664,0.5604704664689315,0.09808941072680998,0.060715708944399184,0.03839418196768394,0.02638875566193566,19.44664031620553,2.4150243252515793,15.494071146245059,4.0,0.4348958190066872,0.24169755629105283,0.3769363401919969
212d28ea75554a33b90010e88c8a31b0,3,42,"{'data_dir': 'data/gold/datasets/v8/train_val', 'experiment_name': 'DenseNet', 'mlflow_uri': 'file:///mlruns', 'dataset_name': 'v8', 'seed': 42, 'max_epochs': 30, 'batch_size': 32, 'num_workers': 0, 'device': 'auto'}",30,"{'type': 'AdamW', 'params': {'lr': 0.0009525889086580778, 'weight_decay': 0.0009360540102485373}}","{'type': 'CrossEntropyLoss', 'params': {'label_smoothing': 0.1}}","[{'class_path': 'src.utils.callbacks.EarlyStopping', 'init_args': {'patience': 7, 'verbose': True}}, {'class_path': 'src.utils.callbacks.ModelCheckpoint', 'init_args': {'filepath': 'best_densenet.pth', 'monitor': 'val_loss', 'save_best_only': True}}]","{'use_augmentation': True, 'per_image_aug_method': 'advanced', 'advanced_params': {'p_distort': 0.35563718652300985, 'p_noise': 0.31090568766855337, 'p_dropout': 0.1727259204758588, 'num_holes': 12, 'crop_scale_min': 0.7924894589884223}, 'batch_level_aug_method': 'mixup', 'mix_alpha': 0.4278723955019741}",file:///mlruns,IMAGENET1K_V1,"{'type': 'ReduceLROnPlateau', 'params': {'mode': 'min', 'patience': 4, 'factor': 0.36885421896235143, 'min_lr': 1e-07}}",10,densenet,data/gold/datasets/v8/train_val,densenet121,0,DenseNet,0.24346846162736693,"{'architecture': 'densenet121', 'pretrained': True, 'unfreeze_layers': 3, 'hidden_units': 256, 'dropout': 0.24346846162736693, 'weights': 'IMAGENET1K_V1'}",{},32,auto,15,v8,256,True,2.3022381742583318,10.90693538826319,0.000351366437895274,0.0,0.0,0.0,0.0,0.0,0.0,0.0,0.0,0.0,0.0,0.0,0.0,0.02292490118577075,1.0,0.0,0.0,0.0,0.0,0.0,0.0,0.0,0.0,0.04482225656877898,0.0,0.0,0.0,0.0,0.0,0.0,0.0,0.03191801152962864,0.17865612648221343,0.1,0.017865612648221344,0.5,0.05416000615020824,0.030315224681421865,0.0,0.0,17.865612648221344,2.3043636798858644,2.292490118577075,2.0,0.0,0.08555985002339937,0.02566795500701981
2c3d71a880474bfba5ebd9a63ac8715d,2,42,"{'data_dir': 'data/gold/datasets/v8/train_val', 'experiment_name': 'DenseNet', 'mlflow_uri': 'file:///mlruns', 'dataset_name': 'v8', 'seed': 42, 'max_epochs': 30, 'batch_size': 32, 'num_workers': 0, 'device': 'auto'}",30,"{'type': 'AdamW', 'params': {'lr': 0.000588817120410811, 'weight_decay': 0.0005615845447813913}}","{'type': 'CrossEntropyLoss', 'params': {'label_smoothing': 0.1}}","[{'class_path': 'src.utils.callbacks.EarlyStopping', 'init_args': {'patience': 7, 'verbose': True}}, {'class_path': 'src.utils.callbacks.ModelCheckpoint', 'init_args': {'filepath': 'best_densenet.pth', 'monitor': 'val_loss', 'save_best_only': True}}]",{'use_augmentation': False},file:///mlruns,IMAGENET1K_V1,"{'type': 'ReduceLROnPlateau', 'params': {'mode': 'min', 'patience': 7, 'factor': 0.12230795963751717, 'min_lr': 1e-07}}",10,densenet,data/gold/datasets/v8/train_val,densenet121,0,DenseNet,0.42268367310588534,"{'architecture': 'densenet121', 'pretrained': True, 'unfreeze_layers': 2, 'hidden_units': 256, 'dropout': 0.42268367310588534, 'weights': 'IMAGENET1K_V1'}",{},32,auto,15,v8,256,True,1.4877074915202468,55.720213396561945,0.000588817120410811,0.0,0.0,0.0,0.0,0.0,0.0,0.0,0.0,0.0,0.0,0.0,0.0,0.0,0.0,1.0,0.17865612648221343,0.0,0.0,0.0,0.0,0.0,0.0,0.0,0.30315224681421865,0.0,0.0,0.0,0.0,0.0,0.0,0.03191801152962864,0.17865612648221343,0.1,0.017865612648221344,0.5365463989816937,0.05416000615020824,0.030315224681421865,0.0,0.0,17.865612648221344,5.578785842657089,17.865612648221344,3.0,0.5130208164330382,0.08555985002339937,0.3847825265101465
b4ff403bcfb44e229bbd7aeb5d5a0d67,5,42,"{'data_dir': 'data/gold/datasets/v8/train_val', 'experiment_name': 'DenseNet', 'mlflow_uri': 'file:///mlruns', 'dataset_name': 'v8', 'seed': 42, 'max_epochs': 30, 'batch_size': 32, 'num_workers': 0, 'device': 'auto'}",30,"{'type': 'AdamW', 'params': {'lr': 0.0006516940119107934, 'weight_decay': 0.00012242044270388802}}","{'type': 'CrossEntropyLoss', 'params': {'label_smoothing': 0.1}}","[{'class_path': 'src.utils.callbacks.EarlyStopping', 'init_args': {'patience': 7, 'verbose': True}}, {'class_path': 'src.utils.callbacks.ModelCheckpoint', 'init_args': {'filepath': 'best_densenet.pth', 'monitor': 'val_loss', 'save_best_only': True}}]",{'use_augmentation': False},file:///mlruns,IMAGENET1K_V1,"{'type': 'ReduceLROnPlateau', 'params': {'mode': 'min', 'patience': 8, 'factor': 0.24307395761930561, 'min_lr': 1e-07}}",10,densenet,data/gold/datasets/v8/train_val,densenet121,0,DenseNet,0.37512108775188385,"{'architecture': 'densenet121', 'pretrained': True, 'unfreeze_layers': 5, 'hidden_units': 256, 'dropout': 0.37512108775188385, 'weights': 'IMAGENET1K_V1'}",{},32,auto,15,v8,256,True,1.191756295088463,70.3813475597708,0.0006516940119107934,0.0,0.0,0.0,0.0,0.0,0.0,0.0,0.0,0.0,0.0,0.0,0.0,0.0,0.0,0.2345132743362832,0.09566787003610108,0.0,0.0,0.0,0.0,0.0,0.288864388092613,0.0,0.1358974358974359,0.0,0.0,0.18424753867791843,0.6683673469387755,0.0,0.0,0.17610787842742048,0.2,0.13451397944474555,0.17313290415491878,0.700138244905791,0.09602668875877324,0.08587645498741511,0.0647136682458633,0.0338701643699153,20.0,3.838186575472355,14.545454545454545,4.0,0.40364582003614674,0.34873107040724904,0.3871713951474774
66ff577182ee4185b273ce01682a7df5,4,42,"{'data_dir': 'data/gold/datasets/v8/train_val', 'experiment_name': 'DenseNet', 'mlflow_uri': 'file:///mlruns', 'dataset_name': 'v8', 'seed': 42, 'max_epochs': 30, 'batch_size': 32, 'num_workers': 0, 'device': 'auto'}",30,"{'type': 'AdamW', 'params': {'lr': 0.002909604003142705, 'weight_decay': 0.00023822960569060123}}","{'type': 'CrossEntropyLoss', 'params': {'label_smoothing': 0.1}}","[{'class_path': 'src.utils.callbacks.EarlyStopping', 'init_args': {'patience': 7, 'verbose': True}}, {'class_path': 'src.utils.callbacks.ModelCheckpoint', 'init_args': {'filepath': 'best_densenet.pth', 'monitor': 'val_loss', 'save_best_only': True}}]",{'use_augmentation': False},file:///mlruns,IMAGENET1K_V1,"{'type': 'ReduceLROnPlateau', 'params': {'mode': 'min', 'patience': 7, 'factor': 0.20602590290332978, 'min_lr': 1e-07}}",10,densenet,data/gold/datasets/v8/train_val,densenet121,0,DenseNet,0.35049382949432784,"{'architecture': 'densenet121', 'pretrained': True, 'unfreeze_layers': 4, 'hidden_units': 256, 'dropout': 0.35049382949432784, 'weights': 'IMAGENET1K_V1'}",{},32,auto,15,v8,256,True,2.3030401836904795,10.274649278798657,0.002909604003142705,0.0,0.0,0.0,0.0,0.0,0.0,0.0,0.0,0.0,0.0,0.0,0.0,0.02292490118577075,1.0,0.0,0.0,0.0,0.0,0.0,0.0,0.0,0.0,0.04482225656877898,0.0,0.0,0.0,0.0,0.0,0.0,0.0,0.03191801152962864,0.17865612648221343,0.1,0.017865612648221344,0.5,0.05416000615020824,0.030315224681421865,0.0,0.0,17.865612648221344,2.308915117383003,2.292490118577075,1.0,0.0,0.08555985002339937,0.02566795500701981
c4ce0ee4a51a4b549eb603f5a8e49094,2,42,"{'data_dir': 'data/gold/datasets/v8/train_val', 'experiment_name': 'DenseNet', 'mlflow_uri': 'file:///mlruns', 'dataset_name': 'v8', 'seed': 42, 'max_epochs': 30, 'batch_size': 32, 'num_workers': 0, 'device': 'auto'}",30,"{'type': 'AdamW', 'params': {'lr': 0.00010994335574766199, 'weight_decay': 0.0008706020878304854}}","{'type': 'CrossEntropyLoss', 'params': {'label_smoothing': 0.1}}","[{'class_path': 'src.utils.callbacks.EarlyStopping', 'init_args': {'patience': 7, 'verbose': True}}, {'class_path': 'src.utils.callbacks.ModelCheckpoint', 'init_args': {'filepath': 'best_densenet.pth', 'monitor': 'val_loss', 'save_best_only': True}}]",{'use_augmentation': False},file:///mlruns,IMAGENET1K_V1,"{'type': 'ReduceLROnPlateau', 'params': {'mode': 'min', 'patience': 7, 'factor': 0.18493564427131048, 'min_lr': 1e-07}}",10,densenet,data/gold/datasets/v8/train_val,densenet121,0,DenseNet,0.41242177333881364,"{'architecture': 'densenet121', 'pretrained': True, 'unfreeze_layers': 2, 'hidden_units': 256, 'dropout': 0.41242177333881364, 'weights': 'IMAGENET1K_V1'}",{},32,auto,15,v8,256,True,1.0440788356901227,77.85022722782058,0.00010994335574766199,0.0,0.0,0.0,0.0,0.0,0.0,0.0,0.0,0.0,0.0,0.0,0.0,0.0,0.0,0.004424778761061947,0.022222222222222223,0.0,0.0,0.0,0.0,0.0,0.2725988700564972,0.0,0.007380073800738007,0.0,0.0,0.1581967213114754,0.9846938775510204,0.0,0.0,0.2814356263080854,0.2845849802371542,0.22156513191008317,0.29568749191709626,0.7186956642917333,0.21214377686082775,0.19656042942930882,0.16921812674966927,0.14993376637648614,28.458498023715418,2.7266154550015926,15.33596837944664,3.0,0.4296874858449305,0.7737195871377628,0.5328971162327802
6c454a76004b430186c6b90e7c95b40f,4,42,"{'data_dir': 'data/gold/datasets/v8/train_val', 'experiment_name': 'ViT', 'mlflow_uri': 'file:///mlruns', 'dataset_name': 'v8', 'max_epochs': 30, 'batch_size': 32, 'num_workers': 0, 'device': 'auto', 'seed': 42}",30,"{'type': 'AdamW', 'params': {'lr': 1.1537153799895366e-05, 'weight_decay': 0.09050156059776478}}","{'type': 'CrossEntropyLoss', 'params': {'label_smoothing': 0.01798184363317943}}","[{'class_path': 'src.utils.callbacks.EarlyStopping', 'init_args': {'patience': 7, 'verbose': True}}, {'class_path': 'src.utils.callbacks.ModelCheckpoint', 'init_args': {'filepath': 'best_vit.pth', 'monitor': 'val_loss', 'save_best_only': True}}]",,file:///mlruns,IMAGENET1K_V1,"{'type': 'CosineAnnealingWarmRestarts', 'params': {'T_0': 13, 'T_mult': 1, 'eta_min': 1e-06}}",10,vit,data/gold/datasets/v8/train_val,vit_b_16,0,ViT,0.19574443027893762,"{'architecture': 'vit_b_16', 'pretrained': True, 'unfreeze_layers': 4, 'hidden_units': 256, 'dropout': 0.19574443027893762, 'weights': 'IMAGENET1K_V1'}",{},32,auto,15,v8,256,True,2.302573635747277,10.175854574194823,1.073906121042432e-05,0.0782122905027933,0.0,0.0,0.0,0.0,0.0,0.04259634888438134,0.4772727272727273,0.0,0.0,0.0,0.0,0.0,0.0,0.0,0.0,0.0,0.0,0.0,0.0,0.07951807228915662,0.0,0.0,0.0,0.0,0.0,0.0,0.0,0.042746113989637305,0.5689655172413793,0.023295767248711664,0.15256916996047432,0.1,0.015268987341772153,0.5226694976514161,0.04041983500668708,0.026492793411118737,0.0025260510627073108,0.00010986345226360328,15.256916996047432,2.3150488644838334,4.2687747035573125,1.0,0.06510416452195916,0.09583254756851338,0.07432267943592542
6fad187714664fe1aa746188fe918c80,1,42,"{'data_dir': 'data/gold/datasets/v8/train_val', 'experiment_name': 'ViT', 'mlflow_uri': 'file:///mlruns', 'dataset_name': 'v8', 'max_epochs': 30, 'batch_size': 32, 'num_workers': 0, 'device': 'auto', 'seed': 42}",30,"{'type': 'AdamW', 'params': {'lr': 2.6248743411733292e-05, 'weight_decay': 0.04839983057468931}}","{'type': 'CrossEntropyLoss', 'params': {'label_smoothing': 0.043036035060215375}}","[{'class_path': 'src.utils.callbacks.EarlyStopping', 'init_args': {'patience': 7, 'verbose': True}}, {'class_path': 'src.utils.callbacks.ModelCheckpoint', 'init_args': {'filepath': 'best_vit.pth', 'monitor': 'val_loss', 'save_best_only': True}}]",,file:///mlruns,IMAGENET1K_V1,"{'type': 'CosineAnnealingWarmRestarts', 'params': {'T_0': 11, 'T_mult': 1, 'eta_min': 1e-06}}",10,vit,data/gold/datasets/v8/train_val,vit_b_32,0,ViT,0.05171180726428089,"{'architecture': 'vit_b_32', 'pretrained': True, 'unfreeze_layers': 1, 'hidden_units': 512, 'dropout': 0.05171180726428089, 'weights': 'IMAGENET1K_V1'}",{},32,auto,15,v8,512,True,2.3021893244537766,11.539221497727722,2.360530697084109e-05,0.0,0.8382352941176471,0.056716417910447764,0.06688963210702341,0.0,0.0,0.0,0.0,0.10624417520969245,0.038461538461538464,0.2564102564102564,0.0,0.0,0.0,0.0,0.0,0.0,0.0,0.0,0.0,0.0,0.0,0.0,0.0,0.0,0.0,0.0,0.0,0.0,0.0,0.027558624568420065,0.16600790513833993,0.1,0.016600790513833993,0.5256408086398451,0.04727004756481544,0.028474576271186443,0.0,0.0,16.600790513833992,2.3091103434562683,5.296442687747035,2.0,0.09895833007337791,0.08555985002339937,0.09493878605838434
f93fb7e001eb418eb6cfc4dae91cf59c,2,42,"{'data_dir': 'data/gold/datasets/v8/train_val', 'experiment_name': 'ViT', 'mlflow_uri': 'file:///mlruns', 'dataset_name': 'v8', 'max_epochs': 30, 'batch_size': 32, 'num_workers': 0, 'device': 'auto', 'seed': 42}",30,"{'type': 'AdamW', 'params': {'lr': 2.3571518901335703e-05, 'weight_decay': 0.017089627039645658}}","{'type': 'CrossEntropyLoss', 'params': {'label_smoothing': 0.03364808427549259}}","[{'class_path': 'src.utils.callbacks.EarlyStopping', 'init_args': {'patience': 7, 'verbose': True}}, {'class_path': 'src.utils.callbacks.ModelCheckpoint', 'init_args': {'filepath': 'best_vit.pth', 'monitor': 'val_loss', 'save_best_only': True}}]",,file:///mlruns,IMAGENET1K_V1,"{'type': 'ReduceLROnPlateau', 'params': {'mode': 'min', 'patience': 5, 'factor': 0.40633591900788996, 'min_lr': 1e-07}}",10,vit,data/gold/datasets/v8/train_val,vit_b_16,0,ViT,0.14670010133704137,"{'architecture': 'vit_b_16', 'pretrained': True, 'unfreeze_layers': 2, 'hidden_units': 256, 'dropout': 0.14670010133704137, 'weights': 'IMAGENET1K_V1'}",{},32,auto,15,v8,256,True,2.305006857941542,9.978265164987157,2.3571518901335703e-05,0.0,0.0,0.0,0.0,0.0,0.0,0.0,0.0,0.0,0.0,0.0,0.0,0.02292490118577075,1.0,0.0,0.0,0.0,0.0,0.0,0.0,0.0,0.0,0.04482225656877898,0.0,0.0,0.0,0.0,0.0,0.0,0.0,,,,,,,,,,,2.304579657316208,2.292490118577075,,0.0,,
3f7e7674aac34047b3005f2dc4c3a84c,2,42,"{'data_dir': 'data/gold/datasets/v8/train_val', 'experiment_name': 'ViT', 'mlflow_uri': 'file:///mlruns', 'dataset_name': 'v8', 'max_epochs': 30, 'batch_size': 32, 'num_workers': 0, 'device': 'auto', 'seed': 42}",30,"{'type': 'AdamW', 'params': {'lr': 6.632985572066068e-05, 'weight_decay': 0.053826855639088414}}","{'type': 'CrossEntropyLoss', 'params': {'label_smoothing': 0.040024778622927526}}","[{'class_path': 'src.utils.callbacks.EarlyStopping', 'init_args': {'patience': 7, 'verbose': True}}, {'class_path': 'src.utils.callbacks.ModelCheckpoint', 'init_args': {'filepath': 'best_vit.pth', 'monitor': 'val_loss', 'save_best_only': True}}]",,file:///mlruns,IMAGENET1K_V1,"{'type': 'CosineAnnealingWarmRestarts', 'params': {'T_0': 10, 'T_mult': 1, 'eta_min': 1e-06}}",10,vit,data/gold/datasets/v8/train_val,vit_b_16,0,ViT,0.15858484246528498,"{'architecture': 'vit_b_16', 'pretrained': True, 'unfreeze_layers': 2, 'hidden_units': 512, 'dropout': 0.15858484246528498, 'weights': 'IMAGENET1K_V1'}",{},32,auto,15,v8,512,True,2.300339487743246,10.650069156293222,5.8203136231083365e-05,0.05913978494623656,0.0,0.0,0.0,0.0,0.0,0.03353658536585366,0.25,0.0,0.0,0.0,0.0,0.013793103448275862,0.06896551724137931,0.0,0.0,0.2871287128712871,0.17522658610271905,0.37142857142857144,0.16919739696312364,0.0,0.0,0.022988505747126436,0.0,0.23248882265275708,0.2176360225140713,0.0,0.0,0.0,0.0,0.03191801152962864,0.17865612648221343,0.1,0.017865612648221344,0.5384207706076742,0.05416000615020824,0.030315224681421865,0.0,0.0,17.865612648221344,2.305355766415596,11.778656126482213,1.0,0.31249998970540394,0.08555985002339937,0.24441794780080256
af26f68d7cfc409bb94ac11362d487ee,3,42,"{'data_dir': 'data/gold/datasets/v8/train_val', 'experiment_name': 'ViT', 'mlflow_uri': 'file:///mlruns', 'dataset_name': 'v8', 'max_epochs': 30, 'batch_size': 32, 'num_workers': 0, 'device': 'auto', 'seed': 42}",30,"{'type': 'AdamW', 'params': {'lr': 1.1124324815195447e-05, 'weight_decay': 0.02995291682451271}}","{'type': 'CrossEntropyLoss', 'params': {'label_smoothing': 0.0577533417974116}}","[{'class_path': 'src.utils.callbacks.EarlyStopping', 'init_args': {'patience': 7, 'verbose': True}}, {'class_path': 'src.utils.callbacks.ModelCheckpoint', 'init_args': {'filepath': 'best_vit.pth', 'monitor': 'val_loss', 'save_best_only': True}}]",,file:///mlruns,IMAGENET1K_V1,"{'type': 'CosineAnnealingWarmRestarts', 'params': {'T_0': 12, 'T_mult': 1, 'eta_min': 1e-06}}",10,vit,data/gold/datasets/v8/train_val,vit_b_16,0,ViT,0.2281095170105705,"{'architecture': 'vit_b_16', 'pretrained': True, 'unfreeze_layers': 3, 'hidden_units': 512, 'dropout': 0.2281095170105705, 'weights': 'IMAGENET1K_V1'}",{},32,auto,15,v8,512,True,2.301059769208524,10.926694329183956,1.0224071986900115e-05,0.0,0.0,0.0,0.06199021207177814,0.06217616580310881,0.15384615384615385,0.0,0.0,0.0,0.03201347935973041,0.9743589743589743,0.08856088560885608,0.0,0.0,0.0,0.0,0.0,0.0,0.0,0.0,0.0,0.0,0.0,0.0,0.0,0.0,0.0,0.0,0.0,0.0,0.025091067064539976,0.09644268774703557,0.11409561940650023,0.019822562298622493,0.5218504164655243,0.03854888149075074,0.03159990392570254,0.008559800620401193,0.006166886732601573,9.644268774703557,2.3222303479909896,3.9525691699604746,6.0,0.054687498198445705,0.12037001048215862,0.07439225188355958
81ad923af4bb45c19de942dce86dba66,3,42,"{'data_dir': 'data/gold/datasets/v8/train_val', 'experiment_name': 'ViT', 'mlflow_uri': 'file:///mlruns', 'dataset_name': 'v8', 'max_epochs': 30, 'batch_size': 32, 'num_workers': 0, 'device': 'auto', 'seed': 42}",30,"{'type': 'AdamW', 'params': {'lr': 1.5533602588256615e-05, 'weight_decay': 0.020163014618125013}}","{'type': 'CrossEntropyLoss', 'params': {'label_smoothing': 0.012045824281380608}}","[{'class_path': 'src.utils.callbacks.EarlyStopping', 'init_args': {'patience': 7, 'verbose': True}}, {'class_path': 'src.utils.callbacks.ModelCheckpoint', 'init_args': {'filepath': 'best_vit.pth', 'monitor': 'val_loss', 'save_best_only': True}}]",,file:///mlruns,IMAGENET1K_V1,"{'type': 'CosineAnnealingWarmRestarts', 'params': {'T_0': 15, 'T_mult': 1, 'eta_min': 1e-06}}",10,vit,data/gold/datasets/v8/train_val,vit_b_16,0,ViT,0.21262263459644623,"{'architecture': 'vit_b_16', 'pretrained': True, 'unfreeze_layers': 3, 'hidden_units': 256, 'dropout': 0.21262263459644623, 'weights': 'IMAGENET1K_V1'}",{},32,auto,15,v8,256,True,2.2888410704288056,12.428373839162221,1.4708865666503435e-05,0.044444444444444446,0.029411764705882353,0.05263157894736842,0.06722689075630252,0.13989637305699482,0.15606936416184972,0.043478260869565216,0.045454545454545456,0.03773584905660377,0.03526448362720403,0.717948717948718,0.14754098360655737,0.03271028037383177,0.2413793103448276,0.0,0.0,0.0,0.0,0.0,0.0,0.0,0.0,0.05761316872427984,0.0,0.0,0.0,0.0,0.0,0.0,0.0,0.024086383979640944,0.14308300395256918,0.09729156853509184,0.017395566010835473,0.5351077030913658,0.0410964047125702,0.029142018040696455,-0.0015761248919339541,-0.0006392368854277741,14.308300395256918,2.302721229195595,5.217391304347826,8.0,0.09635416349249956,0.0791502193761035,0.09119298025758074
2d7cb6c76f614aaa826063e56bebca21,1,42,"{'data_dir': 'data/gold/datasets/v8/train_val', 'experiment_name': 'ViT', 'mlflow_uri': 'file:///mlruns', 'dataset_name': 'v8', 'max_epochs': 30, 'batch_size': 32, 'num_workers': 0, 'device': 'auto', 'seed': 42}",30,"{'type': 'AdamW', 'params': {'lr': 0.00010508421338691765, 'weight_decay': 0.015837031559118753}}","{'type': 'CrossEntropyLoss', 'params': {'label_smoothing': 0.0046450412719997725}}","[{'class_path': 'src.utils.callbacks.EarlyStopping', 'init_args': {'patience': 7, 'verbose': True}}, {'class_path': 'src.utils.callbacks.ModelCheckpoint', 'init_args': {'filepath': 'best_vit.pth', 'monitor': 'val_loss', 'save_best_only': True}}]",,file:///mlruns,IMAGENET1K_V1,"{'type': 'ReduceLROnPlateau', 'params': {'mode': 'min', 'patience': 6, 'factor': 0.336965827544817, 'min_lr': 1e-07}}",10,vit,data/gold/datasets/v8/train_val,vit_b_32,0,ViT,0.13682099526511077,"{'architecture': 'vit_b_32', 'pretrained': True, 'unfreeze_layers': 1, 'hidden_units': 512, 'dropout': 0.13682099526511077, 'weights': 'IMAGENET1K_V1'}",{},32,auto,15,v8,512,True,2.3016246321455243,11.242837383916221,0.00010508421338691765,0.0,0.0,0.0,0.06232813932172319,0.03626943005181347,0.1346153846153846,0.0,0.0,0.0,0.03231939163498099,0.8717948717948718,0.05714285714285714,0.012422360248447204,0.06896551724137931,0.0,0.0,0.0,0.0,0.0,0.0,0.0,0.0,0.021052631578947368,0.0,0.0,0.0,0.0,0.0,0.0,0.0,0.027558624568420065,0.16600790513833993,0.1,0.016600790513833993,0.518399680152352,0.04727004756481544,0.028474576271186443,0.0,0.0,16.600790513833992,2.3088545173406603,3.399209486166008,6.0,0.03645833213229713,0.08555985002339937,0.0511887874996278
6a298e578dd542809f2b712e1a44eaf0,2,42,"{'data_dir': 'data/gold/datasets/v8/train_val', 'experiment_name': 'ViT', 'mlflow_uri': 'file:///mlruns', 'dataset_name': 'v8', 'max_epochs': 30, 'batch_size': 32, 'num_workers': 0, 'device': 'auto', 'seed': 42}",30,"{'type': 'AdamW', 'params': {'lr': 8.054793463508548e-05, 'weight_decay': 0.010080502986257685}}","{'type': 'CrossEntropyLoss', 'params': {'label_smoothing': 0.023089229949531782}}","[{'class_path': 'src.utils.callbacks.EarlyStopping', 'init_args': {'patience': 7, 'verbose': True}}, {'class_path': 'src.utils.callbacks.ModelCheckpoint', 'init_args': {'filepath': 'best_vit.pth', 'monitor': 'val_loss', 'save_best_only': True}}]",,file:///mlruns,IMAGENET1K_V1,"{'type': 'CosineAnnealingWarmRestarts', 'params': {'T_0': 9, 'T_mult': 1, 'eta_min': 1e-06}}",10,vit,data/gold/datasets/v8/train_val,vit_b_16,0,ViT,0.2512755460484842,"{'architecture': 'vit_b_16', 'pretrained': True, 'unfreeze_layers': 2, 'hidden_units': 512, 'dropout': 0.2512755460484842, 'weights': 'IMAGENET1K_V1'}",{},32,auto,15,v8,512,True,2.307255141326642,9.622604228413357,8.054793463508548e-05,0.0,0.0,0.0,0.0,0.0,0.0,0.0,0.0,0.0,0.0,0.0,0.0,0.02292490118577075,1.0,0.0,0.0,0.0,0.0,0.0,0.0,0.0,0.0,0.04482225656877898,0.0,0.0,0.0,0.0,0.0,0.0,0.0,,,,,,,,,,,2.3060208439826964,2.292490118577075,,0.0,,
f62802bdb8f74b029be8ef9d795ad41a,2,42,"{'data_dir': 'data/gold/datasets/v8/train_val', 'experiment_name': 'ViT', 'mlflow_uri': 'file:///mlruns', 'dataset_name': 'v8', 'max_epochs': 30, 'batch_size': 32, 'num_workers': 0, 'device': 'auto', 'seed': 42}",30,"{'type': 'AdamW', 'params': {'lr': 0.00016389640536748802, 'weight_decay': 0.022753403647281758}}","{'type': 'CrossEntropyLoss', 'params': {'label_smoothing': 0.017492488203315816}}","[{'class_path': 'src.utils.callbacks.EarlyStopping', 'init_args': {'patience': 7, 'verbose': True}}, {'class_path': 'src.utils.callbacks.ModelCheckpoint', 'init_args': {'filepath': 'best_vit.pth', 'monitor': 'val_loss', 'save_best_only': True}}]",,file:///mlruns,IMAGENET1K_V1,"{'type': 'ReduceLROnPlateau', 'params': {'mode': 'min', 'patience': 8, 'factor': 0.26613380020592026, 'min_lr': 1e-07}}",10,vit,data/gold/datasets/v8/train_val,vit_b_16,0,ViT,0.2557722105581908,"{'architecture': 'vit_b_16', 'pretrained': True, 'unfreeze_layers': 2, 'hidden_units': 256, 'dropout': 0.2557722105581908, 'weights': 'IMAGENET1K_V1'}",{},32,auto,15,v8,256,True,2.302533685772392,10.49199762892709,0.00016389640536748802,0.0,0.0,0.0,0.0,0.0,0.0,0.0,0.0,0.0,0.0,0.0,0.0,0.02292490118577075,1.0,0.0,0.0,0.0,0.0,0.0,0.0,0.0,0.0,0.04482225656877898,0.0,0.0,0.0,0.0,0.0,0.0,0.0,0.03191801152962864,0.17865612648221343,0.1,0.017865612648221344,0.5169975566677796,0.05416000615020824,0.030315224681421865,0.0,0.0,17.865612648221344,2.311784505844116,2.292490118577075,8.0,0.0,0.08555985002339937,0.02566795500701981
7a01d3b29f40480d8d9fa61e3d983c1b,3,42,"{'data_dir': 'data/gold/datasets/v8/train_val', 'experiment_name': 'ViT', 'mlflow_uri': 'file:///mlruns', 'dataset_name': 'v8', 'max_epochs': 30, 'batch_size': 32, 'num_workers': 0, 'device': 'auto', 'seed': 42}",30,"{'type': 'AdamW', 'params': {'lr': 1.1962543098519565e-05, 'weight_decay': 0.025774737116791173}}","{'type': 'CrossEntropyLoss', 'params': {'label_smoothing': 0.02348539747047946}}","[{'class_path': 'src.utils.callbacks.EarlyStopping', 'init_args': {'patience': 7, 'verbose': True}}, {'class_path': 'src.utils.callbacks.ModelCheckpoint', 'init_args': {'filepath': 'best_vit.pth', 'monitor': 'val_loss', 'save_best_only': True}}]",,file:///mlruns,IMAGENET1K_V1,"{'type': 'CosineAnnealingWarmRestarts', 'params': {'T_0': 14, 'T_mult': 1, 'eta_min': 1e-06}}",10,vit,data/gold/datasets/v8/train_val,vit_b_16,0,ViT,0.23824792550987814,"{'architecture': 'vit_b_16', 'pretrained': True, 'unfreeze_layers': 3, 'hidden_units': 256, 'dropout': 0.23824792550987814, 'weights': 'IMAGENET1K_V1'}",{},32,auto,15,v8,256,True,2.303111688630474,10.867417506421656,1.1245099598445136e-05,0.0,0.0,0.0,0.07100591715976332,0.0,0.0,0.0,0.0,0.0,0.04013377926421405,0.3076923076923077,0.0,0.026915113871635612,0.896551724137931,0.0,0.0,0.0,0.0,0.0,0.0,0.0,0.0,0.05226130653266332,0.0,0.0,0.0,0.0,0.0,0.0,0.0,0.02681857463327526,0.15968379446640316,0.10295322635711848,0.020363282299221058,0.5277217555961318,0.04535080466171524,0.03163221276428824,0.01450090899902968,0.003078184553177654,15.968379446640316,2.3043977588415148,3.0039525691699605,6.0,0.023437499227905296,0.1445307293042804,0.05976546825081783
4d9bcb7a635c4d90a39c214286235d9c,3,42,"{'data_dir': 'data/gold/datasets/v8/train_val', 'experiment_name': 'ViT', 'mlflow_uri': 'file:///mlruns', 'dataset_name': 'v8', 'max_epochs': 30, 'batch_size': 32, 'num_workers': 0, 'device': 'auto', 'seed': 42}",30,"{'type': 'AdamW', 'params': {'lr': 1.2571406943894427e-05, 'weight_decay': 0.01798695404211185}}","{'type': 'CrossEntropyLoss', 'params': {'label_smoothing': 0.022424174792244365}}","[{'class_path': 'src.utils.callbacks.EarlyStopping', 'init_args': {'patience': 7, 'verbose': True}}, {'class_path': 'src.utils.callbacks.ModelCheckpoint', 'init_args': {'filepath': 'best_vit.pth', 'monitor': 'val_loss', 'save_best_only': True}}]",,file:///mlruns,IMAGENET1K_V1,"{'type': 'CosineAnnealingWarmRestarts', 'params': {'T_0': 13, 'T_mult': 1, 'eta_min': 1e-06}}",10,vit,data/gold/datasets/v8/train_val,vit_b_16,0,ViT,0.22971973134890009,"{'architecture': 'vit_b_16', 'pretrained': True, 'unfreeze_layers': 3, 'hidden_units': 256, 'dropout': 0.22971973134890009, 'weights': 'IMAGENET1K_V1'}",{},32,auto,15,v8,256,True,2.303548853379939,9.444773760126457,1.1698755290388625e-05,0.0,0.0,0.0,0.06369426751592357,0.7979274611398963,0.15555555555555556,0.0,0.0,0.0,0.03636363636363636,0.2564102564102564,0.2603550295857988,0.0,0.0,0.0,0.0,0.0,0.0,0.0,0.0,0.0,0.0,0.0,0.0,0.0,0.0,0.0,0.0,0.0,0.0,0.024854074340240347,0.12964426877470356,0.10543377175501527,0.019191919191919194,0.5207781619623362,0.041685847544015955,0.03240492971017224,0.006544031239458451,0.004050971446550755,12.964426877470355,2.3034296870231628,12.964426877470355,10.0,0.3515624884185795,0.11217247660137744,0.2797454848734189
ff42a62e31e64f87894caec14295144d,4,42,"{'data_dir': 'data/gold/datasets/v8/train_val', 'experiment_name': 'ViT', 'mlflow_uri': 'file:///mlruns', 'dataset_name': 'v8', 'max_epochs': 30, 'batch_size': 32, 'num_workers': 0, 'device': 'auto', 'seed': 42}",30,"{'type': 'AdamW', 'params': {'lr': 5.996333882412657e-05, 'weight_decay': 0.0835361075531176}}","{'type': 'CrossEntropyLoss', 'params': {'label_smoothing': 0.004522728891053806}}","[{'class_path': 'src.utils.callbacks.EarlyStopping', 'init_args': {'patience': 7, 'verbose': True}}, {'class_path': 'src.utils.callbacks.ModelCheckpoint', 'init_args': {'filepath': 'best_vit.pth', 'monitor': 'val_loss', 'save_best_only': True}}]",,file:///mlruns,IMAGENET1K_V1,"{'type': 'ReduceLROnPlateau', 'params': {'mode': 'min', 'patience': 3, 'factor': 0.1783931449676581, 'min_lr': 1e-07}}",10,vit,data/gold/datasets/v8/train_val,vit_b_16,0,ViT,0.26844820512829465,"{'architecture': 'vit_b_16', 'pretrained': True, 'unfreeze_layers': 4, 'hidden_units': 512, 'dropout': 0.26844820512829465, 'weights': 'IMAGENET1K_V1'}",{},32,auto,15,v8,512,True,2.2894771713391755,12.467891721003754,1.0697048595597211e-05,0.07920792079207921,0.0,0.0,0.037037037037037035,0.025906735751295335,0.13157894736842105,0.044444444444444446,0.36363636363636365,0.0,0.06666666666666667,0.02564102564102564,0.04329004329004329,0.028169014084507043,0.4827586206896552,0.0,0.0,0.0,0.0,0.0,0.0,0.09200968523002422,0.0,0.053231939163498096,0.0,0.0,0.0,0.0,0.0,0.05352112676056338,0.3275862068965517,0.023277351622428097,0.15256916996047432,0.1,0.015256916996047431,0.539138026622544,0.04039211221175794,0.026474622770919064,0.0,0.0,15.256916996047432,2.2984695971012115,4.3478260869565215,4.0,0.06770833110283753,0.08555985002339937,0.07306378677900607
804e9805a27a4e4abe17427a2dee0831,2,42,"{'data_dir': 'data/gold/datasets/v8/train_val', 'experiment_name': 'ViT', 'mlflow_uri': 'file:///mlruns', 'dataset_name': 'v8', 'max_epochs': 30, 'batch_size': 32, 'num_workers': 0, 'device': 'auto', 'seed': 42}",30,"{'type': 'AdamW', 'params': {'lr': 1.2273621835106525e-05, 'weight_decay': 0.02725345682879257}}","{'type': 'CrossEntropyLoss', 'params': {'label_smoothing': 0.06839256968429958}}","[{'class_path': 'src.utils.callbacks.EarlyStopping', 'init_args': {'patience': 7, 'verbose': True}}, {'class_path': 'src.utils.callbacks.ModelCheckpoint', 'init_args': {'filepath': 'best_vit.pth', 'monitor': 'val_loss', 'save_best_only': True}}]",,file:///mlruns,IMAGENET1K_V1,"{'type': 'CosineAnnealingWarmRestarts', 'params': {'T_0': 9, 'T_mult': 1, 'eta_min': 1e-06}}",10,vit,data/gold/datasets/v8/train_val,vit_b_32,0,ViT,0.0461251036732164,"{'architecture': 'vit_b_32', 'pretrained': True, 'unfreeze_layers': 2, 'hidden_units': 512, 'dropout': 0.0461251036732164, 'weights': 'IMAGENET1K_V1'}",{},32,auto,15,v8,512,True,2.2942973179111505,12.033195020746888,1.0528776820169403e-05,0.05333333333333334,0.0,0.0,0.0691358024691358,0.0,0.0,0.06451612903225806,0.045454545454545456,0.0,0.03631647211413749,0.717948717948718,0.0,0.021686746987951807,0.3103448275862069,0.05309734513274336,0.3,0.0,0.0,0.0,0.0,0.0,0.009900990099009901,0.04054054054054054,0.09022556390977443,0.0,0.0,0.16666666666666666,0.00510204081632653,0.0,0.0,0.05971917097021565,0.13438735177865613,0.10942149425917595,0.04221066572809053,0.5305206645118827,0.08189414378830061,0.05882527424122526,0.008276687523023378,0.007307017273542216,13.438735177865613,2.307567775249481,4.1106719367588935,6.0,0.059895831360202434,0.11921867381151124,0.07769268409559507
1213f0eb42294702b9b255fc4527e2a5,3,42,"{'data_dir': 'data/gold/datasets/v8/train_val', 'experiment_name': 'ViT', 'mlflow_uri': 'file:///mlruns', 'dataset_name': 'v8', 'max_epochs': 30, 'batch_size': 32, 'num_workers': 0, 'device': 'auto', 'seed': 42}",30,"{'type': 'AdamW', 'params': {'lr': 0.0001922956707454335, 'weight_decay': 0.059189513354636465}}","{'type': 'CrossEntropyLoss', 'params': {'label_smoothing': 0.08154614284548342}}","[{'class_path': 'src.utils.callbacks.EarlyStopping', 'init_args': {'patience': 7, 'verbose': True}}, {'class_path': 'src.utils.callbacks.ModelCheckpoint', 'init_args': {'filepath': 'best_vit.pth', 'monitor': 'val_loss', 'save_best_only': True}}]",,file:///mlruns,IMAGENET1K_V1,"{'type': 'ReduceLROnPlateau', 'params': {'mode': 'min', 'patience': 4, 'factor': 0.10220884684944097, 'min_lr': 1e-07}}",10,vit,data/gold/datasets/v8/train_val,vit_b_16,0,ViT,0.022365193103931248,"{'architecture': 'vit_b_16', 'pretrained': True, 'unfreeze_layers': 3, 'hidden_units': 512, 'dropout': 0.022365193103931248, 'weights': 'IMAGENET1K_V1'}",{},32,auto,15,v8,512,True,2.293340988579392,13.100177830468287,0.0001922956707454335,0.06451612903225806,0.0,0.0,0.0782312925170068,0.15544041450777202,0.16129032258064516,0.1111111111111111,0.045454545454545456,0.0,0.04189435336976321,0.5897435897435898,0.158311345646438,0.017167381974248927,0.13793103448275862,0.26548672566371684,0.21505376344086022,0.0,0.0,0.0,0.0,0.0,0.0,0.030534351145038167,0.2376237623762376,0.0,0.0,0.0,0.0,0.0,0.0,0.03242538991730512,0.16363636363636364,0.09371454504197867,0.018833439287984744,0.515352907008204,0.05411261937047402,0.031322992700729926,-0.002281005599013154,-0.0010531338961017322,16.363636363636363,2.2905044853687286,9.407114624505928,11.0,0.23437499227905295,0.07628367941730707,0.1869475984205292
abdf32470cbf4c1db3c74b6991195b3a,1,42,"{'data_dir': 'data/gold/datasets/v8/train_val', 'experiment_name': 'ViT', 'mlflow_uri': 'file:///mlruns', 'dataset_name': 'v8', 'max_epochs': 30, 'batch_size': 32, 'num_workers': 0, 'device': 'auto', 'seed': 42}",30,"{'type': 'AdamW', 'params': {'lr': 3.3831509172714884e-05, 'weight_decay': 0.06581774056737684}}","{'type': 'CrossEntropyLoss', 'params': {'label_smoothing': 0.053972188777266575}}","[{'class_path': 'src.utils.callbacks.EarlyStopping', 'init_args': {'patience': 7, 'verbose': True}}, {'class_path': 'src.utils.callbacks.ModelCheckpoint', 'init_args': {'filepath': 'best_vit.pth', 'monitor': 'val_loss', 'save_best_only': True}}]",,file:///mlruns,IMAGENET1K_V1,"{'type': 'CosineAnnealingWarmRestarts', 'params': {'T_0': 12, 'T_mult': 1, 'eta_min': 1e-06}}",10,vit,data/gold/datasets/v8/train_val,vit_b_32,0,ViT,0.10805105321231798,"{'architecture': 'vit_b_32', 'pretrained': True, 'unfreeze_layers': 1, 'hidden_units': 512, 'dropout': 0.10805105321231798, 'weights': 'IMAGENET1K_V1'}",{},32,auto,15,v8,512,True,2.2912922573523002,12.527168543766054,3.095886105721231e-05,0.040268456375838924,0.07352941176470588,0.027932960893854747,0.06831566548881036,0.12435233160621761,0.14035087719298245,0.02857142857142857,0.06818181818181818,0.04048582995951417,0.03580246913580247,0.7435897435897436,0.13186813186813187,0.0,0.0,0.0,0.0,0.0,0.0,0.0,0.0,0.0,0.0,0.0,0.0,0.0,0.0,0.0,0.0,0.0,0.0,0.023277351622428097,0.15256916996047432,0.1,0.015256916996047431,0.5281486555229385,0.04039211221175794,0.026474622770919064,0.0,0.0,15.256916996047432,2.3200981855392455,4.822134387351778,1.0,0.08333333058810771,0.08555985002339937,0.08400128641869521
6f85d43d690b49a1bc5fd62c31c4d990,1,42,"{'data_dir': 'data/gold/datasets/v8/train_val', 'experiment_name': 'ViT', 'mlflow_uri': 'file:///mlruns', 'dataset_name': 'v8', 'max_epochs': 30, 'batch_size': 32, 'num_workers': 0, 'device': 'auto', 'seed': 42}",30,"{'type': 'AdamW', 'params': {'lr': 2.05741968358422e-05, 'weight_decay': 0.015633875884092284}}","{'type': 'CrossEntropyLoss', 'params': {'label_smoothing': 0.02689454459906422}}","[{'class_path': 'src.utils.callbacks.EarlyStopping', 'init_args': {'patience': 7, 'verbose': True}}, {'class_path': 'src.utils.callbacks.ModelCheckpoint', 'init_args': {'filepath': 'best_vit.pth', 'monitor': 'val_loss', 'save_best_only': True}}]",,file:///mlruns,IMAGENET1K_V1,"{'type': 'CosineAnnealingWarmRestarts', 'params': {'T_0': 14, 'T_mult': 1, 'eta_min': 1e-06}}",10,vit,data/gold/datasets/v8/train_val,vit_b_32,0,ViT,0.24635728896075876,"{'architecture': 'vit_b_32', 'pretrained': True, 'unfreeze_layers': 1, 'hidden_units': 512, 'dropout': 0.24635728896075876, 'weights': 'IMAGENET1K_V1'}",{},32,auto,15,v8,512,True,2.289812938000133,13.19897253507212,1.9286833185271645e-05,0.06896551724137931,0.0,0.0,0.07219251336898395,0.0,0.0,0.14285714285714285,0.045454545454545456,0.0,0.0380818053596615,0.6923076923076923,0.0,0.026252983293556086,0.3793103448275862,0.0,0.0,0.0,0.0,0.0,0.0,0.0,0.13793103448275862,0.049107142857142856,0.0,0.0,0.0,0.17886178861788618,0.11224489795918367,0.0,0.0,0.03293015253588492,0.16521739130434782,0.09796862429605793,0.02051484049098166,0.5239518431578967,0.054836219906575646,0.03371363636363636,-0.0006488330076008246,-0.0002942834871022537,16.52173913043478,2.300290176272392,4.901185770750988,4.0,0.08593749716898609,0.08292123937028517,0.08503261982937581
b4ebc0379a1044e2931d1209973364ba,1,42,"{'data_dir': 'data/gold/datasets/v8/train_val', 'experiment_name': 'ViT', 'mlflow_uri': 'file:///mlruns', 'dataset_name': 'v8', 'max_epochs': 30, 'batch_size': 32, 'num_workers': 0, 'device': 'auto', 'seed': 42}",30,"{'type': 'AdamW', 'params': {'lr': 1.0094205401363773e-05, 'weight_decay': 0.012453690319629757}}","{'type': 'CrossEntropyLoss', 'params': {'label_smoothing': 0.03575895192880617}}","[{'class_path': 'src.utils.callbacks.EarlyStopping', 'init_args': {'patience': 7, 'verbose': True}}, {'class_path': 'src.utils.callbacks.ModelCheckpoint', 'init_args': {'filepath': 'best_vit.pth', 'monitor': 'val_loss', 'save_best_only': True}}]",,file:///mlruns,IMAGENET1K_V1,"{'type': 'CosineAnnealingWarmRestarts', 'params': {'T_0': 12, 'T_mult': 1, 'eta_min': 1e-06}}",10,vit,data/gold/datasets/v8/train_val,vit_b_32,0,ViT,0.07340916206666995,"{'architecture': 'vit_b_32', 'pretrained': True, 'unfreeze_layers': 1, 'hidden_units': 512, 'dropout': 0.07340916206666995, 'weights': 'IMAGENET1K_V1'}",{},32,auto,15,v8,512,True,2.2947267587183493,12.13198972535072,9.296973837827304e-06,0.0,0.04411764705882353,0.046875,0.07457627118644068,0.3005181347150259,0.16666666666666666,0.0,0.0,0.045454545454545456,0.039927404718693285,0.5641025641025641,0.2144177449168207,0.019867549668874173,0.20689655172413793,0.0,0.0,0.0,0.0,0.0,0.0,0.0,0.0,0.03625377643504532,0.0,0.0,0.0,0.0,0.0,0.0,0.0,0.07461353463284534,0.17865612648221343,0.10677623261694058,0.042982099985877695,0.5359908840550325,0.07608475864697657,0.04465259023936517,0.03346454548513756,0.014019262983459457,17.865612648221344,2.300239324569702,7.035573122529644,5.0,0.15624999485270197,0.22165019250645684,0.17587005414882842
f71701c2758a43d8b1e27148b781e085,4,42,"{'data_dir': 'data/gold/datasets/v8/train_val', 'experiment_name': 'ViT', 'mlflow_uri': 'file:///mlruns', 'dataset_name': 'v8', 'max_epochs': 30, 'batch_size': 32, 'num_workers': 0, 'device': 'auto', 'seed': 42}",30,"{'type': 'AdamW', 'params': {'lr': 2.5386178456500554e-05, 'weight_decay': 0.021143813626634367}}","{'type': 'CrossEntropyLoss', 'params': {'label_smoothing': 0.08872127425763265}}","[{'class_path': 'src.utils.callbacks.EarlyStopping', 'init_args': {'patience': 7, 'verbose': True}}, {'class_path': 'src.utils.callbacks.ModelCheckpoint', 'init_args': {'filepath': 'best_vit.pth', 'monitor': 'val_loss', 'save_best_only': True}}]",,file:///mlruns,IMAGENET1K_V1,"{'type': 'ReduceLROnPlateau', 'params': {'mode': 'min', 'patience': 7, 'factor': 0.35502298854208525, 'min_lr': 1e-07}}",10,vit,data/gold/datasets/v8/train_val,vit_b_16,0,ViT,0.01906750508580709,"{'architecture': 'vit_b_16', 'pretrained': True, 'unfreeze_layers': 4, 'hidden_units': 256, 'dropout': 0.01906750508580709, 'weights': 'IMAGENET1K_V1'}",{},32,auto,15,v8,256,True,2.294342508619422,12.942106303102154,2.5386178456500554e-05,0.04040404040404041,0.0,0.0,0.06937799043062201,0.0,0.0,0.03636363636363636,0.045454545454545456,0.0,0.03638644918444166,0.7435897435897436,0.0,0.026785714285714284,0.20689655172413793,0.19469026548672566,0.2328042328042328,0.0,0.0,0.0,0.0,0.0,0.0,0.04743083003952569,0.21204819277108433,0.0,0.0,0.0,0.0,0.0,0.0,0.027558624568420065,0.16600790513833993,0.1,0.016600790513833993,0.5302466401043752,0.04727004756481544,0.028474576271186443,0.0,0.0,16.600790513833992,2.3052638292312624,6.403162055335969,6.0,0.13541666220567508,0.08555985002339937,0.12045961855099235
2dcf1a1480104cd4974a5f14736a9531,3,42,"{'data_dir': 'data/gold/datasets/v8/train_val', 'experiment_name': 'ViT', 'mlflow_uri': 'file:///mlruns', 'dataset_name': 'v8', 'max_epochs': 30, 'batch_size': 32, 'num_workers': 0, 'device': 'auto', 'seed': 42}",30,"{'type': 'AdamW', 'params': {'lr': 1.205060298797822e-05, 'weight_decay': 0.02935203933659535}}","{'type': 'CrossEntropyLoss', 'params': {'label_smoothing': 0.013262613015705105}}","[{'class_path': 'src.utils.callbacks.EarlyStopping', 'init_args': {'patience': 7, 'verbose': True}}, {'class_path': 'src.utils.callbacks.ModelCheckpoint', 'init_args': {'filepath': 'best_vit.pth', 'monitor': 'val_loss', 'save_best_only': True}}]",,file:///mlruns,IMAGENET1K_V1,"{'type': 'ReduceLROnPlateau', 'params': {'mode': 'min', 'patience': 5, 'factor': 0.4903264679147938, 'min_lr': 1e-07}}",10,vit,data/gold/datasets/v8/train_val,vit_b_16,0,ViT,0.26650569142754427,"{'architecture': 'vit_b_16', 'pretrained': True, 'unfreeze_layers': 3, 'hidden_units': 256, 'dropout': 0.26650569142754427, 'weights': 'IMAGENET1K_V1'}",{},32,auto,15,v8,256,True,2.303035123902709,9.918988342224857,5.908729599338821e-06,0.0,0.0,0.0,0.07079646017699115,0.7772020725388601,0.15544041450777202,0.0,0.0,0.0,0.04,0.3076923076923077,0.25906735751295334,0.0,0.0,0.0,0.0,0.0,0.0,0.0,0.0,0.0,0.0,0.0,0.0,0.0,0.0,0.0,0.0,0.0,0.0,0.049356809198706435,0.16284584980237155,0.09843079200592154,0.030909090909090907,0.5024628297785572,0.0561383345335304,0.03433893684688778,-0.009637831226791852,-0.0030887076847048167,16.284584980237156,2.311837634444237,12.806324110671937,0.0,0.3463541552568228,0.046365660070019285,0.2563576067007817
bba2d10e8cb143589f9a4400bce6e1e7,1,42,"{'data_dir': 'data/gold/datasets/v8/train_val', 'experiment_name': 'ViT', 'mlflow_uri': 'file:///mlruns', 'dataset_name': 'v8', 'max_epochs': 30, 'batch_size': 32, 'num_workers': 0, 'device': 'auto', 'seed': 42}",30,"{'type': 'AdamW', 'params': {'lr': 1.783954929782066e-05, 'weight_decay': 0.014594316340700983}}","{'type': 'CrossEntropyLoss', 'params': {'label_smoothing': 0.06695460881853897}}","[{'class_path': 'src.utils.callbacks.EarlyStopping', 'init_args': {'patience': 7, 'verbose': True}}, {'class_path': 'src.utils.callbacks.ModelCheckpoint', 'init_args': {'filepath': 'best_vit.pth', 'monitor': 'val_loss', 'save_best_only': True}}]",,file:///mlruns,IMAGENET1K_V1,"{'type': 'CosineAnnealingWarmRestarts', 'params': {'T_0': 15, 'T_mult': 1, 'eta_min': 1e-06}}",10,vit,data/gold/datasets/v8/train_val,vit_b_16,0,ViT,0.1680105871634691,"{'architecture': 'vit_b_16', 'pretrained': True, 'unfreeze_layers': 1, 'hidden_units': 512, 'dropout': 0.1680105871634691, 'weights': 'IMAGENET1K_V1'}",{},32,auto,15,v8,512,True,2.3017761994670725,10.274649278798657,1.687612096037825e-05,0.06896551724137931,0.0,0.0,0.0625,0.0,0.0,0.03731343283582089,0.45454545454545453,0.0,0.034482758620689655,0.3333333333333333,0.0,0.0,0.0,0.33185840707964603,0.21306818181818182,0.0,0.0,0.0,0.0,0.0,0.0,0.0,0.25951557093425603,0.0,0.0,0.0,0.0,0.0,0.0,0.03191801152962864,0.17865612648221343,0.1,0.017865612648221344,0.5268457447528185,0.05416000615020824,0.030315224681421865,0.0,0.0,17.865612648221344,2.302051967382431,8.537549407114625,2.0,0.20572915988939097,0.08555985002339937,0.16967836692959348
28b0a7f2d9824466ba9071b16e25392f,1,42,"{'data_dir': 'data/gold/datasets/v8/train_val', 'experiment_name': 'ViT', 'mlflow_uri': 'file:///mlruns', 'dataset_name': 'v8', 'max_epochs': 30, 'batch_size': 32, 'num_workers': 0, 'device': 'auto', 'seed': 42}",30,"{'type': 'AdamW', 'params': {'lr': 0.00011256123615936322, 'weight_decay': 0.0429935945473144}}","{'type': 'CrossEntropyLoss', 'params': {'label_smoothing': 0.018657005888603584}}","[{'class_path': 'src.utils.callbacks.EarlyStopping', 'init_args': {'patience': 7, 'verbose': True}}, {'class_path': 'src.utils.callbacks.ModelCheckpoint', 'init_args': {'filepath': 'best_vit.pth', 'monitor': 'val_loss', 'save_best_only': True}}]",,file:///mlruns,IMAGENET1K_V1,"{'type': 'ReduceLROnPlateau', 'params': {'mode': 'min', 'patience': 8, 'factor': 0.4214688307596458, 'min_lr': 1e-07}}",10,vit,data/gold/datasets/v8/train_val,vit_b_16,0,ViT,0.2789092957027719,"{'architecture': 'vit_b_16', 'pretrained': True, 'unfreeze_layers': 1, 'hidden_units': 256, 'dropout': 0.2789092957027719, 'weights': 'IMAGENET1K_V1'}",{},32,auto,15,v8,256,True,2.3027650268387356,10.55127445168939,0.00011256123615936322,0.0,0.0,0.0,0.019230769230769232,0.9430051813471503,0.15166666666666667,0.0,0.0,0.0,0.015384615384615385,0.02564102564102564,0.2613065326633166,0.0,0.0,0.0,0.0,0.0,0.0,0.0,0.0,0.0,0.0,0.0,0.0,0.0,0.0,0.0,0.0,0.0,0.0,0.02773035043141687,0.15810276679841898,0.10256525652565256,0.021966837100396618,0.5209780018390525,0.04591127593645874,0.032762538694150696,0.00837307502254059,0.0021050807108092817,15.810276679841898,2.309726804494858,14.466403162055336,2.0,0.4010416534552685,0.11961065307285244,0.31661235334054366
6818ea5bf2a0420d8ddb391db7b6596f,2,42,"{'data_dir': 'data/gold/datasets/v8/train_val', 'experiment_name': 'ViT', 'mlflow_uri': 'file:///mlruns', 'dataset_name': 'v8', 'max_epochs': 30, 'batch_size': 32, 'num_workers': 0, 'device': 'auto', 'seed': 42}",30,"{'type': 'AdamW', 'params': {'lr': 1.0183249964086551e-05, 'weight_decay': 0.022341069897836487}}","{'type': 'CrossEntropyLoss', 'params': {'label_smoothing': 0.049194267836472495}}","[{'class_path': 'src.utils.callbacks.EarlyStopping', 'init_args': {'patience': 7, 'verbose': True}}, {'class_path': 'src.utils.callbacks.ModelCheckpoint', 'init_args': {'filepath': 'best_vit.pth', 'monitor': 'val_loss', 'save_best_only': True}}]",,file:///mlruns,IMAGENET1K_V1,"{'type': 'CosineAnnealingWarmRestarts', 'params': {'T_0': 10, 'T_mult': 1, 'eta_min': 1e-06}}",10,vit,data/gold/datasets/v8/train_val,vit_b_16,0,ViT,0.10701119091242131,"{'architecture': 'vit_b_16', 'pretrained': True, 'unfreeze_layers': 2, 'hidden_units': 512, 'dropout': 0.10701119091242131, 'weights': 'IMAGENET1K_V1'}",{},32,auto,15,v8,512,True,2.2920091887562437,11.815846670618456,9.039792814434128e-06,0.0,0.0,0.0,0.08227848101265822,0.23316062176165803,0.15845070422535212,0.0,0.0,0.0,0.04384485666104553,0.6666666666666666,0.18867924528301888,0.01639344262295082,0.1724137931034483,0.0,0.0,0.024752475247524754,0.13157894736842105,0.0,0.0,0.0,0.0,0.029940119760479042,0.0,0.0,0.041666666666666664,0.0,0.0,0.0,0.0,0.050074395791611034,0.14861660079051384,0.09668506906489772,0.033111555936682704,0.5398514120943939,0.07364586456992891,0.04848088421752976,-0.0010913859728291027,-0.0008528963213061402,14.861660079051383,2.298068940639496,6.403162055335969,5.0,0.13541666220567508,0.08112150823000845,0.11912811601297509
5857fba85c5b4df8b04c99c9be7e4d08,3,42,"{'data_dir': 'data/gold/datasets/v8/train_val', 'experiment_name': 'ViT', 'mlflow_uri': 'file:///mlruns', 'dataset_name': 'v8', 'max_epochs': 30, 'batch_size': 32, 'num_workers': 0, 'device': 'auto', 'seed': 42}",30,"{'type': 'AdamW', 'params': {'lr': 1.91050436440483e-05, 'weight_decay': 0.03584487463804966}}","{'type': 'CrossEntropyLoss', 'params': {'label_smoothing': 0.03880868526063495}}","[{'class_path': 'src.utils.callbacks.EarlyStopping', 'init_args': {'patience': 7, 'verbose': True}}, {'class_path': 'src.utils.callbacks.ModelCheckpoint', 'init_args': {'filepath': 'best_vit.pth', 'monitor': 'val_loss', 'save_best_only': True}}]",,file:///mlruns,IMAGENET1K_V1,"{'type': 'CosineAnnealingWarmRestarts', 'params': {'T_0': 12, 'T_mult': 1, 'eta_min': 1e-06}}",10,vit,data/gold/datasets/v8/train_val,vit_b_16,0,ViT,0.21791001851588615,"{'architecture': 'vit_b_16', 'pretrained': True, 'unfreeze_layers': 3, 'hidden_units': 512, 'dropout': 0.21791001851588615, 'weights': 'IMAGENET1K_V1'}",{},32,auto,15,v8,512,True,2.3062567077731693,9.820193637621024,1.91050436440483e-05,0.0,0.0,0.0,0.0,0.0,0.0,0.0,0.0,0.0,0.0,0.0,0.0,0.0,0.0,1.0,0.17865612648221343,0.0,0.0,0.0,0.0,0.0,0.0,0.0,0.30315224681421865,0.0,0.0,0.0,0.0,0.0,0.0,,,,,,,,,,,2.2885234534740446,17.865612648221344,,0.5130208164330382,,
1ea12e8fcada446c9717adec7fe971c8,2,42,"{'data_dir': 'data/gold/datasets/v8/train_val', 'experiment_name': 'ViT', 'mlflow_uri': 'file:///mlruns', 'dataset_name': 'v8', 'max_epochs': 30, 'batch_size': 32, 'num_workers': 0, 'device': 'auto', 'seed': 42}",30,"{'type': 'AdamW', 'params': {'lr': 6.107552254811141e-05, 'weight_decay': 0.032653586561989204}}","{'type': 'CrossEntropyLoss', 'params': {'label_smoothing': 6.502443207018205e-05}}","[{'class_path': 'src.utils.callbacks.EarlyStopping', 'init_args': {'patience': 7, 'verbose': True}}, {'class_path': 'src.utils.callbacks.ModelCheckpoint', 'init_args': {'filepath': 'best_vit.pth', 'monitor': 'val_loss', 'save_best_only': True}}]",,file:///mlruns,IMAGENET1K_V1,"{'type': 'CosineAnnealingWarmRestarts', 'params': {'T_0': 11, 'T_mult': 1, 'eta_min': 1e-06}}",10,vit,data/gold/datasets/v8/train_val,vit_b_16,0,ViT,0.05720580015749266,"{'architecture': 'vit_b_16', 'pretrained': True, 'unfreeze_layers': 2, 'hidden_units': 512, 'dropout': 0.05720580015749266, 'weights': 'IMAGENET1K_V1'}",{},32,auto,15,v8,512,True,2.3023216292877438,10.531515510768623,5.47648509489138e-05,0.0,0.0,0.0,0.0598159509202454,0.0,0.0,0.0,0.0,0.0,0.0308300395256917,1.0,0.0,0.0,0.0,0.0,0.0,0.0,0.0,0.0,0.0,0.0,0.0,0.0,0.0,0.0,0.0,0.0,0.0,0.0,0.0,0.027558624568420065,0.16600790513833993,0.1,0.016600790513833993,0.5289582856076293,0.04727004756481544,0.028474576271186443,0.0,0.0,16.600790513833992,2.3102274417877195,3.08300395256917,0.0,0.02604166580878366,0.08555985002339937,0.04389712107316837
94653fcb875e45639e6264bbef0d37ae,3,42,"{'data_dir': 'data/gold/datasets/v8/train_val', 'experiment_name': 'ViT', 'mlflow_uri': 'file:///mlruns', 'dataset_name': 'v8', 'max_epochs': 30, 'batch_size': 32, 'num_workers': 0, 'device': 'auto', 'seed': 42}",30,"{'type': 'AdamW', 'params': {'lr': 1.9025948689295563e-05, 'weight_decay': 0.025138589561726855}}","{'type': 'CrossEntropyLoss', 'params': {'label_smoothing': 0.0301812379127469}}","[{'class_path': 'src.utils.callbacks.EarlyStopping', 'init_args': {'patience': 7, 'verbose': True}}, {'class_path': 'src.utils.callbacks.ModelCheckpoint', 'init_args': {'filepath': 'best_vit.pth', 'monitor': 'val_loss', 'save_best_only': True}}]",,file:///mlruns,IMAGENET1K_V1,"{'type': 'CosineAnnealingWarmRestarts', 'params': {'T_0': 14, 'T_mult': 1, 'eta_min': 1e-06}}",10,vit,data/gold/datasets/v8/train_val,vit_b_16,0,ViT,0.13630450269362165,"{'architecture': 'vit_b_16', 'pretrained': True, 'unfreeze_layers': 3, 'hidden_units': 512, 'dropout': 0.13630450269362165, 'weights': 'IMAGENET1K_V1'}",{},32,auto,15,v8,512,True,2.294244655011035,11.815846670618456,1.7830146114228942e-05,0.0,0.0,0.0,0.06873614190687362,0.10880829015544041,0.14189189189189189,0.0,0.0,0.0,0.03592120509849363,0.7948717948717948,0.12316715542521994,0.03167420814479638,0.2413793103448276,0.030973451327433628,0.21212121212121213,0.0,0.0,0.0,0.0,0.0,0.0,0.056,0.05405405405405406,0.0,0.0,0.0,0.0,0.0,0.0,0.032157941118797044,0.1683794466403162,0.09552944766554776,0.019304054839084466,0.533033661704288,0.053621793465977244,0.0313067733915469,-0.015778002309217012,-0.005188415233350341,16.83794466403162,2.320979654788971,5.217391304347826,7.0,0.09635416349249956,0.021395412502099243,0.07386653819537947
320ac1b36ea84f0a84ee9316d09aa818,3,42,"{'data_dir': 'data/gold/datasets/v8/train_val', 'experiment_name': 'ViT', 'mlflow_uri': 'file:///mlruns', 'dataset_name': 'v8', 'max_epochs': 30, 'batch_size': 32, 'num_workers': 0, 'device': 'auto', 'seed': 42}",30,"{'type': 'AdamW', 'params': {'lr': 1.042939721466439e-05, 'weight_decay': 0.023686908342014677}}","{'type': 'CrossEntropyLoss', 'params': {'label_smoothing': 0.04688756031485599}}","[{'class_path': 'src.utils.callbacks.EarlyStopping', 'init_args': {'patience': 7, 'verbose': True}}, {'class_path': 'src.utils.callbacks.ModelCheckpoint', 'init_args': {'filepath': 'best_vit.pth', 'monitor': 'val_loss', 'save_best_only': True}}]",,file:///mlruns,IMAGENET1K_V1,"{'type': 'ReduceLROnPlateau', 'params': {'mode': 'min', 'patience': 6, 'factor': 0.4895344281600261, 'min_lr': 1e-07}}",10,vit,data/gold/datasets/v8/train_val,vit_b_16,0,ViT,0.19544237558980315,"{'architecture': 'vit_b_16', 'pretrained': True, 'unfreeze_layers': 3, 'hidden_units': 256, 'dropout': 0.19544237558980315, 'weights': 'IMAGENET1K_V1'}",{},32,auto,15,v8,256,True,2.3005640807770806,11.756569847856156,1.042939721466439e-05,0.0,0.0,0.0,0.019230769230769232,0.0,0.0,0.0,0.0,0.0,0.011834319526627219,0.05128205128205128,0.0,0.025547445255474453,0.9655172413793104,0.0,0.0,0.0,0.0,0.0,0.0,0.0,0.0,0.049777777777777775,0.0,0.0,0.0,0.0,0.0,0.0,0.0,0.05339027876978035,0.1683794466403162,0.10172218110041945,0.03351049332243118,0.5342946365622726,0.05681794795397576,0.034708319104393405,0.011991451505850358,0.0033767970828787464,16.83794466403162,2.299034947156906,2.371541501976284,6.0,0.0026041665808783517,0.13432551286573283,0.04212057046633469
1852ab87af634340827d058fc2b9ee36,1,42,"{'data_dir': 'data/gold/datasets/v8/train_val', 'experiment_name': 'ViT', 'mlflow_uri': 'file:///mlruns', 'dataset_name': 'v8', 'max_epochs': 30, 'batch_size': 32, 'num_workers': 0, 'device': 'auto', 'seed': 42}",30,"{'type': 'AdamW', 'params': {'lr': 1.0401499317227594e-05, 'weight_decay': 0.026138370586010803}}","{'type': 'CrossEntropyLoss', 'params': {'label_smoothing': 0.037325834322568335}}","[{'class_path': 'src.utils.callbacks.EarlyStopping', 'init_args': {'patience': 7, 'verbose': True}}, {'class_path': 'src.utils.callbacks.ModelCheckpoint', 'init_args': {'filepath': 'best_vit.pth', 'monitor': 'val_loss', 'save_best_only': True}}]",,file:///mlruns,IMAGENET1K_V1,"{'type': 'CosineAnnealingWarmRestarts', 'params': {'T_0': 9, 'T_mult': 1, 'eta_min': 1e-06}}",10,vit,data/gold/datasets/v8/train_val,vit_b_32,0,ViT,0.0798496806630979,"{'architecture': 'vit_b_32', 'pretrained': True, 'unfreeze_layers': 1, 'hidden_units': 512, 'dropout': 0.0798496806630979, 'weights': 'IMAGENET1K_V1'}",{},32,auto,15,v8,512,True,2.2947492485012466,12.290061252716855,8.954963844059427e-06,0.0,0.0,0.0,0.0,0.0,0.0,0.0,0.0,0.0,0.0,0.0,0.0,0.02967741935483871,0.7931034482758621,0.0,0.0,0.0,0.0,0.0,0.0,0.09157509157509157,0.0,0.05721393034825871,0.0,0.0,0.0,0.0,0.0,0.05122950819672131,0.43103448275862066,0.03441667544841718,0.1422924901185771,0.10709975864843121,0.022520170357648434,0.5308117941516771,0.05520119878043471,0.036719532284634517,0.009949039252417934,0.006887624417167726,14.229249011857709,2.3291699290275574,3.7944664031620556,3.0,0.04947916503668897,0.12601963035540087,0.07244130463230253
c1abe12ba8a94b31aa7136ad3bd65b53,3,42,"{'data_dir': 'data/gold/datasets/v8/train_val', 'experiment_name': 'ViT', 'mlflow_uri': 'file:///mlruns', 'dataset_name': 'v8', 'max_epochs': 30, 'batch_size': 32, 'num_workers': 0, 'device': 'auto', 'seed': 42}",30,"{'type': 'AdamW', 'params': {'lr': 2.951737584250909e-05, 'weight_decay': 0.03469848533966994}}","{'type': 'CrossEntropyLoss', 'params': {'label_smoothing': 0.0526592055394477}}","[{'class_path': 'src.utils.callbacks.EarlyStopping', 'init_args': {'patience': 7, 'verbose': True}}, {'class_path': 'src.utils.callbacks.ModelCheckpoint', 'init_args': {'filepath': 'best_vit.pth', 'monitor': 'val_loss', 'save_best_only': True}}]",,file:///mlruns,IMAGENET1K_V1,"{'type': 'CosineAnnealingWarmRestarts', 'params': {'T_0': 8, 'T_mult': 1, 'eta_min': 1e-06}}",10,vit,data/gold/datasets/v8/train_val,vit_b_32,0,ViT,0.21072276978585663,"{'architecture': 'vit_b_32', 'pretrained': True, 'unfreeze_layers': 3, 'hidden_units': 512, 'dropout': 0.21072276978585663, 'weights': 'IMAGENET1K_V1'}",{},32,auto,15,v8,512,True,2.3028949217182966,10.768622801817823,2.405199582237453e-05,0.0,0.0,0.0,0.0,0.0,0.0,0.0,0.0,0.0,0.0,0.0,0.0,0.0,0.0,0.0,0.0,0.0,0.0,0.0,0.0,0.08767951625094482,0.0,0.0,0.0,0.0,0.0,0.0,0.0,0.0458498023715415,1.0,0.03191801152962864,0.17865612648221343,0.1,0.017865612648221344,0.5249528664554919,0.05416000615020824,0.030315224681421865,0.0,0.0,17.865612648221344,2.310047847032547,4.58498023715415,2.0,0.07552083084547263,0.08555985002339937,0.07853253659885065
c9f8506d14724dc4bbd02df2d57d30b4,2,42,"{'data_dir': 'data/gold/datasets/v8/train_val', 'experiment_name': 'ViT', 'mlflow_uri': 'file:///mlruns', 'dataset_name': 'v8', 'max_epochs': 30, 'batch_size': 32, 'num_workers': 0, 'device': 'auto', 'seed': 42}",30,"{'type': 'AdamW', 'params': {'lr': 1.381560738295085e-05, 'weight_decay': 0.010750512925563078}}","{'type': 'CrossEntropyLoss', 'params': {'label_smoothing': 0.03143559810763267}}","[{'class_path': 'src.utils.callbacks.EarlyStopping', 'init_args': {'patience': 7, 'verbose': True}}, {'class_path': 'src.utils.callbacks.ModelCheckpoint', 'init_args': {'filepath': 'best_vit.pth', 'monitor': 'val_loss', 'save_best_only': True}}]",,file:///mlruns,IMAGENET1K_V1,"{'type': 'CosineAnnealingWarmRestarts', 'params': {'T_0': 12, 'T_mult': 1, 'eta_min': 1e-06}}",10,vit,data/gold/datasets/v8/train_val,vit_b_32,0,ViT,0.007625738023228556,"{'architecture': 'vit_b_32', 'pretrained': True, 'unfreeze_layers': 2, 'hidden_units': 256, 'dropout': 0.007625738023228556, 'weights': 'IMAGENET1K_V1'}",{},32,auto,15,v8,256,True,2.290844117057015,12.863070539419088,1.2675100878790859e-05,0.031007751937984496,0.0,0.0,0.07058823529411765,0.0,0.0,0.023529411764705882,0.045454545454545456,0.0,0.0371900826446281,0.6923076923076923,0.0,0.02643171806167401,0.41379310344827586,0.0,0.0,0.0,0.0,0.0,0.0,0.0,0.0,0.049689440993788817,0.0,0.0,0.0,0.0,0.0,0.0,0.0,0.026045997134409863,0.09723320158102766,0.1113959442974987,0.021499430394167234,0.5375891978092034,0.040110199420120826,0.03427846816675715,0.008806153327352755,0.0068766486117115555,9.723320158102766,2.3247258365154266,3.241106719367589,7.0,0.031249998970540392,0.12137185359027902,0.058286555356461975
bdaa358e06224601919e291caae623de,1,42,"{'data_dir': 'data/gold/datasets/v8/train_val', 'experiment_name': 'ViT', 'mlflow_uri': 'file:///mlruns', 'dataset_name': 'v8', 'max_epochs': 30, 'batch_size': 32, 'num_workers': 0, 'device': 'auto', 'seed': 42}",30,"{'type': 'AdamW', 'params': {'lr': 1.0210451114512968e-05, 'weight_decay': 0.03241509528627272}}","{'type': 'CrossEntropyLoss', 'params': {'label_smoothing': 0.022210781047073025}}","[{'class_path': 'src.utils.callbacks.EarlyStopping', 'init_args': {'patience': 7, 'verbose': True}}, {'class_path': 'src.utils.callbacks.ModelCheckpoint', 'init_args': {'filepath': 'best_vit.pth', 'monitor': 'val_loss', 'save_best_only': True}}]",,file:///mlruns,IMAGENET1K_V1,"{'type': 'CosineAnnealingWarmRestarts', 'params': {'T_0': 9, 'T_mult': 1, 'eta_min': 1e-06}}",10,vit,data/gold/datasets/v8/train_val,vit_b_16,0,ViT,0.258219174976903,"{'architecture': 'vit_b_16', 'pretrained': True, 'unfreeze_layers': 1, 'hidden_units': 512, 'dropout': 0.258219174976903, 'weights': 'IMAGENET1K_V1'}",{},32,auto,15,v8,512,True,2.301803955139555,10.827899624580123,8.794249305955158e-06,0.07947019867549669,0.0,0.0,0.0,0.015544041450777202,0.11538461538461539,0.04219409282700422,0.6818181818181818,0.0,0.0,0.0,0.0273972602739726,0.022727272727272728,0.41379310344827586,0.0,0.0,0.0,0.0,0.0,0.0,0.0,0.0,0.04308797127468582,0.0,0.0,0.0,0.0,0.0,0.0,0.0,0.06729946320470416,0.16758893280632411,0.10438472418670439,0.041147036748149346,0.5356383404311799,0.07352269223222045,0.04532041540020263,0.01982787336432655,0.00918628825605583,16.75889328063241,2.3132171988487245,3.557312252964427,3.0,0.04166666529405387,0.16619390728439856,0.07902483789115727
1d9fac920cf642a2b101735f269b0bea,1,42,"{'data_dir': 'data/gold/datasets/v8/train_val', 'experiment_name': 'ViT', 'mlflow_uri': 'file:///mlruns', 'dataset_name': 'v8', 'max_epochs': 30, 'batch_size': 32, 'num_workers': 0, 'device': 'auto', 'seed': 42}",30,"{'type': 'AdamW', 'params': {'lr': 2.5445413453975068e-05, 'weight_decay': 0.0471272166318295}}","{'type': 'CrossEntropyLoss', 'params': {'label_smoothing': 0.04278017972431578}}","[{'class_path': 'src.utils.callbacks.EarlyStopping', 'init_args': {'patience': 7, 'verbose': True}}, {'class_path': 'src.utils.callbacks.ModelCheckpoint', 'init_args': {'filepath': 'best_vit.pth', 'monitor': 'val_loss', 'save_best_only': True}}]",,file:///mlruns,IMAGENET1K_V1,"{'type': 'CosineAnnealingWarmRestarts', 'params': {'T_0': 11, 'T_mult': 1, 'eta_min': 1e-06}}",10,vit,data/gold/datasets/v8/train_val,vit_b_32,0,ViT,0.08251219104371528,"{'architecture': 'vit_b_32', 'pretrained': True, 'unfreeze_layers': 1, 'hidden_units': 512, 'dropout': 0.08251219104371528, 'weights': 'IMAGENET1K_V1'}",{},32,auto,15,v8,512,True,2.2887375531425542,12.428373839162221,2.288705481754245e-05,0.0,0.16176470588235295,0.08208955223880597,0.052434456928838954,0.10362694300518134,0.14285714285714285,0.0,0.0,0.10891089108910891,0.03070175438596491,0.1794871794871795,0.12012012012012012,0.02997275204359673,0.3793103448275862,0.0,0.0,0.0297029702970297,0.15,0.0,0.0,0.105,0.019138755980861243,0.05555555555555555,0.0,0.0,0.049586776859504134,0.15384615384615385,0.01020408163265306,0.06140350877192982,0.3620689655172414,0.05631112493938417,0.12173913043478261,0.11030936099812283,0.03998686265310052,0.5382282337496512,0.07299943500414972,0.05300354068114814,0.010928391535908627,0.00931602368762563,12.173913043478262,2.3021269142627716,6.16600790513834,3.0,0.12760416246303996,0.13000236449207117,0.12832362307174933
ebe946ffb45d40d3ba61b8d08ef251d9,3,42,"{'data_dir': 'data/gold/datasets/v8/train_val', 'experiment_name': 'ViT', 'mlflow_uri': 'file:///mlruns', 'dataset_name': 'v8', 'max_epochs': 30, 'batch_size': 32, 'num_workers': 0, 'device': 'auto', 'seed': 42}",30,"{'type': 'AdamW', 'params': {'lr': 1.3052098717712376e-05, 'weight_decay': 0.014658367869049872}}","{'type': 'CrossEntropyLoss', 'params': {'label_smoothing': 0.07897051060322621}}","[{'class_path': 'src.utils.callbacks.EarlyStopping', 'init_args': {'patience': 7, 'verbose': True}}, {'class_path': 'src.utils.callbacks.ModelCheckpoint', 'init_args': {'filepath': 'best_vit.pth', 'monitor': 'val_loss', 'save_best_only': True}}]",,file:///mlruns,IMAGENET1K_V1,"{'type': 'CosineAnnealingWarmRestarts', 'params': {'T_0': 15, 'T_mult': 1, 'eta_min': 1e-06}}",10,vit,data/gold/datasets/v8/train_val,vit_b_16,0,ViT,0.19871181124498183,"{'architecture': 'vit_b_16', 'pretrained': True, 'unfreeze_layers': 3, 'hidden_units': 512, 'dropout': 0.19871181124498183, 'weights': 'IMAGENET1K_V1'}",{},32,auto,15,v8,512,True,2.3038114129590133,10.235131396957122,1.3052098717712376e-05,0.0,0.0,0.0,0.06593406593406594,0.0,0.0,0.0,0.0,0.0,0.036057692307692304,0.38461538461538464,0.0,0.028268551236749116,0.8275862068965517,0.0,0.0,0.0,0.0,0.0,0.0,0.0,0.0,0.05466970387243736,0.0,0.0,0.0,0.0,0.0,0.0,0.0,,,,,,,,,,,2.3163406014442445,3.08300395256917,,0.02604166580878366,,
129d6058cf1949b99b7a56a2ce0c2ed0,1,42,"{'data_dir': 'data/gold/datasets/v8/train_val', 'experiment_name': 'ViT', 'mlflow_uri': 'file:///mlruns', 'dataset_name': 'v8', 'max_epochs': 30, 'batch_size': 32, 'num_workers': 0, 'device': 'auto', 'seed': 42}",30,"{'type': 'AdamW', 'params': {'lr': 2.1308645744939037e-05, 'weight_decay': 0.044101547373000885}}","{'type': 'CrossEntropyLoss', 'params': {'label_smoothing': 0.04300885231420552}}","[{'class_path': 'src.utils.callbacks.EarlyStopping', 'init_args': {'patience': 7, 'verbose': True}}, {'class_path': 'src.utils.callbacks.ModelCheckpoint', 'init_args': {'filepath': 'best_vit.pth', 'monitor': 'val_loss', 'save_best_only': True}}]",,file:///mlruns,IMAGENET1K_V1,"{'type': 'CosineAnnealingWarmRestarts', 'params': {'T_0': 10, 'T_mult': 1, 'eta_min': 1e-06}}",10,vit,data/gold/datasets/v8/train_val,vit_b_32,0,ViT,0.11080156527460791,"{'architecture': 'vit_b_32', 'pretrained': True, 'unfreeze_layers': 1, 'hidden_units': 512, 'dropout': 0.11080156527460791, 'weights': 'IMAGENET1K_V1'}",{},32,auto,15,v8,512,True,2.2926724096033277,12.033195020746888,1.875555348741024e-05,0.0,0.0,0.0,0.06758448060075094,0.05699481865284974,0.11578947368421053,0.0,0.0,0.0,0.035526315789473684,0.6923076923076923,0.0763888888888889,0.0,0.0,0.3584070796460177,0.2025,0.0,0.0,0.0,0.0,0.0,0.02912621359223301,0.0,0.25878594249201275,0.0,0.0,0.3,0.015306122448979591,0.0,0.0,0.07323143901885502,0.16363636363636364,0.10244688569523126,0.045867999708151655,0.5416148607845496,0.09184835524408409,0.05752370546824483,0.005705034181289932,0.004734014706232248,16.363636363636363,2.2903253555297853,9.644268774703557,10.0,0.24218749202168807,0.10876052537559008,0.20215940202785865
e245a291ff9d40a98c9fb5ea939af2f8,3,42,"{'data_dir': 'data/gold/datasets/v8/train_val', 'experiment_name': 'ViT', 'mlflow_uri': 'file:///mlruns', 'dataset_name': 'v8', 'max_epochs': 30, 'batch_size': 32, 'num_workers': 0, 'device': 'auto', 'seed': 42}",30,"{'type': 'AdamW', 'params': {'lr': 1.255938786094923e-05, 'weight_decay': 0.03700526559981002}}","{'type': 'CrossEntropyLoss', 'params': {'label_smoothing': 0.026123250699991517}}","[{'class_path': 'src.utils.callbacks.EarlyStopping', 'init_args': {'patience': 7, 'verbose': True}}, {'class_path': 'src.utils.callbacks.ModelCheckpoint', 'init_args': {'filepath': 'best_vit.pth', 'monitor': 'val_loss', 'save_best_only': True}}]",,file:///mlruns,IMAGENET1K_V1,"{'type': 'CosineAnnealingWarmRestarts', 'params': {'T_0': 13, 'T_mult': 1, 'eta_min': 1e-06}}",10,vit,data/gold/datasets/v8/train_val,vit_b_16,0,ViT,0.2460792437281672,"{'architecture': 'vit_b_16', 'pretrained': True, 'unfreeze_layers': 3, 'hidden_units': 512, 'dropout': 0.2460792437281672, 'weights': 'IMAGENET1K_V1'}",{},32,auto,15,v8,512,True,2.2992681258517607,11.163801620233155,1.1685282849382099e-05,0.047058823529411764,0.23529411764705882,0.06130268199233716,0.07272727272727272,0.0,0.0,0.04878048780487805,0.045454545454545456,0.0972644376899696,0.04046242774566474,0.358974358974359,0.0,0.02593192868719611,0.5517241379310345,0.0,0.0,0.0,0.0,0.0,0.0,0.0,0.0,0.04953560371517028,0.0,0.0,0.0,0.0,0.0,0.0,0.0,0.054440691951747396,0.16442687747035573,0.10511733815868633,0.043489491806323485,0.5367767911506579,0.0628702371063749,0.04280827026101107,0.016716656742738832,0.007365113962165548,16.442687747035574,2.302597451210022,3.7944664031620556,5.0,0.04947916503668897,0.15354151564325405,0.08069787021865849
b7792363f998469e887b24f5e28eb5ae,2,42,"{'data_dir': 'data/gold/datasets/v8/train_val', 'experiment_name': 'ViT', 'mlflow_uri': 'file:///mlruns', 'dataset_name': 'v8', 'max_epochs': 30, 'batch_size': 32, 'num_workers': 0, 'device': 'auto', 'seed': 42}",30,"{'type': 'AdamW', 'params': {'lr': 4.4354248104840366e-05, 'weight_decay': 0.01999301582833818}}","{'type': 'CrossEntropyLoss', 'params': {'label_smoothing': 0.06095643339798969}}","[{'class_path': 'src.utils.callbacks.EarlyStopping', 'init_args': {'patience': 7, 'verbose': True}}, {'class_path': 'src.utils.callbacks.ModelCheckpoint', 'init_args': {'filepath': 'best_vit.pth', 'monitor': 'val_loss', 'save_best_only': True}}]",,file:///mlruns,IMAGENET1K_V1,"{'type': 'ReduceLROnPlateau', 'params': {'mode': 'min', 'patience': 4, 'factor': 0.11475477894181313, 'min_lr': 1e-07}}",10,vit,data/gold/datasets/v8/train_val,vit_b_32,0,ViT,0.07553468874760924,"{'architecture': 'vit_b_32', 'pretrained': True, 'unfreeze_layers': 2, 'hidden_units': 256, 'dropout': 0.07553468874760924, 'weights': 'IMAGENET1K_V1'}",{},32,auto,15,v8,256,True,2.2930173438143244,11.697293025093854,5.84085981356079e-07,0.0,0.0,0.0,0.06618705035971223,0.39896373056994816,0.15524193548387097,0.0,0.0,0.0,0.0350609756097561,0.5897435897435898,0.22351233671988388,0.0,0.0,0.0,0.0,0.0,0.0,0.0,0.0,0.06451612903225806,0.02830188679245283,0.0,0.0,0.0,0.0,0.1875,0.015306122448979591,0.05154639175257732,0.08620689655172414,0.027558624568420065,0.16600790513833993,0.1,0.016600790513833993,0.5283557122183445,0.04727004756481544,0.028474576271186443,0.0,0.0,16.600790513833992,2.307025906443596,8.537549407114625,0.0,0.20572915988939097,0.08555985002339937,0.16967836692959348
73ab6ca06d7746feb017e64ebc4f5e1f,2,42,"{'data_dir': 'data/gold/datasets/v8/train_val', 'experiment_name': 'ViT', 'mlflow_uri': 'file:///mlruns', 'dataset_name': 'v8', 'max_epochs': 30, 'batch_size': 32, 'num_workers': 0, 'device': 'auto', 'seed': 42}",30,"{'type': 'AdamW', 'params': {'lr': 1.6819769474423424e-05, 'weight_decay': 0.010514869279090499}}","{'type': 'CrossEntropyLoss', 'params': {'label_smoothing': 0.03219823085266624}}","[{'class_path': 'src.utils.callbacks.EarlyStopping', 'init_args': {'patience': 7, 'verbose': True}}, {'class_path': 'src.utils.callbacks.ModelCheckpoint', 'init_args': {'filepath': 'best_vit.pth', 'monitor': 'val_loss', 'save_best_only': True}}]",,file:///mlruns,IMAGENET1K_V1,"{'type': 'CosineAnnealingWarmRestarts', 'params': {'T_0': 13, 'T_mult': 1, 'eta_min': 1e-06}}",10,vit,data/gold/datasets/v8/train_val,vit_b_32,0,ViT,0.21677458555454654,"{'architecture': 'vit_b_32', 'pretrained': True, 'unfreeze_layers': 2, 'hidden_units': 256, 'dropout': 0.21677458555454654, 'weights': 'IMAGENET1K_V1'}",{},32,auto,15,v8,256,True,2.3029049290331236,10.412961865244023,1.5617396011950147e-05,0.0,0.0,0.0,0.0,0.0,0.0,0.0,0.0,0.0,0.0,0.0,0.0,0.022943037974683545,1.0,0.0,0.0,0.0,0.0,0.0,0.0,0.0,0.0,0.0448569218870843,0.0,0.0,0.0,0.0,0.0,0.0,0.0,0.0028895936508928433,0.05375494071146245,0.1,0.005375494071146245,0.5314414537875114,0.005484375046330753,0.010202550637659414,0.0,0.0,5.375494071146245,2.313197499513626,2.292490118577075,4.0,0.0,0.08555985002339937,0.02566795500701981
c7037acb464b46a081a5f4d8d7451ba4,4,42,"{'data_dir': 'data/gold/datasets/v8/train_val', 'experiment_name': 'ViT', 'mlflow_uri': 'file:///mlruns', 'dataset_name': 'v8', 'max_epochs': 30, 'batch_size': 32, 'num_workers': 0, 'device': 'auto', 'seed': 42}",30,"{'type': 'AdamW', 'params': {'lr': 1.0024133067200443e-05, 'weight_decay': 0.03881360362676222}}","{'type': 'CrossEntropyLoss', 'params': {'label_smoothing': 0.03269709200283799}}","[{'class_path': 'src.utils.callbacks.EarlyStopping', 'init_args': {'patience': 7, 'verbose': True}}, {'class_path': 'src.utils.callbacks.ModelCheckpoint', 'init_args': {'filepath': 'best_vit.pth', 'monitor': 'val_loss', 'save_best_only': True}}]",,file:///mlruns,IMAGENET1K_V1,"{'type': 'CosineAnnealingWarmRestarts', 'params': {'T_0': 13, 'T_mult': 1, 'eta_min': 1e-06}}",10,vit,data/gold/datasets/v8/train_val,vit_b_16,0,ViT,0.24164907702687194,"{'architecture': 'vit_b_16', 'pretrained': True, 'unfreeze_layers': 4, 'hidden_units': 512, 'dropout': 0.24164907702687194, 'weights': 'IMAGENET1K_V1'}",{},32,auto,15,v8,512,True,2.3015326836014474,11.183560561153921,9.337121954397267e-06,0.0,0.0,0.0,0.06571741511500548,0.0,0.0,0.0,0.0,0.0,0.034324942791762014,0.7692307692307693,0.0,0.028132992327365727,0.3793103448275862,0.0,0.0,0.0,0.0,0.0,0.0,0.0,0.0,0.05238095238095238,0.0,0.0,0.0,0.0,0.0,0.0,0.0,0.027558624568420065,0.16600790513833993,0.1,0.016600790513833993,0.528347172231868,0.04727004756481544,0.028474576271186443,0.0,0.0,16.600790513833992,2.3140602707862854,3.241106719367589,3.0,0.031249998970540392,0.08555985002339937,0.047542954286398084
bb431e2d562e4e1b94c302dfb05ac077,3,42,"{'data_dir': 'data/gold/datasets/v8/train_val', 'experiment_name': 'ViT', 'mlflow_uri': 'file:///mlruns', 'dataset_name': 'v8', 'max_epochs': 30, 'batch_size': 32, 'num_workers': 0, 'device': 'auto', 'seed': 42}",30,"{'type': 'AdamW', 'params': {'lr': 1.4093025439830856e-05, 'weight_decay': 0.018257265142247826}}","{'type': 'CrossEntropyLoss', 'params': {'label_smoothing': 0.04844462567113938}}","[{'class_path': 'src.utils.callbacks.EarlyStopping', 'init_args': {'patience': 7, 'verbose': True}}, {'class_path': 'src.utils.callbacks.ModelCheckpoint', 'init_args': {'filepath': 'best_vit.pth', 'monitor': 'val_loss', 'save_best_only': True}}]",,file:///mlruns,IMAGENET1K_V1,"{'type': 'CosineAnnealingWarmRestarts', 'params': {'T_0': 12, 'T_mult': 1, 'eta_min': 1e-06}}",10,vit,data/gold/datasets/v8/train_val,vit_b_16,0,ViT,0.23567334872258788,"{'architecture': 'vit_b_16', 'pretrained': True, 'unfreeze_layers': 3, 'hidden_units': 512, 'dropout': 0.23567334872258788, 'weights': 'IMAGENET1K_V1'}",{},32,auto,15,v8,512,True,2.2923450348429517,12.487650661924521,1.2941949662255318e-05,0.0,0.0,0.0,0.06763285024154589,0.0,0.0,0.0,0.0,0.0,0.03608247422680412,0.5384615384615384,0.0,0.02922077922077922,0.3103448275862069,0.17256637168141592,0.23636363636363636,0.0,0.0,0.0,0.0,0.0,0.15763546798029557,0.05341246290801187,0.19948849104859334,0.0,0.0,0.1523809523809524,0.16326530612244897,0.0,0.0,0.05788891128742615,0.16205533596837945,0.10453984702689367,0.03611717964581239,0.539213295855445,0.07275507588941335,0.045938073147049306,0.015767535273704364,0.008795837371257664,16.205533596837945,2.298483136296272,7.984189723320158,9.0,0.1874999938232424,0.14968172122780954,0.17615451204461252
968e4e5ce1834765b3f088293524cc47,2,42,"{'data_dir': 'data/gold/datasets/v8/train_val', 'experiment_name': 'ViT', 'mlflow_uri': 'file:///mlruns', 'dataset_name': 'v8', 'max_epochs': 30, 'batch_size': 32, 'num_workers': 0, 'device': 'auto', 'seed': 42}",30,"{'type': 'AdamW', 'params': {'lr': 1.4413697528610398e-05, 'weight_decay': 0.03127353036780371}}","{'type': 'CrossEntropyLoss', 'params': {'label_smoothing': 0.0909320402078782}}","[{'class_path': 'src.utils.callbacks.EarlyStopping', 'init_args': {'patience': 7, 'verbose': True}}, {'class_path': 'src.utils.callbacks.ModelCheckpoint', 'init_args': {'filepath': 'best_vit.pth', 'monitor': 'val_loss', 'save_best_only': True}}]",,file:///mlruns,IMAGENET1K_V1,"{'type': 'CosineAnnealingWarmRestarts', 'params': {'T_0': 5, 'T_mult': 1, 'eta_min': 1e-06}}",10,vit,data/gold/datasets/v8/train_val,vit_b_16,0,ViT,0.13204574812188039,"{'architecture': 'vit_b_16', 'pretrained': True, 'unfreeze_layers': 2, 'hidden_units': 512, 'dropout': 0.13204574812188039, 'weights': 'IMAGENET1K_V1'}",{},32,auto,15,v8,512,True,2.288043624773913,12.507409602845287,8.521543606586952e-06,0.0,0.0,0.0,0.07252440725244072,0.05699481865284974,0.1746031746031746,0.0,0.0,0.0,0.038348082595870206,0.6666666666666666,0.0859375,0.018867924528301886,0.20689655172413793,0.061946902654867256,0.1686746987951807,0.0,0.0,0.0,0.0,0.0,0.1390728476821192,0.0345821325648415,0.09061488673139159,0.0,0.0,0.19811320754716982,0.10714285714285714,0.0,0.0,0.052275891872729824,0.13754940711462452,0.09160261994871559,0.03300314215698831,0.5299496829264806,0.0737509912448806,0.047232400767892965,-0.009818188515339919,-0.008091082935608895,13.754940711462451,2.297030633687973,6.16600790513834,7.0,0.12760416246303996,0.045632200678535156,0.10301257392768852
3f5ad0b9d27a49c2a4c0a9ccff9b1925,4,42,"{'data_dir': 'data/gold/datasets/v8/train_val', 'experiment_name': 'ViT', 'mlflow_uri': 'file:///mlruns', 'dataset_name': 'v8', 'max_epochs': 30, 'batch_size': 32, 'num_workers': 0, 'device': 'auto', 'seed': 42}",30,"{'type': 'AdamW', 'params': {'lr': 1.4403595356489412e-05, 'weight_decay': 0.018866183761168158}}","{'type': 'CrossEntropyLoss', 'params': {'label_smoothing': 0.03702135414871269}}","[{'class_path': 'src.utils.callbacks.EarlyStopping', 'init_args': {'patience': 7, 'verbose': True}}, {'class_path': 'src.utils.callbacks.ModelCheckpoint', 'init_args': {'filepath': 'best_vit.pth', 'monitor': 'val_loss', 'save_best_only': True}}]",,file:///mlruns,IMAGENET1K_V1,"{'type': 'CosineAnnealingWarmRestarts', 'params': {'T_0': 11, 'T_mult': 1, 'eta_min': 1e-06}}",10,vit,data/gold/datasets/v8/train_val,vit_b_16,0,ViT,0.2776582643189797,"{'architecture': 'vit_b_16', 'pretrained': True, 'unfreeze_layers': 4, 'hidden_units': 512, 'dropout': 0.2776582643189797, 'weights': 'IMAGENET1K_V1'}",{},32,auto,15,v8,512,True,2.3032305892148384,10.689587038134755,1.3009930592557198e-05,0.0,0.0,0.0,0.02072538860103627,0.0,0.0,0.0,0.0,0.0,0.012987012987012988,0.05128205128205128,0.0,0.0,0.0,0.0,0.0,0.0,0.0,0.3476190476190476,0.1492842535787321,0.07647058823529412,0.0,0.0,0.0,0.2088698140200286,0.0,0.0,0.0,0.04180064308681672,0.4482758620689655,0.02549891421518849,0.15968379446640316,0.1,0.015968379446640316,0.5413670306979196,0.04397563255925486,0.027539195637355147,0.0,0.0,15.968379446640316,2.297466316819191,7.984189723320158,2.0,0.1874999938232424,0.08555985002339937,0.15691795068328948
80776f1b847d4f05bd3d81a598b540f2,1,42,"{'data_dir': 'data/gold/datasets/v8/train_val', 'experiment_name': 'ViT', 'mlflow_uri': 'file:///mlruns', 'dataset_name': 'v8', 'max_epochs': 30, 'batch_size': 32, 'num_workers': 0, 'device': 'auto', 'seed': 42}",30,"{'type': 'AdamW', 'params': {'lr': 1.0636066512540278e-05, 'weight_decay': 0.09330606024425668}}","{'type': 'CrossEntropyLoss', 'params': {'label_smoothing': 0.018182496720710064}}","[{'class_path': 'src.utils.callbacks.EarlyStopping', 'init_args': {'patience': 7, 'verbose': True}}, {'class_path': 'src.utils.callbacks.ModelCheckpoint', 'init_args': {'filepath': 'best_vit.pth', 'monitor': 'val_loss', 'save_best_only': True}}]",,file:///mlruns,IMAGENET1K_V1,"{'type': 'ReduceLROnPlateau', 'params': {'mode': 'min', 'patience': 7, 'factor': 0.18493564427131048, 'min_lr': 1e-07}}",10,vit,data/gold/datasets/v8/train_val,vit_b_16,0,ViT,0.21242177333881365,"{'architecture': 'vit_b_16', 'pretrained': True, 'unfreeze_layers': 1, 'hidden_units': 256, 'dropout': 0.21242177333881365, 'weights': 'IMAGENET1K_V1'}",{},32,auto,15,v8,256,True,2.297897108504245,11.736810906935387,1.0636066512540278e-05,0.0,0.014705882352941176,0.1111111111111111,0.07513416815742398,0.11398963730569948,0.1437908496732026,0.0,0.0,0.025974025974025976,0.04038461538461539,0.5384615384615384,0.12716763005780346,0.029159519725557463,0.5862068965517241,0.0,0.0,0.0,0.0,0.0,0.0,0.0,0.0,0.05555555555555555,0.0,0.0,0.0,0.0,0.0,0.0,0.0,0.028009599096555617,0.15968379446640316,0.09827838827838828,0.018908163265306123,0.5348918893093706,0.04728585775876271,0.030545582851850224,-0.008931105048026513,-0.0024451791578294912,15.968379446640316,2.2985139757394792,4.822134387351778,1.0,0.08333333058810771,0.04923970501267756,0.07310524291547867
a87a18205ddc4cf4880fec747d06b1dc,1,42,"{'data_dir': 'data/gold/datasets/v8/train_val', 'experiment_name': 'ViT', 'mlflow_uri': 'file:///mlruns', 'dataset_name': 'v8', 'max_epochs': 30, 'batch_size': 32, 'num_workers': 0, 'device': 'auto', 'seed': 42}",30,"{'type': 'AdamW', 'params': {'lr': 1.7489764685199782e-05, 'weight_decay': 0.03962793566185686}}","{'type': 'CrossEntropyLoss', 'params': {'label_smoothing': 0.026348165424237017}}","[{'class_path': 'src.utils.callbacks.EarlyStopping', 'init_args': {'patience': 7, 'verbose': True}}, {'class_path': 'src.utils.callbacks.ModelCheckpoint', 'init_args': {'filepath': 'best_vit.pth', 'monitor': 'val_loss', 'save_best_only': True}}]",,file:///mlruns,IMAGENET1K_V1,"{'type': 'CosineAnnealingWarmRestarts', 'params': {'T_0': 12, 'T_mult': 1, 'eta_min': 1e-06}}",10,vit,data/gold/datasets/v8/train_val,vit_b_32,0,ViT,0.08136248851370534,"{'architecture': 'vit_b_32', 'pretrained': True, 'unfreeze_layers': 1, 'hidden_units': 512, 'dropout': 0.08136248851370534, 'weights': 'IMAGENET1K_V1'}",{},32,auto,15,v8,512,True,2.284833064735984,11.618257261410788,1.6054898079401094e-05,0.1005586592178771,0.0,0.0,0.06369426751592357,0.10880829015544041,0.12280701754385964,0.06666666666666667,0.20454545454545456,0.0,0.03636363636363636,0.2564102564102564,0.11538461538461539,0.0,0.0,0.22123893805309736,0.17857142857142858,0.0297029702970297,0.13953488372093023,0.014285714285714285,0.2,0.10181818181818182,0.15384615384615385,0.0,0.1976284584980237,0.02666666666666667,0.04897959183673469,0.1937984496124031,0.12755102040816327,0.06451612903225806,0.2413793103448276,0.027558624568420065,0.16600790513833993,0.1,0.016600790513833993,0.52739050929134,0.04727004756481544,0.028474576271186443,0.0,0.0,16.600790513833992,2.2770566403865815,10.909090909090908,4.0,0.2838541573157419,0.08555985002339937,0.22436586512803913
c1c445ad07934503a3d4fe57a032b3f9,3,42,"{'data_dir': 'data/gold/datasets/v8/train_val', 'experiment_name': 'ViT', 'mlflow_uri': 'file:///mlruns', 'dataset_name': 'v8', 'max_epochs': 30, 'batch_size': 32, 'num_workers': 0, 'device': 'auto', 'seed': 42}",30,"{'type': 'AdamW', 'params': {'lr': 1.3355436935211424e-05, 'weight_decay': 0.016599459674507436}}","{'type': 'CrossEntropyLoss', 'params': {'label_smoothing': 0.049864304691693125}}","[{'class_path': 'src.utils.callbacks.EarlyStopping', 'init_args': {'patience': 7, 'verbose': True}}, {'class_path': 'src.utils.callbacks.ModelCheckpoint', 'init_args': {'filepath': 'best_vit.pth', 'monitor': 'val_loss', 'save_best_only': True}}]",,file:///mlruns,IMAGENET1K_V1,"{'type': 'CosineAnnealingWarmRestarts', 'params': {'T_0': 12, 'T_mult': 1, 'eta_min': 1e-06}}",10,vit,data/gold/datasets/v8/train_val,vit_b_16,0,ViT,0.2814542367084693,"{'architecture': 'vit_b_16', 'pretrained': True, 'unfreeze_layers': 3, 'hidden_units': 512, 'dropout': 0.2814542367084693, 'weights': 'IMAGENET1K_V1'}",{},32,auto,15,v8,512,True,2.3007605404656903,11.203319502074688,1.2260956995024248e-05,0.07142857142857142,0.0,0.0,0.06206896551724138,0.7564766839378239,0.16404494382022472,0.04838709677419355,0.13636363636363635,0.0,0.035856573705179286,0.23076923076923078,0.2696214219759926,0.0,0.0,0.0,0.0,0.0,0.0,0.0,0.0,0.0,0.0,0.0,0.0,0.0,0.0,0.0,0.0,0.0,0.0,0.03177392710273804,0.17391304347826086,0.09734513274336283,0.01778496362166532,0.5291779081434312,0.05373116585931231,0.03007518796992481,-0.009346776439538114,-0.0021879565350226837,17.391304347826086,2.3064915418624876,12.727272727272727,1.0,0.34374998867594436,0.047549293228768934,0.25488978004179175
0b61f4880c5d4813bba0a6e88c2fa917,3,42,"{'data_dir': 'data/gold/datasets/v8/train_val', 'experiment_name': 'ViT', 'mlflow_uri': 'file:///mlruns', 'dataset_name': 'v8', 'max_epochs': 30, 'batch_size': 32, 'num_workers': 0, 'device': 'auto', 'seed': 42}",30,"{'type': 'AdamW', 'params': {'lr': 1.4305241031471433e-05, 'weight_decay': 0.012980179838620157}}","{'type': 'CrossEntropyLoss', 'params': {'label_smoothing': 0.007028302039871462}}","[{'class_path': 'src.utils.callbacks.EarlyStopping', 'init_args': {'patience': 7, 'verbose': True}}, {'class_path': 'src.utils.callbacks.ModelCheckpoint', 'init_args': {'filepath': 'best_vit.pth', 'monitor': 'val_loss', 'save_best_only': True}}]",,file:///mlruns,IMAGENET1K_V1,"{'type': 'ReduceLROnPlateau', 'params': {'mode': 'min', 'patience': 3, 'factor': 0.2551808286453241, 'min_lr': 1e-07}}",10,vit,data/gold/datasets/v8/train_val,vit_b_16,0,ViT,0.2651949918022757,"{'architecture': 'vit_b_16', 'pretrained': True, 'unfreeze_layers': 3, 'hidden_units': 512, 'dropout': 0.2651949918022757, 'weights': 'IMAGENET1K_V1'}",{},32,auto,15,v8,512,True,2.303093253235364,10.294408219719424,3.650423260381971e-06,0.0,0.0,0.0,0.06846846846846846,0.0,0.0,0.0,0.0,0.0,0.03682170542635659,0.48717948717948717,0.0,0.029372496662216287,0.7586206896551724,0.0,0.0,0.0,0.0,0.0,0.0,0.0,0.0,0.056555269922879174,0.0,0.0,0.0,0.0,0.0,0.0,0.0,0.027558624568420065,0.16600790513833993,0.1,0.016600790513833993,0.5333734796718591,0.04727004756481544,0.028474576271186443,0.0,0.0,16.600790513833992,2.3116881251335144,3.241106719367589,5.0,0.031249998970540392,0.08555985002339937,0.047542954286398084
4d96855b610847c98a52fc29ca52e88f,1,42,"{'data_dir': 'data/gold/datasets/v8/train_val', 'experiment_name': 'ViT', 'mlflow_uri': 'file:///mlruns', 'dataset_name': 'v8', 'max_epochs': 30, 'batch_size': 32, 'num_workers': 0, 'device': 'auto', 'seed': 42}",30,"{'type': 'AdamW', 'params': {'lr': 2.2055091414104996e-05, 'weight_decay': 0.07481233094851587}}","{'type': 'CrossEntropyLoss', 'params': {'label_smoothing': 0.010372772654542964}}","[{'class_path': 'src.utils.callbacks.EarlyStopping', 'init_args': {'patience': 7, 'verbose': True}}, {'class_path': 'src.utils.callbacks.ModelCheckpoint', 'init_args': {'filepath': 'best_vit.pth', 'monitor': 'val_loss', 'save_best_only': True}}]",,file:///mlruns,IMAGENET1K_V1,"{'type': 'CosineAnnealingWarmRestarts', 'params': {'T_0': 8, 'T_mult': 1, 'eta_min': 1e-06}}",10,vit,data/gold/datasets/v8/train_val,vit_b_32,0,ViT,0.18265633580600407,"{'architecture': 'vit_b_32', 'pretrained': True, 'unfreeze_layers': 1, 'hidden_units': 512, 'dropout': 0.18265633580600407, 'weights': 'IMAGENET1K_V1'}",{},32,auto,15,v8,512,True,2.3007517670294297,11.815846670618456,1.7989520207633765e-05,0.0,0.0,0.0,0.06896551724137931,0.0,0.0,0.0,0.0,0.0,0.037267080745341616,0.46153846153846156,0.0,0.029411764705882353,0.7931034482758621,0.0,0.0,0.0,0.0,0.0,0.0,0.0,0.0,0.05672009864364982,0.0,0.0,0.0,0.0,0.0,0.0,0.0,0.053262957224600935,0.16047430830039525,0.09693475170801044,0.03205221229195648,0.523303216318008,0.07994566398691547,0.048154219210138086,-0.008452848510133537,-0.006643368171178166,16.047430830039524,2.31595122218132,3.241106719367589,0.0,0.031249998970540392,0.05118463195231052,0.03723038886507143
43c4dd1cd5264422b60115ad1889b6d8,4,42,"{'data_dir': 'data/gold/datasets/v8/train_val', 'experiment_name': 'ViT', 'mlflow_uri': 'file:///mlruns', 'dataset_name': 'v8', 'max_epochs': 30, 'batch_size': 32, 'num_workers': 0, 'device': 'auto', 'seed': 42}",30,"{'type': 'AdamW', 'params': {'lr': 1.618077892962857e-05, 'weight_decay': 0.03549420742863685}}","{'type': 'CrossEntropyLoss', 'params': {'label_smoothing': 0.034778445980634655}}","[{'class_path': 'src.utils.callbacks.EarlyStopping', 'init_args': {'patience': 7, 'verbose': True}}, {'class_path': 'src.utils.callbacks.ModelCheckpoint', 'init_args': {'filepath': 'best_vit.pth', 'monitor': 'val_loss', 'save_best_only': True}}]",,file:///mlruns,IMAGENET1K_V1,"{'type': 'CosineAnnealingWarmRestarts', 'params': {'T_0': 14, 'T_mult': 1, 'eta_min': 1e-06}}",10,vit,data/gold/datasets/v8/train_val,vit_b_16,0,ViT,0.29533033799224306,"{'architecture': 'vit_b_16', 'pretrained': True, 'unfreeze_layers': 4, 'hidden_units': 256, 'dropout': 0.29533033799224306, 'weights': 'IMAGENET1K_V1'}",{},32,auto,15,v8,256,True,2.302368299877707,10.195613515115589,1.5186973423360337e-05,0.0,0.0,0.0,0.0,0.0,0.0,0.0,0.0,0.0,0.0,0.0,0.0,0.0,0.0,0.6946902654867256,0.18384074941451992,0.3316831683168317,0.16502463054187191,0.0,0.0,0.0,0.0,0.0,0.29074074074074074,0.0,0.22039473684210525,0.0,0.0,0.0,0.0,0.05919603536532776,0.17707509881422925,0.10263734338035573,0.034886537995639184,0.5257937991143422,0.08713608241068195,0.051113547758284604,0.008317411040901303,0.006187625654307971,17.707509881422926,2.299297112226486,17.707509881422926,11.0,0.5078124832712815,0.1193842842333705,0.39128402355990816
44a3ec53f84a4c6ab522c0d1719e6e44,3,42,"{'data_dir': 'data/gold/datasets/v8/train_val', 'experiment_name': 'ViT', 'mlflow_uri': 'file:///mlruns', 'dataset_name': 'v8', 'max_epochs': 30, 'batch_size': 32, 'num_workers': 0, 'device': 'auto', 'seed': 42}",30,"{'type': 'AdamW', 'params': {'lr': 1.1900054735324374e-05, 'weight_decay': 0.026331614372123828}}","{'type': 'CrossEntropyLoss', 'params': {'label_smoothing': 0.024802690635336997}}","[{'class_path': 'src.utils.callbacks.EarlyStopping', 'init_args': {'patience': 7, 'verbose': True}}, {'class_path': 'src.utils.callbacks.ModelCheckpoint', 'init_args': {'filepath': 'best_vit.pth', 'monitor': 'val_loss', 'save_best_only': True}}]",,file:///mlruns,IMAGENET1K_V1,"{'type': 'CosineAnnealingWarmRestarts', 'params': {'T_0': 14, 'T_mult': 1, 'eta_min': 1e-06}}",10,vit,data/gold/datasets/v8/train_val,vit_b_16,0,ViT,0.24398020557255107,"{'architecture': 'vit_b_16', 'pretrained': True, 'unfreeze_layers': 3, 'hidden_units': 256, 'dropout': 0.24398020557255107, 'weights': 'IMAGENET1K_V1'}",{},32,auto,15,v8,256,True,2.3022972696549666,10.116577751432523,1.1185802254323366e-05,0.0,0.0,0.0,0.01834862385321101,0.0,0.0,0.0,0.0,0.0,0.014285714285714285,0.02564102564102564,0.0,0.023430962343096235,0.9655172413793104,0.0,0.0,0.0,0.0,0.0,0.0,0.0,0.0,0.0457516339869281,0.0,0.0,0.0,0.0,0.0,0.0,0.0,0.032316032743687766,0.1715415019762846,0.09813932380304062,0.019927140255009107,0.5335690993503419,0.05410849298635696,0.03225647105315155,-0.007640111047060485,-0.0022453222453222565,17.15415019762846,2.3102011561393736,2.292490118577075,6.0,0.0,0.054489793223589274,0.016346937967076782
d899100896bc40fa88ef757fa6c2cc78,3,42,"{'data_dir': 'data/gold/datasets/v8/train_val', 'experiment_name': 'ViT', 'mlflow_uri': 'file:///mlruns', 'dataset_name': 'v8', 'max_epochs': 30, 'batch_size': 32, 'num_workers': 0, 'device': 'auto', 'seed': 42}",30,"{'type': 'AdamW', 'params': {'lr': 3.9860439132196854e-05, 'weight_decay': 0.06290164127046881}}","{'type': 'CrossEntropyLoss', 'params': {'label_smoothing': 0.01983671118382281}}","[{'class_path': 'src.utils.callbacks.EarlyStopping', 'init_args': {'patience': 7, 'verbose': True}}, {'class_path': 'src.utils.callbacks.ModelCheckpoint', 'init_args': {'filepath': 'best_vit.pth', 'monitor': 'val_loss', 'save_best_only': True}}]",,file:///mlruns,IMAGENET1K_V1,"{'type': 'CosineAnnealingWarmRestarts', 'params': {'T_0': 7, 'T_mult': 1, 'eta_min': 1e-06}}",10,vit,data/gold/datasets/v8/train_val,vit_b_32,0,ViT,0.18350498982889696,"{'architecture': 'vit_b_32', 'pretrained': True, 'unfreeze_layers': 3, 'hidden_units': 512, 'dropout': 0.18350498982889696, 'weights': 'IMAGENET1K_V1'}",{},32,auto,15,v8,512,True,2.3014955407097224,10.156095633274056,3.0371825425634938e-05,0.0,0.0,0.0,0.020942408376963352,0.0,0.0,0.0,0.0,0.0,0.013157894736842105,0.05128205128205128,0.0,0.028416779431664412,0.7241379310344828,0.0,0.0,0.28217821782178215,0.15240641711229946,0.0,0.0,0.0,0.0,0.0546875,0.0,0.0,0.19791666666666666,0.0,0.0,0.0,0.0,0.03191801152962864,0.17865612648221343,0.1,0.017865612648221344,0.5368772785114204,0.05416000615020824,0.030315224681421865,0.0,0.0,17.865612648221344,2.3045765280723574,6.324110671936759,2.0,0.1328124956247967,0.08555985002339937,0.11863670194437749
b01e546f72d4428c91765287d8641f28,1,42,"{'data_dir': 'data/gold/datasets/v8/train_val', 'experiment_name': 'ViT', 'mlflow_uri': 'file:///mlruns', 'dataset_name': 'v8', 'max_epochs': 30, 'batch_size': 32, 'num_workers': 0, 'device': 'auto', 'seed': 42}",30,"{'type': 'AdamW', 'params': {'lr': 1.3724015317098094e-05, 'weight_decay': 0.012809306343820819}}","{'type': 'CrossEntropyLoss', 'params': {'label_smoothing': 0.013608873442560565}}","[{'class_path': 'src.utils.callbacks.EarlyStopping', 'init_args': {'patience': 7, 'verbose': True}}, {'class_path': 'src.utils.callbacks.ModelCheckpoint', 'init_args': {'filepath': 'best_vit.pth', 'monitor': 'val_loss', 'save_best_only': True}}]",,file:///mlruns,IMAGENET1K_V1,"{'type': 'CosineAnnealingWarmRestarts', 'params': {'T_0': 6, 'T_mult': 1, 'eta_min': 1e-06}}",10,vit,data/gold/datasets/v8/train_val,vit_b_32,0,ViT,0.2948800058050858,"{'architecture': 'vit_b_32', 'pretrained': True, 'unfreeze_layers': 1, 'hidden_units': 512, 'dropout': 0.2948800058050858, 'weights': 'IMAGENET1K_V1'}",{},32,auto,15,v8,512,True,2.287819451575363,12.882829480339854,9.645668397012768e-06,0.06666666666666667,0.0,0.0,0.07115628970775095,0.07772020725388601,0.14150943396226415,0.125,0.045454545454545456,0.0,0.0374331550802139,0.717948717948718,0.10033444816053512,0.02531645569620253,0.3448275862068966,0.0,0.0,0.0,0.0,0.0,0.0,0.0,0.0,0.04716981132075472,0.0,0.0,0.0,0.0,0.0,0.0,0.0,0.0598987122448108,0.14545454545454545,0.09713207612801421,0.0366612182322547,0.5237240931488246,0.05808918611905296,0.03770233036578048,0.003062333196599384,0.0016390330799950226,14.545454545454545,2.312659043073654,4.3478260869565215,2.0,0.06770833110283753,0.09801344733006344,0.0767998659710053
7624d350ef864025824dc70bd0c9d484,3,42,"{'data_dir': 'data/gold/datasets/v8/train_val', 'experiment_name': 'ViT', 'mlflow_uri': 'file:///mlruns', 'dataset_name': 'v8', 'max_epochs': 30, 'batch_size': 32, 'num_workers': 0, 'device': 'auto', 'seed': 42}",30,"{'type': 'AdamW', 'params': {'lr': 1.5552748684642426e-05, 'weight_decay': 0.012078009762412596}}","{'type': 'CrossEntropyLoss', 'params': {'label_smoothing': 0.02830319075781899}}","[{'class_path': 'src.utils.callbacks.EarlyStopping', 'init_args': {'patience': 7, 'verbose': True}}, {'class_path': 'src.utils.callbacks.ModelCheckpoint', 'init_args': {'filepath': 'best_vit.pth', 'monitor': 'val_loss', 'save_best_only': True}}]",,file:///mlruns,IMAGENET1K_V1,"{'type': 'CosineAnnealingWarmRestarts', 'params': {'T_0': 13, 'T_mult': 1, 'eta_min': 1e-06}}",10,vit,data/gold/datasets/v8/train_val,vit_b_16,0,ViT,0.23006028407412227,"{'architecture': 'vit_b_16', 'pretrained': True, 'unfreeze_layers': 3, 'hidden_units': 512, 'dropout': 0.23006028407412227, 'weights': 'IMAGENET1K_V1'}",{},32,auto,15,v8,512,True,2.3025683248215008,11.124283738391622,1.4443649965917095e-05,0.056074766355140186,0.0,0.0,0.0,0.8082901554404145,0.156312625250501,0.03529411764705882,0.13636363636363635,0.0,0.0,0.0,0.2619647355163728,0.020618556701030927,0.06896551724137931,0.0,0.0,0.0,0.0,0.0,0.0,0.0,0.0,0.031746031746031744,0.0,0.0,0.0,0.0,0.0,0.0,0.0,0.027558624568420065,0.16600790513833993,0.1,0.016600790513833993,0.5386174450417494,0.04727004756481544,0.028474576271186443,0.0,0.0,16.600790513833992,2.3079450100660326,12.964426877470355,11.0,0.3515624884185795,0.08555985002339937,0.27176169690002544
45bc870d0f364e9fb174af8cdc921b12,3,42,"{'data_dir': 'data/gold/datasets/v8/train_val', 'experiment_name': 'VGGNet', 'mlflow_uri': 'file:///mlruns', 'dataset_name': 'v8', 'seed': 42, 'max_epochs': 30, 'batch_size': 32, 'num_workers': 0, 'device': 'auto'}",30,"{'type': 'SGD', 'params': {'lr': 0.0006754689707044591, 'weight_decay': 0.0015643813361450119, 'momentum': 0.9}}","{'type': 'CrossEntropyLoss', 'params': {'label_smoothing': 0.0}}","[{'class_path': 'src.utils.callbacks.EarlyStopping', 'init_args': {'patience': 7, 'verbose': True}}, {'class_path': 'src.utils.callbacks.ModelCheckpoint', 'init_args': {'filepath': 'best_model_vggnet.pth', 'monitor': 'val_loss', 'save_best_only': True}}]","{'use_augmentation': True, 'per_image_aug_method': 'none', 'batch_level_aug_method': 'cutmix', 'mix_alpha': 0.8856441353570099}",file:///mlruns,IMAGENET1K_V1,"{'type': 'ReduceLROnPlateau', 'params': {'mode': 'min', 'patience': 3, 'factor': 0.2309113622156883, 'min_lr': 1e-07}}",10,vgg,data/gold/datasets/v8/train_val,vgg19_bn,0,VGGNet,0.4792104376476588,"{'architecture': 'vgg19_bn', 'pretrained': True, 'unfreeze_layers': 3, 'hidden_units': 512, 'dropout': 0.4792104376476588, 'weights': 'IMAGENET1K_V1'}","[{'type': 'CutMix', 'params': {'alpha': 1.0, 'prob': 0.6}}, {'type': 'MixUp', 'params': {'alpha': 0.4, 'prob': 0.6}}]",32,auto,15,v8,512,True,2.3027167343334867,12.270302311796089,0.00015597346015979553,0.0,0.0,0.0,0.0,0.0051813471502590676,1.0,0.0,0.0,0.0,0.0,0.0,0.010309278350515464,0.022435897435897436,0.9655172413793104,0.0,0.0,0.0,0.0,0.0,0.0,0.0,0.0,0.04385277995301488,0.0,0.0,0.0,0.0,0.0,0.0,0.0,0.11696260989435632,0.15019762845849802,0.0983957209826936,0.07333732375631816,0.4941283590899812,0.04278037142431011,0.027941733387879142,-0.015104159537689392,-0.0022685781292262064,15.019762845849801,3.6289515525102614,2.292490118577075,1.0,0.0,0.024135730418493904,0.0072407191255481704
4dad209a0e744823b49a817d400cb67f,5,42,"{'data_dir': 'data/gold/datasets/v8/train_val', 'experiment_name': 'VGGNet', 'mlflow_uri': 'file:///mlruns', 'dataset_name': 'v8', 'seed': 42, 'max_epochs': 30, 'batch_size': 32, 'num_workers': 0, 'device': 'auto'}",30,"{'type': 'SGD', 'params': {'lr': 0.0012592000981153186, 'weight_decay': 0.0039327773123910845, 'momentum': 0.9}}","{'type': 'CrossEntropyLoss', 'params': {'label_smoothing': 0.0}}","[{'class_path': 'src.utils.callbacks.EarlyStopping', 'init_args': {'patience': 7, 'verbose': True}}, {'class_path': 'src.utils.callbacks.ModelCheckpoint', 'init_args': {'filepath': 'best_model_vggnet.pth', 'monitor': 'val_loss', 'save_best_only': True}}]","{'use_augmentation': True, 'per_image_aug_method': 'none', 'batch_level_aug_method': 'cutmix', 'mix_alpha': 0.3007176047976522}",file:///mlruns,IMAGENET1K_V1,"{'type': 'ReduceLROnPlateau', 'params': {'mode': 'min', 'patience': 5, 'factor': 0.2922258275507788, 'min_lr': 1e-07}}",10,vgg,data/gold/datasets/v8/train_val,vgg19_bn,0,VGGNet,0.42912273156339314,"{'architecture': 'vgg19_bn', 'pretrained': True, 'unfreeze_layers': 5, 'hidden_units': 512, 'dropout': 0.42912273156339314, 'weights': 'IMAGENET1K_V1'}","[{'type': 'CutMix', 'params': {'alpha': 1.0, 'prob': 0.6}}, {'type': 'MixUp', 'params': {'alpha': 0.4, 'prob': 0.6}}]",32,auto,15,v8,512,True,2.256273417811082,14.957518277020352,0.0003679707907237709,0.0,0.0,0.0,0.0,0.0,0.0,0.0,0.0,0.0,0.0,0.0,0.0,0.0,0.0,0.9867256637168141,0.1784,0.0,0.0,0.0,0.0,0.0,0.0,0.0,0.3021680216802168,0.0,0.0,0.0,0.0,0.0,0.0,0.12541327567331312,0.17865612648221343,0.10014338304444617,0.07897395002658161,0.498708419738034,0.057156121037351154,0.03227152105200886,0.0017232186507575545,0.0002555772508865406,17.865612648221344,2.7562467038631437,17.628458498023715,0.0,0.5052083166904031,0.09256766719094288,0.38141612184056506
de7e0e2fb34c410aa3d1b1710d7d91ad,4,42,"{'data_dir': 'data/gold/datasets/v8/train_val', 'experiment_name': 'VGGNet', 'mlflow_uri': 'file:///mlruns', 'dataset_name': 'v8', 'seed': 42, 'max_epochs': 30, 'batch_size': 32, 'num_workers': 0, 'device': 'auto'}",30,"{'type': 'SGD', 'params': {'lr': 0.00027461123262061566, 'weight_decay': 0.0047369026253567875, 'momentum': 0.9}}","{'type': 'CrossEntropyLoss', 'params': {'label_smoothing': 0.0}}","[{'class_path': 'src.utils.callbacks.EarlyStopping', 'init_args': {'patience': 7, 'verbose': True}}, {'class_path': 'src.utils.callbacks.ModelCheckpoint', 'init_args': {'filepath': 'best_model_vggnet.pth', 'monitor': 'val_loss', 'save_best_only': True}}]","{'use_augmentation': True, 'per_image_aug_method': 'basic', 'basic_params': {'n_augments': 1, 'rotation_range': 3, 'horizontal_flip_prob': 0.5255753761799895, 'brightness_range': 0.0028694157338552406, 'contrast_range': 0.28913603524939185, 'width_shift_range': 0.1854962018783608}, 'batch_level_aug_method': 'mixup', 'mix_alpha': 0.568671822638005}",file:///mlruns,IMAGENET1K_V1,"{'type': 'ReduceLROnPlateau', 'params': {'mode': 'min', 'patience': 6, 'factor': 0.3262655323016665, 'min_lr': 1e-07}}",10,vgg,data/gold/datasets/v8/train_val,vgg19_bn,0,VGGNet,0.47333292136774424,"{'architecture': 'vgg19_bn', 'pretrained': True, 'unfreeze_layers': 4, 'hidden_units': 512, 'dropout': 0.47333292136774424, 'weights': 'IMAGENET1K_V1'}","[{'type': 'CutMix', 'params': {'alpha': 1.0, 'prob': 0.6}}, {'type': 'MixUp', 'params': {'alpha': 0.4, 'prob': 0.6}}]",32,auto,15,v8,512,True,2.334600460903844,10.037541987749456,0.00027461123262061566,0.0,0.0,0.0,0.0,0.0,0.0,0.0,0.0,0.0,0.0,0.0,0.0,0.02292490118577075,1.0,0.0,0.0,0.0,0.0,0.0,0.0,0.0,0.0,0.04482225656877898,0.0,0.0,0.0,0.0,0.0,0.0,0.0,0.02549891421518849,0.15968379446640316,0.1,0.015968379446640316,0.505177636674525,0.04397563255925486,0.027539195637355147,0.0,0.0,15.968379446640316,2.40252799987793,2.292490118577075,2.0,0.0,0.08555985002339937,0.02566795500701981
53596b77dab14c62ac4f4f32f27198a2,4,42,"{'data_dir': 'data/gold/datasets/v8/train_val', 'experiment_name': 'VGGNet', 'mlflow_uri': 'file:///mlruns', 'dataset_name': 'v8', 'seed': 42, 'max_epochs': 30, 'batch_size': 32, 'num_workers': 0, 'device': 'auto'}",30,"{'type': 'SGD', 'params': {'lr': 0.0007360188637705308, 'weight_decay': 0.007791470666172783, 'momentum': 0.9}}","{'type': 'CrossEntropyLoss', 'params': {'label_smoothing': 0.0}}","[{'class_path': 'src.utils.callbacks.EarlyStopping', 'init_args': {'patience': 7, 'verbose': True}}, {'class_path': 'src.utils.callbacks.ModelCheckpoint', 'init_args': {'filepath': 'best_model_vggnet.pth', 'monitor': 'val_loss', 'save_best_only': True}}]","{'use_augmentation': True, 'per_image_aug_method': 'none', 'batch_level_aug_method': 'cutmix', 'mix_alpha': 0.21436950049185577}",file:///mlruns,IMAGENET1K_V1,"{'type': 'ReduceLROnPlateau', 'params': {'mode': 'min', 'patience': 5, 'factor': 0.31424970561419596, 'min_lr': 1e-07}}",10,vgg,data/gold/datasets/v8/train_val,vgg19_bn,0,VGGNet,0.4290906339244839,"{'architecture': 'vgg19_bn', 'pretrained': True, 'unfreeze_layers': 4, 'hidden_units': 512, 'dropout': 0.4290906339244839, 'weights': 'IMAGENET1K_V1'}","[{'type': 'CutMix', 'params': {'alpha': 1.0, 'prob': 0.6}}, {'type': 'MixUp', 'params': {'alpha': 0.4, 'prob': 0.6}}]",32,auto,15,v8,512,True,1.115179359995313,63.34716459197787,7.26839806758761e-05,0.0,0.0,0.0,0.0,0.0,0.0,0.0,0.0,0.0,0.0,0.0,0.0,0.0,0.0,1.0,0.17865612648221343,0.0,0.0,0.0,0.0,0.0,0.0,0.0,0.30315224681421865,0.0,0.0,0.0,0.0,0.0,0.0,0.24568062742540053,0.2790513833992095,0.2436680388512788,0.25678005920970914,0.7396892947403346,0.2108390718788112,0.21482652913726974,0.1676591168929328,0.15039586774607605,27.90513833992095,3.496686798334122,17.865612648221344,17.0,0.5130208164330382,0.7673795582426459,0.5893284389759205
dea2f24fe8554891923f32fb6b0426a5,4,42,"{'data_dir': 'data/gold/datasets/v8/train_val', 'experiment_name': 'VGGNet', 'mlflow_uri': 'file:///mlruns', 'dataset_name': 'v8', 'seed': 42, 'max_epochs': 30, 'batch_size': 32, 'num_workers': 0, 'device': 'auto'}",30,"{'type': 'SGD', 'params': {'lr': 0.00041883503390475194, 'weight_decay': 0.0036575189293576046, 'momentum': 0.9}}","{'type': 'CrossEntropyLoss', 'params': {'label_smoothing': 0.0}}","[{'class_path': 'src.utils.callbacks.EarlyStopping', 'init_args': {'patience': 7, 'verbose': True}}, {'class_path': 'src.utils.callbacks.ModelCheckpoint', 'init_args': {'filepath': 'best_model_vggnet.pth', 'monitor': 'val_loss', 'save_best_only': True}}]","{'use_augmentation': True, 'per_image_aug_method': 'none', 'batch_level_aug_method': 'cutmix', 'mix_alpha': 0.20198406946124922}",file:///mlruns,IMAGENET1K_V1,"{'type': 'ReduceLROnPlateau', 'params': {'mode': 'min', 'patience': 5, 'factor': 0.2873475070945747, 'min_lr': 1e-07}}",10,vgg,data/gold/datasets/v8/train_val,vgg19_bn,0,VGGNet,0.4039420947153425,"{'architecture': 'vgg19_bn', 'pretrained': True, 'unfreeze_layers': 4, 'hidden_units': 512, 'dropout': 0.4039420947153425, 'weights': 'IMAGENET1K_V1'}","[{'type': 'CutMix', 'params': {'alpha': 1.0, 'prob': 0.6}}, {'type': 'MixUp', 'params': {'alpha': 0.4, 'prob': 0.6}}]",32,auto,15,v8,512,True,1.17962090829172,60.14621616281367,0.00012035120287640213,0.17647058823529413,0.2647058823529412,0.3050847457627119,0.3684210526315789,0.09326424870466321,0.23376623376623376,0.25,0.13636363636363635,0.28346456692913385,0.3783783783783784,0.358974358974359,0.13333333333333333,0.4666666666666667,0.2413793103448276,0.7256637168141593,0.37701149425287356,0.12376237623762376,0.19230769230769232,0.05714285714285714,0.23529411764705882,0.1411764705882353,0.35973597359735976,0.3181818181818182,0.4962178517397882,0.09195402298850575,0.15060240963855423,0.2658536585365854,0.5561224489795918,0.2222222222222222,0.10344827586206896,0.29264232726788153,0.31699604743083004,0.29764701221862033,0.27286171425768246,0.7465595043778244,0.2784038775413011,0.2664052341908742,0.21309953113615832,0.20604618321608825,31.699604743083004,1.9461189657449722,29.960474308300395,26.0,0.9114583033074283,0.9521721931726207,0.9236724702669861
c730b5428a3b4bada37d563cd2714680,4,42,"{'data_dir': 'data/gold/datasets/v8/train_val', 'experiment_name': 'VGGNet', 'mlflow_uri': 'file:///mlruns', 'dataset_name': 'v8', 'seed': 42, 'max_epochs': 30, 'batch_size': 32, 'num_workers': 0, 'device': 'auto'}",30,"{'type': 'SGD', 'params': {'lr': 0.0006212302945840188, 'weight_decay': 0.009568680611696868, 'momentum': 0.9}}","{'type': 'CrossEntropyLoss', 'params': {'label_smoothing': 0.0}}","[{'class_path': 'src.utils.callbacks.EarlyStopping', 'init_args': {'patience': 7, 'verbose': True}}, {'class_path': 'src.utils.callbacks.ModelCheckpoint', 'init_args': {'filepath': 'best_model_vggnet.pth', 'monitor': 'val_loss', 'save_best_only': True}}]","{'use_augmentation': True, 'per_image_aug_method': 'none', 'batch_level_aug_method': 'cutmix', 'mix_alpha': 0.21135378423319706}",file:///mlruns,IMAGENET1K_V1,"{'type': 'ReduceLROnPlateau', 'params': {'mode': 'min', 'patience': 5, 'factor': 0.2993072627126801, 'min_lr': 1e-07}}",10,vgg,data/gold/datasets/v8/train_val,vgg19_bn,0,VGGNet,0.4104165944440228,"{'architecture': 'vgg19_bn', 'pretrained': True, 'unfreeze_layers': 4, 'hidden_units': 512, 'dropout': 0.4104165944440228, 'weights': 'IMAGENET1K_V1'}","[{'type': 'CutMix', 'params': {'alpha': 1.0, 'prob': 0.6}}, {'type': 'MixUp', 'params': {'alpha': 0.4, 'prob': 0.6}}]",32,auto,15,v8,512,True,0.8559905429692919,73.66133175261805,0.00018593873898613457,0.2702702702702703,0.14705882352941177,0.3448275862068966,0.27450980392156865,0.12953367875647667,0.2604166666666667,0.3333333333333333,0.22727272727272727,0.20618556701030927,0.5833333333333334,0.1794871794871795,0.17301038062283736,0.5,0.1724137931034483,0.8495575221238938,0.3116883116883117,0.1485148514851485,0.27522935779816515,0.2714285714285714,0.27403846153846156,0.11764705882352941,0.2991202346041056,0.2564102564102564,0.45605700712589076,0.2727272727272727,0.19292604501607716,0.35172413793103446,0.2602040816326531,0.4,0.06896551724137931,0.3189850245633203,0.33201581027667987,0.2937768718801599,0.3159101496265247,0.75061693407444,0.30997701456164406,0.2902270502998374,0.2191239489186811,0.21551913306213366,33.201581027667984,2.0422403544187544,30.909090909090907,20.0,0.9427083022779686,0.9766717065351634,0.952897323555127
282d858bd6c943fc8fad51bc9e001cba,4,42,"{'data_dir': 'data/gold/datasets/v8/train_val', 'experiment_name': 'VGGNet', 'mlflow_uri': 'file:///mlruns', 'dataset_name': 'v8', 'seed': 42, 'max_epochs': 30, 'batch_size': 32, 'num_workers': 0, 'device': 'auto'}",30,"{'type': 'SGD', 'params': {'lr': 0.00023729930901397953, 'weight_decay': 0.003045844630547109, 'momentum': 0.9}}","{'type': 'CrossEntropyLoss', 'params': {'label_smoothing': 0.0}}","[{'class_path': 'src.utils.callbacks.EarlyStopping', 'init_args': {'patience': 7, 'verbose': True}}, {'class_path': 'src.utils.callbacks.ModelCheckpoint', 'init_args': {'filepath': 'best_model_vggnet.pth', 'monitor': 'val_loss', 'save_best_only': True}}]","{'use_augmentation': True, 'per_image_aug_method': 'none', 'batch_level_aug_method': 'cutmix', 'mix_alpha': 0.7445943647272878}",file:///mlruns,IMAGENET1K_V1,"{'type': 'ReduceLROnPlateau', 'params': {'mode': 'min', 'patience': 5, 'factor': 0.4698559121506022, 'min_lr': 1e-07}}",10,vgg,data/gold/datasets/v8/train_val,vgg19_bn,0,VGGNet,0.40080621249531667,"{'architecture': 'vgg19_bn', 'pretrained': True, 'unfreeze_layers': 4, 'hidden_units': 512, 'dropout': 0.40080621249531667, 'weights': 'IMAGENET1K_V1'}","[{'type': 'CutMix', 'params': {'alpha': 1.0, 'prob': 0.6}}, {'type': 'MixUp', 'params': {'alpha': 0.4, 'prob': 0.6}}]",32,auto,15,v8,512,True,1.8877907725950165,33.1752618059672,0.00011149648328947096,0.0,0.0,0.0,0.0,0.0,0.0,0.0,0.0,0.0,0.0,0.0,0.0,0.0,0.0,0.9911504424778761,0.17834394904458598,0.0,0.0,0.0,0.0,0.0,0.01015228426395939,0.0,0.30229419703103916,0.0,0.0,1.0,0.00510204081632653,0.0,0.0,0.18680295058029758,0.17786561264822134,0.09962524832942025,0.1178343949044586,0.586472846087005,0.05557971244644338,0.03124464812949985,-0.0006623466392080571,-8.894071607157272e-05,17.786561264822133,2.697079023718834,17.786561264822133,10.0,0.5104166498521598,0.08286628345419676,0.3821515399327709
ee080c5bf62b4eb8b159d8edf6bc530b,5,42,"{'data_dir': 'data/gold/datasets/v8/train_val', 'experiment_name': 'VGGNet', 'mlflow_uri': 'file:///mlruns', 'dataset_name': 'v8', 'seed': 42, 'max_epochs': 30, 'batch_size': 32, 'num_workers': 0, 'device': 'auto'}",30,"{'type': 'SGD', 'params': {'lr': 0.0013880782356177112, 'weight_decay': 0.009303204704284664, 'momentum': 0.9}}","{'type': 'CrossEntropyLoss', 'params': {'label_smoothing': 0.0}}","[{'class_path': 'src.utils.callbacks.EarlyStopping', 'init_args': {'patience': 7, 'verbose': True}}, {'class_path': 'src.utils.callbacks.ModelCheckpoint', 'init_args': {'filepath': 'best_model_vggnet.pth', 'monitor': 'val_loss', 'save_best_only': True}}]","{'use_augmentation': True, 'per_image_aug_method': 'none', 'batch_level_aug_method': 'cutmix', 'mix_alpha': 0.34594284024570654}",file:///mlruns,IMAGENET1K_V1,"{'type': 'ReduceLROnPlateau', 'params': {'mode': 'min', 'patience': 6, 'factor': 0.2266767042623603, 'min_lr': 1e-07}}",10,vgg,data/gold/datasets/v8/train_val,vgg19_bn,0,VGGNet,0.5033495651032264,"{'architecture': 'vgg19_bn', 'pretrained': True, 'unfreeze_layers': 5, 'hidden_units': 512, 'dropout': 0.5033495651032264, 'weights': 'IMAGENET1K_V1'}","[{'type': 'CutMix', 'params': {'alpha': 1.0, 'prob': 0.6}}, {'type': 'MixUp', 'params': {'alpha': 0.4, 'prob': 0.6}}]",32,auto,15,v8,512,True,1.2457659507641041,57.024303497332546,0.0013880782356177112,0.14035087719298245,0.1323529411764706,0.5294117647058824,0.2127659574468085,0.02072538860103627,0.23529411764705882,0.3076923076923077,0.09090909090909091,0.21176470588235294,0.625,0.1282051282051282,0.0380952380952381,0.4,0.06896551724137931,0.9424778761061947,0.23986486486486486,0.034653465346534656,0.1111111111111111,0.06190476190476191,0.35135135135135137,0.03333333333333333,0.2384428223844282,0.11764705882352941,0.38240574506283664,0.10526315789473684,0.052830188679245285,0.22790697674418606,0.25,0.5,0.017241379310344827,0.2776176907298911,0.2964426877470356,0.24946298387345628,0.31970362502934996,0.7387452152397046,0.23538416003406012,0.23847698802768877,0.180615872680251,0.16555553167346204,29.64426877470356,2.4843098863959314,24.268774703557312,11.0,0.7239583094841859,0.8200708261801887,0.7527920644929866
ff8218e9499c4c2f8f3c87ba8087c920,5,42,"{'data_dir': 'data/gold/datasets/v8/train_val', 'experiment_name': 'VGGNet', 'mlflow_uri': 'file:///mlruns', 'dataset_name': 'v8', 'seed': 42, 'max_epochs': 30, 'batch_size': 32, 'num_workers': 0, 'device': 'auto'}",30,"{'type': 'SGD', 'params': {'lr': 0.0018820388950554932, 'weight_decay': 0.00150174573154424, 'momentum': 0.9}}","{'type': 'CrossEntropyLoss', 'params': {'label_smoothing': 0.0}}","[{'class_path': 'src.utils.callbacks.EarlyStopping', 'init_args': {'patience': 7, 'verbose': True}}, {'class_path': 'src.utils.callbacks.ModelCheckpoint', 'init_args': {'filepath': 'best_model_vggnet.pth', 'monitor': 'val_loss', 'save_best_only': True}}]","{'use_augmentation': True, 'per_image_aug_method': 'none', 'batch_level_aug_method': 'none'}",file:///mlruns,IMAGENET1K_V1,"{'type': 'ReduceLROnPlateau', 'params': {'mode': 'min', 'patience': 6, 'factor': 0.12660613948834432, 'min_lr': 1e-07}}",10,vgg,data/gold/datasets/v8/train_val,vgg19_bn,0,VGGNet,0.4411302078357345,"{'architecture': 'vgg19_bn', 'pretrained': True, 'unfreeze_layers': 5, 'hidden_units': 512, 'dropout': 0.4411302078357345, 'weights': 'IMAGENET1K_V1'}","[{'type': 'CutMix', 'params': {'alpha': 1.0, 'prob': 0.6}}, {'type': 'MixUp', 'params': {'alpha': 0.4, 'prob': 0.6}}]",32,auto,15,v8,512,True,0.2667023863947408,91.42461964038728,0.0018820388950554932,0.0,0.0,0.0,0.0,0.0051813471502590676,1.0,0.0,0.0,0.0,0.0,0.0,0.010309278350515464,0.0,0.0,1.0,0.17922283901665345,0.0,0.0,0.0,0.0,0.0,0.0,0.0,0.30396772024209817,0.0,0.0,0.0,0.0,0.0,0.0,0.30192022206065,0.2924901185770751,0.21211778180687618,0.38044732565500416,0.7108783214821375,0.2506609480747067,0.2130949472683638,0.16496347678920306,0.15611476257843127,29.249011857707508,6.537476724386215,17.94466403162055,9.0,0.5156249830139166,0.7564171925625092,0.5878626458784943
195feade447b48e2b1bce37ef7f39b6b,5,42,"{'data_dir': 'data/gold/datasets/v8/train_val', 'experiment_name': 'VGGNet', 'mlflow_uri': 'file:///mlruns', 'dataset_name': 'v8', 'seed': 42, 'max_epochs': 30, 'batch_size': 32, 'num_workers': 0, 'device': 'auto'}",30,"{'type': 'SGD', 'params': {'lr': 0.00017721366292267632, 'weight_decay': 0.004293633130127605, 'momentum': 0.9}}","{'type': 'CrossEntropyLoss', 'params': {'label_smoothing': 0.0}}","[{'class_path': 'src.utils.callbacks.EarlyStopping', 'init_args': {'patience': 7, 'verbose': True}}, {'class_path': 'src.utils.callbacks.ModelCheckpoint', 'init_args': {'filepath': 'best_model_vggnet.pth', 'monitor': 'val_loss', 'save_best_only': True}}]","{'use_augmentation': True, 'per_image_aug_method': 'none', 'batch_level_aug_method': 'cutmix', 'mix_alpha': 0.44013811469616915}",file:///mlruns,IMAGENET1K_V1,"{'type': 'ReduceLROnPlateau', 'params': {'mode': 'min', 'patience': 6, 'factor': 0.2709857804979345, 'min_lr': 1e-07}}",10,vgg,data/gold/datasets/v8/train_val,vgg19_bn,0,VGGNet,0.4667039070703383,"{'architecture': 'vgg19_bn', 'pretrained': True, 'unfreeze_layers': 5, 'hidden_units': 512, 'dropout': 0.4667039070703383, 'weights': 'IMAGENET1K_V1'}","[{'type': 'CutMix', 'params': {'alpha': 1.0, 'prob': 0.6}}, {'type': 'MixUp', 'params': {'alpha': 0.4, 'prob': 0.6}}]",32,auto,15,v8,512,True,1.2121501502206828,59.39537640782454,0.00017721366292267632,0.08333333333333333,0.014705882352941176,0.2,0.2222222222222222,0.0,0.0,0.5,0.045454545454545456,0.0273972602739726,0.8333333333333334,0.1282051282051282,0.0,1.0,0.034482758620689655,0.9867256637168141,0.19699646643109542,0.0049504950495049506,0.1111111111111111,0.01904761904761905,0.4444444444444444,0.06557377049180328,0.12056737588652482,0.06666666666666667,0.3284241531664212,0.0365296803652968,0.009478672985781991,0.19767441860465115,0.08673469387755102,0.6666666666666666,0.034482758620689655,0.2909378497240017,0.2339920948616601,0.18613188868965513,0.3681083253429256,0.7117116720236488,0.1507145730018122,0.16431251287524723,0.11973067903127597,0.08271459338271303,23.399209486166008,2.3918341785669326,20.23715415019763,14.0,0.5911458138593892,0.572468872060828,0.5855427313198208
6ae81e68ebf445c2baf35c722ffbae1b,4,42,"{'data_dir': 'data/gold/datasets/v8/train_val', 'experiment_name': 'VGGNet', 'mlflow_uri': 'file:///mlruns', 'dataset_name': 'v8', 'seed': 42, 'max_epochs': 30, 'batch_size': 32, 'num_workers': 0, 'device': 'auto'}",30,"{'type': 'SGD', 'params': {'lr': 0.0002578737170156581, 'weight_decay': 0.004147451308877669, 'momentum': 0.9}}","{'type': 'CrossEntropyLoss', 'params': {'label_smoothing': 0.0}}","[{'class_path': 'src.utils.callbacks.EarlyStopping', 'init_args': {'patience': 7, 'verbose': True}}, {'class_path': 'src.utils.callbacks.ModelCheckpoint', 'init_args': {'filepath': 'best_model_vggnet.pth', 'monitor': 'val_loss', 'save_best_only': True}}]","{'use_augmentation': True, 'per_image_aug_method': 'none', 'batch_level_aug_method': 'cutmix', 'mix_alpha': 0.8020700169493011}",file:///mlruns,IMAGENET1K_V1,"{'type': 'ReduceLROnPlateau', 'params': {'mode': 'min', 'patience': 5, 'factor': 0.3385008218860607, 'min_lr': 1e-07}}",10,vgg,data/gold/datasets/v8/train_val,vgg19_bn,0,VGGNet,0.47046610446836656,"{'architecture': 'vgg19_bn', 'pretrained': True, 'unfreeze_layers': 4, 'hidden_units': 512, 'dropout': 0.47046610446836656, 'weights': 'IMAGENET1K_V1'}","[{'type': 'CutMix', 'params': {'alpha': 1.0, 'prob': 0.6}}, {'type': 'MixUp', 'params': {'alpha': 0.4, 'prob': 0.6}}]",32,auto,15,v8,512,True,0.9511010314348398,68.6030428769018,2.9547894196976274e-05,0.14285714285714285,0.058823529411764705,0.26666666666666666,0.45454545454545453,0.11398963730569948,0.25,0.19230769230769232,0.11363636363636363,0.0963855421686747,0.5555555555555556,0.38461538461538464,0.15658362989323843,0.45454545454545453,0.1724137931034483,0.8230088495575221,0.29523809523809524,0.09900990099009901,0.16,0.10476190476190476,0.38596491228070173,0.047058823529411764,0.3252747252747253,0.25,0.43457943925233644,0.1647940074906367,0.12232415902140673,0.2857142857142857,0.37755102040816324,0.07407407407407407,0.034482758620689655,0.2892143727663131,0.2948616600790514,0.24949059471824878,0.26342352191987484,0.7318896716911426,0.2582641913045498,0.23579042045868626,0.18133983622695637,0.17151439192527929,29.48616600790514,2.0576812490820884,28.063241106719367,27.0,0.8489583053663475,0.8230149703658655,0.8411753048662028
5b90c5adc2e447b98b8ad26d43928514,3,42,"{'data_dir': 'data/gold/datasets/v8/train_val', 'experiment_name': 'VGGNet', 'mlflow_uri': 'file:///mlruns', 'dataset_name': 'v8', 'seed': 42, 'max_epochs': 30, 'batch_size': 32, 'num_workers': 0, 'device': 'auto'}",30,"{'type': 'SGD', 'params': {'lr': 0.0001329244220922925, 'weight_decay': 0.001003326317708775, 'momentum': 0.9}}","{'type': 'CrossEntropyLoss', 'params': {'label_smoothing': 0.0}}","[{'class_path': 'src.utils.callbacks.EarlyStopping', 'init_args': {'patience': 7, 'verbose': True}}, {'class_path': 'src.utils.callbacks.ModelCheckpoint', 'init_args': {'filepath': 'best_model_vggnet.pth', 'monitor': 'val_loss', 'save_best_only': True}}]","{'use_augmentation': True, 'per_image_aug_method': 'none', 'batch_level_aug_method': 'cutmix', 'mix_alpha': 0.9986268689328028}",file:///mlruns,IMAGENET1K_V1,"{'type': 'ReduceLROnPlateau', 'params': {'mode': 'min', 'patience': 4, 'factor': 0.29452330803700905, 'min_lr': 1e-07}}",10,vgg,data/gold/datasets/v8/train_val,vgg19_bn,0,VGGNet,0.40384435171813404,"{'architecture': 'vgg19_bn', 'pretrained': True, 'unfreeze_layers': 3, 'hidden_units': 512, 'dropout': 0.40384435171813404, 'weights': 'IMAGENET1K_V1'}","[{'type': 'CutMix', 'params': {'alpha': 1.0, 'prob': 0.6}}, {'type': 'MixUp', 'params': {'alpha': 0.4, 'prob': 0.6}}]",32,auto,15,v8,512,True,1.6589512664841655,43.13376803003359,3.914934051352967e-05,0.0,0.0,0.0,0.0,0.0,0.0,0.0,0.0,0.0,0.0,0.0,0.0,0.0,0.0,1.0,0.1789390340459224,0.0,0.0,0.0,0.0,0.0,0.0,0.0,0.3035594358629953,0.0,0.0,0.0,0.0,0.0,0.0,0.2460726292766566,0.22213438735177865,0.19591374663207492,0.23192798151721267,0.6772634884655346,0.14300820371595066,0.15178030695145217,0.1105188392850187,0.08183497282592656,22.213438735177863,2.162197621166706,17.865612648221344,5.0,0.5130208164330382,0.535007062620626,0.5196166902893145
2de9ae1d0dff43eca50262d49b726c04,4,42,"{'data_dir': 'data/gold/datasets/v8/train_val', 'experiment_name': 'VGGNet', 'mlflow_uri': 'file:///mlruns', 'dataset_name': 'v8', 'seed': 42, 'max_epochs': 30, 'batch_size': 32, 'num_workers': 0, 'device': 'auto'}",30,"{'type': 'SGD', 'params': {'lr': 0.00010029989737103701, 'weight_decay': 0.004923134109208003, 'momentum': 0.9}}","{'type': 'CrossEntropyLoss', 'params': {'label_smoothing': 0.0}}","[{'class_path': 'src.utils.callbacks.EarlyStopping', 'init_args': {'patience': 7, 'verbose': True}}, {'class_path': 'src.utils.callbacks.ModelCheckpoint', 'init_args': {'filepath': 'best_model_vggnet.pth', 'monitor': 'val_loss', 'save_best_only': True}}]","{'use_augmentation': True, 'per_image_aug_method': 'none', 'batch_level_aug_method': 'cutmix', 'mix_alpha': 0.21507050778670236}",file:///mlruns,IMAGENET1K_V1,"{'type': 'ReduceLROnPlateau', 'params': {'mode': 'min', 'patience': 3, 'factor': 0.25297923006925566, 'min_lr': 1e-07}}",10,vgg,data/gold/datasets/v8/train_val,vgg19_bn,0,VGGNet,0.5087481698734128,"{'architecture': 'vgg19_bn', 'pretrained': True, 'unfreeze_layers': 4, 'hidden_units': 512, 'dropout': 0.5087481698734128, 'weights': 'IMAGENET1K_V1'}","[{'type': 'CutMix', 'params': {'alpha': 1.0, 'prob': 0.6}}, {'type': 'MixUp', 'params': {'alpha': 0.4, 'prob': 0.6}}]",32,auto,15,v8,512,True,1.8565859480870852,36.672594348942894,6.4190420637985205e-06,0.0,0.029411764705882353,0.4,0.0,0.0051813471502590676,0.3333333333333333,0.0,0.0,0.0547945205479452,0.0,0.0,0.01020408163265306,0.0,0.0,0.9911504424778761,0.18152350081037277,0.0,0.0,0.0,0.0,0.0,0.00980392156862745,0.0,0.30684931506849317,0.0,0.0,0.125,0.00510204081632653,0.0,0.0,0.23497142812846683,0.23715415019762845,0.23981641947286952,0.20060430150668446,0.6913474487714639,0.1753467572412991,0.17455371593057017,0.13740870128213495,0.12320237542862156,23.715415019762844,2.1039801731705667,18.023715415019762,22.0,0.5182291495947949,0.6443601249574492,0.5560684422035912
d107b04e72cc41f6bb27303245a29fd1,4,42,"{'data_dir': 'data/gold/datasets/v8/train_val', 'experiment_name': 'VGGNet', 'mlflow_uri': 'file:///mlruns', 'dataset_name': 'v8', 'seed': 42, 'max_epochs': 30, 'batch_size': 32, 'num_workers': 0, 'device': 'auto'}",30,"{'type': 'SGD', 'params': {'lr': 0.0009525889086580778, 'weight_decay': 0.009360540102485375, 'momentum': 0.9}}","{'type': 'CrossEntropyLoss', 'params': {'label_smoothing': 0.0}}","[{'class_path': 'src.utils.callbacks.EarlyStopping', 'init_args': {'patience': 7, 'verbose': True}}, {'class_path': 'src.utils.callbacks.ModelCheckpoint', 'init_args': {'filepath': 'best_model_vggnet.pth', 'monitor': 'val_loss', 'save_best_only': True}}]",{'use_augmentation': False},file:///mlruns,IMAGENET1K_V1,"{'type': 'ReduceLROnPlateau', 'params': {'mode': 'min', 'patience': 4, 'factor': 0.36885421896235143, 'min_lr': 1e-07}}",10,vgg,data/gold/datasets/v8/train_val,vgg19_bn,0,VGGNet,0.672479765789996,"{'architecture': 'vgg19_bn', 'pretrained': True, 'unfreeze_layers': 4, 'hidden_units': 512, 'dropout': 0.672479765789996, 'weights': 'IMAGENET1K_V1'}","[{'type': 'CutMix', 'params': {'alpha': 1.0, 'prob': 0.6}}, {'type': 'MixUp', 'params': {'alpha': 0.4, 'prob': 0.6}}]",32,auto,15,v8,512,True,0.44609079573423444,87.15668840150168,0.000351366437895274,0.0,0.0,0.0,0.0,0.0,0.0,0.0,0.0,0.0,0.0,0.0,0.0,0.0,0.0,1.0,0.18539786710418377,0.0049504950495049506,0.045454545454545456,0.0,0.0,0.0,0.009259259259259259,0.0,0.31280276816609,0.0,0.008928571428571428,0.05,0.00510204081632653,0.0,0.0,0.20764686870597357,0.216600790513834,0.16588517554986706,0.2451751406341462,0.6993457964502232,0.13007106684682831,0.12533787176288916,0.0878628480148303,0.06769261890011946,21.6600790513834,3.9979756623506546,18.023715415019762,10.0,0.5182291495947949,0.4428718919032334,0.49562197228732646
392fe8c89fa0424286bdf12904637ca7,3,42,"{'data_dir': 'data/gold/datasets/v8/train_val', 'experiment_name': 'VGGNet', 'mlflow_uri': 'file:///mlruns', 'dataset_name': 'v8', 'seed': 42, 'max_epochs': 30, 'batch_size': 32, 'num_workers': 0, 'device': 'auto'}",30,"{'type': 'SGD', 'params': {'lr': 0.00048707161885708645, 'weight_decay': 0.0013399386839627637, 'momentum': 0.9}}","{'type': 'CrossEntropyLoss', 'params': {'label_smoothing': 0.0}}","[{'class_path': 'src.utils.callbacks.EarlyStopping', 'init_args': {'patience': 7, 'verbose': True}}, {'class_path': 'src.utils.callbacks.ModelCheckpoint', 'init_args': {'filepath': 'best_model_vggnet.pth', 'monitor': 'val_loss', 'save_best_only': True}}]","{'use_augmentation': True, 'per_image_aug_method': 'advanced', 'advanced_params': {'p_distort': 0.24836754098392105, 'p_noise': 0.38956975536375854, 'p_dropout': 0.1406201226648322, 'num_holes': 6, 'crop_scale_min': 0.7434556678095535}, 'batch_level_aug_method': 'cutmix', 'mix_alpha': 0.43315566671968964}",file:///mlruns,IMAGENET1K_V1,"{'type': 'ReduceLROnPlateau', 'params': {'mode': 'min', 'patience': 5, 'factor': 0.3571061817943646, 'min_lr': 1e-07}}",10,vgg,data/gold/datasets/v8/train_val,vgg19_bn,0,VGGNet,0.46040908627686483,"{'architecture': 'vgg19_bn', 'pretrained': True, 'unfreeze_layers': 3, 'hidden_units': 512, 'dropout': 0.46040908627686483, 'weights': 'IMAGENET1K_V1'}","[{'type': 'CutMix', 'params': {'alpha': 1.0, 'prob': 0.6}}, {'type': 'MixUp', 'params': {'alpha': 0.4, 'prob': 0.6}}]",32,auto,15,v8,512,True,2.3325740745052994,9.168148587235724,0.0001739362860704542,0.0,0.0,0.0,0.0598159509202454,0.0,0.0,0.0,0.0,0.0,0.0308300395256917,1.0,0.0,0.0,0.0,0.0,0.0,0.0,0.0,0.0,0.0,0.0,0.0,0.0,0.0,0.0,0.0,0.0,0.0,0.0,0.0,0.03191801152962864,0.17865612648221343,0.1,0.017865612648221344,0.48916774204306473,0.05416000615020824,0.030315224681421865,0.0,0.0,17.865612648221344,2.3191688150167464,3.08300395256917,2.0,0.02604166580878366,0.08555985002339937,0.04389712107316837
7d41a5d2c3684a3cb9ce27aff6a070ac,6,42,"{'data_dir': 'data/gold/datasets/v8/train_val', 'experiment_name': 'VGGNet', 'mlflow_uri': 'file:///mlruns', 'dataset_name': 'v8', 'seed': 42, 'max_epochs': 30, 'batch_size': 32, 'num_workers': 0, 'device': 'auto'}",30,"{'type': 'SGD', 'params': {'lr': 0.004274869455295219, 'weight_decay': 0.002592475660475159, 'momentum': 0.9}}","{'type': 'CrossEntropyLoss', 'params': {'label_smoothing': 0.0}}","[{'class_path': 'src.utils.callbacks.EarlyStopping', 'init_args': {'patience': 7, 'verbose': True}}, {'class_path': 'src.utils.callbacks.ModelCheckpoint', 'init_args': {'filepath': 'best_model_vggnet.pth', 'monitor': 'val_loss', 'save_best_only': True}}]","{'use_augmentation': True, 'per_image_aug_method': 'basic', 'basic_params': {'n_augments': 3, 'rotation_range': 27, 'horizontal_flip_prob': 0.9218742350231168, 'brightness_range': 0.02654775061557585, 'contrast_range': 0.058794858725743554, 'width_shift_range': 0.009045457782107613}, 'batch_level_aug_method': 'mixup', 'mix_alpha': 0.8629900073215435}",file:///mlruns,IMAGENET1K_V1,"{'type': 'ReduceLROnPlateau', 'params': {'mode': 'min', 'patience': 7, 'factor': 0.4085081386743783, 'min_lr': 1e-07}}",10,vgg,data/gold/datasets/v8/train_val,vgg16_bn,0,VGGNet,0.6316734307889972,"{'architecture': 'vgg16_bn', 'pretrained': True, 'unfreeze_layers': 6, 'hidden_units': 512, 'dropout': 0.6316734307889972, 'weights': 'IMAGENET1K_V1'}","[{'type': 'CutMix', 'params': {'alpha': 1.0, 'prob': 0.6}}, {'type': 'MixUp', 'params': {'alpha': 0.4, 'prob': 0.6}}]",32,auto,15,v8,512,True,2.3136769897545357,10.25489033787789,0.004274869455295219,0.0,0.0,0.0,0.0598159509202454,0.0,0.0,0.0,0.0,0.0,0.0308300395256917,1.0,0.0,0.0,0.0,0.0,0.0,0.0,0.0,0.0,0.0,0.0,0.0,0.0,0.0,0.0,0.0,0.0,0.0,0.0,0.0,0.03191801152962864,0.17865612648221343,0.1,0.017865612648221344,0.4977723499279403,0.05416000615020824,0.030315224681421865,0.0,0.0,17.865612648221344,2.3298178881406786,3.08300395256917,8.0,0.02604166580878366,0.08555985002339937,0.04389712107316837
608ff985589c4613b432041a78e5bcb0,3,42,"{'data_dir': 'data/gold/datasets/v8/train_val', 'experiment_name': 'VGGNet', 'mlflow_uri': 'file:///mlruns', 'dataset_name': 'v8', 'seed': 42, 'max_epochs': 30, 'batch_size': 32, 'num_workers': 0, 'device': 'auto'}",30,"{'type': 'SGD', 'params': {'lr': 0.0005375847398876584, 'weight_decay': 0.005844458487288992, 'momentum': 0.9}}","{'type': 'CrossEntropyLoss', 'params': {'label_smoothing': 0.0}}","[{'class_path': 'src.utils.callbacks.EarlyStopping', 'init_args': {'patience': 7, 'verbose': True}}, {'class_path': 'src.utils.callbacks.ModelCheckpoint', 'init_args': {'filepath': 'best_model_vggnet.pth', 'monitor': 'val_loss', 'save_best_only': True}}]","{'use_augmentation': True, 'per_image_aug_method': 'advanced', 'advanced_params': {'p_distort': 0.49483053325019755, 'p_noise': 0.11259820338903179, 'p_dropout': 0.29985869541675453, 'num_holes': 12, 'crop_scale_min': 0.6272811986727896}, 'batch_level_aug_method': 'mixup', 'mix_alpha': 0.44524582399699647}",file:///mlruns,IMAGENET1K_V1,"{'type': 'ReduceLROnPlateau', 'params': {'mode': 'min', 'patience': 4, 'factor': 0.3444088594197429, 'min_lr': 1e-07}}",10,vgg,data/gold/datasets/v8/train_val,vgg19_bn,0,VGGNet,0.5669685498197865,"{'architecture': 'vgg19_bn', 'pretrained': True, 'unfreeze_layers': 3, 'hidden_units': 256, 'dropout': 0.5669685498197865, 'weights': 'IMAGENET1K_V1'}","[{'type': 'CutMix', 'params': {'alpha': 1.0, 'prob': 0.6}}, {'type': 'MixUp', 'params': {'alpha': 0.4, 'prob': 0.6}}]",32,auto,15,v8,256,True,2.31795333887932,10.37344398340249,0.0001851489471061676,0.06722689075630252,0.0,0.0,0.0,0.0,0.0,0.034782608695652174,1.0,0.0,0.0,0.0,0.0,0.0,0.0,0.0,0.0,0.0,0.0,0.0,0.0,0.0,0.0,0.0,0.0,0.0,0.0,0.0,0.0,0.0,0.0,0.027558624568420065,0.16600790513833993,0.1,0.016600790513833993,0.520534264892621,0.04727004756481544,0.028474576271186443,0.0,0.0,16.600790513833992,2.3181950032711027,3.4782608695652173,6.0,0.03906249871317549,0.08555985002339937,0.05301170410624265
871e7bb6517749dfa19c21712bb4d768,5,42,"{'data_dir': 'data/gold/datasets/v8/train_val', 'experiment_name': 'VGGNet', 'mlflow_uri': 'file:///mlruns', 'dataset_name': 'v8', 'seed': 42, 'max_epochs': 30, 'batch_size': 32, 'num_workers': 0, 'device': 'auto'}",30,"{'type': 'SGD', 'params': {'lr': 0.00018226353975395388, 'weight_decay': 0.009867134462961329, 'momentum': 0.9}}","{'type': 'CrossEntropyLoss', 'params': {'label_smoothing': 0.0}}","[{'class_path': 'src.utils.callbacks.EarlyStopping', 'init_args': {'patience': 7, 'verbose': True}}, {'class_path': 'src.utils.callbacks.ModelCheckpoint', 'init_args': {'filepath': 'best_model_vggnet.pth', 'monitor': 'val_loss', 'save_best_only': True}}]","{'use_augmentation': True, 'per_image_aug_method': 'none', 'batch_level_aug_method': 'cutmix', 'mix_alpha': 0.3244200409409054}",file:///mlruns,IMAGENET1K_V1,"{'type': 'ReduceLROnPlateau', 'params': {'mode': 'min', 'patience': 6, 'factor': 0.27929926355464196, 'min_lr': 1e-07}}",10,vgg,data/gold/datasets/v8/train_val,vgg19_bn,0,VGGNet,0.578589824759034,"{'architecture': 'vgg19_bn', 'pretrained': True, 'unfreeze_layers': 5, 'hidden_units': 256, 'dropout': 0.578589824759034, 'weights': 'IMAGENET1K_V1'}","[{'type': 'CutMix', 'params': {'alpha': 1.0, 'prob': 0.6}}, {'type': 'MixUp', 'params': {'alpha': 0.4, 'prob': 0.6}}]",32,auto,15,v8,256,True,1.5918400123217813,45.22821576763486,0.00018226353975395388,0.0,0.0,0.0,0.0,0.0,0.0,0.0,0.0,0.0,0.0,0.0,0.0,0.3333333333333333,0.034482758620689655,0.995575221238938,0.17857142857142858,0.0,0.0,0.0,0.0,0.0,0.0,0.0625,0.3028263795423957,0.0,0.0,0.0,0.0,0.0,0.0,0.1991564906278534,0.22687747035573122,0.24300208241340499,0.17779792625869592,0.7091856570020895,0.1479030691680266,0.16093159547018598,0.1329989429895534,0.11608111217011208,22.68774703557312,2.4660828351974486,17.865612648221344,25.0,0.5130208164330382,0.6264269509786944,0.547042656796735
e870c67ba7034138bcb6c7719dc0f826,4,42,"{'data_dir': 'data/gold/datasets/v8/train_val', 'experiment_name': 'VGGNet', 'mlflow_uri': 'file:///mlruns', 'dataset_name': 'v8', 'seed': 42, 'max_epochs': 30, 'batch_size': 32, 'num_workers': 0, 'device': 'auto'}",30,"{'type': 'SGD', 'params': {'lr': 0.00045887477152934303, 'weight_decay': 0.0060829413942961865, 'momentum': 0.9}}","{'type': 'CrossEntropyLoss', 'params': {'label_smoothing': 0.0}}","[{'class_path': 'src.utils.callbacks.EarlyStopping', 'init_args': {'patience': 7, 'verbose': True}}, {'class_path': 'src.utils.callbacks.ModelCheckpoint', 'init_args': {'filepath': 'best_model_vggnet.pth', 'monitor': 'val_loss', 'save_best_only': True}}]","{'use_augmentation': True, 'per_image_aug_method': 'advanced', 'advanced_params': {'p_distort': 0.43335254695960934, 'p_noise': 0.27317986708817465, 'p_dropout': 0.2528539556004799, 'num_holes': 4, 'crop_scale_min': 0.7988732575658523}, 'batch_level_aug_method': 'none'}",file:///mlruns,IMAGENET1K_V1,"{'type': 'ReduceLROnPlateau', 'params': {'mode': 'min', 'patience': 4, 'factor': 0.3924311977150338, 'min_lr': 1e-07}}",10,vgg,data/gold/datasets/v8/train_val,vgg19_bn,0,VGGNet,0.5394169828001587,"{'architecture': 'vgg19_bn', 'pretrained': True, 'unfreeze_layers': 4, 'hidden_units': 256, 'dropout': 0.5394169828001587, 'weights': 'IMAGENET1K_V1'}","[{'type': 'CutMix', 'params': {'alpha': 1.0, 'prob': 0.6}}, {'type': 'MixUp', 'params': {'alpha': 0.4, 'prob': 0.6}}]",32,auto,15,v8,256,True,2.327428522187244,10.274649278798657,0.0001800767761924726,0.0,0.0,0.0,0.0,1.0,0.15256916996047432,0.0,0.0,0.0,0.0,0.0,0.26474622770919065,0.0,0.0,0.0,0.0,0.0,0.0,0.0,0.0,0.0,0.0,0.0,0.0,0.0,0.0,0.0,0.0,0.0,0.0,0.02549891421518849,0.15968379446640316,0.1,0.015968379446640316,0.5009197361631662,0.04397563255925486,0.027539195637355147,0.0,0.0,15.968379446640316,2.30506774187088,15.256916996047432,0.0,0.42708331926405213,0.08555985002339937,0.32462627849185627
99744b4dec7148cba32c10956d6bbcef,4,42,"{'data_dir': 'data/gold/datasets/v8/train_val', 'experiment_name': 'VGGNet', 'mlflow_uri': 'file:///mlruns', 'dataset_name': 'v8', 'seed': 42, 'max_epochs': 30, 'batch_size': 32, 'num_workers': 0, 'device': 'auto'}",30,"{'type': 'SGD', 'params': {'lr': 0.00023922110459068176, 'weight_decay': 0.0028264120564060265, 'momentum': 0.9}}","{'type': 'CrossEntropyLoss', 'params': {'label_smoothing': 0.0}}","[{'class_path': 'src.utils.callbacks.EarlyStopping', 'init_args': {'patience': 7, 'verbose': True}}, {'class_path': 'src.utils.callbacks.ModelCheckpoint', 'init_args': {'filepath': 'best_model_vggnet.pth', 'monitor': 'val_loss', 'save_best_only': True}}]","{'use_augmentation': True, 'per_image_aug_method': 'none', 'batch_level_aug_method': 'cutmix', 'mix_alpha': 0.7433689243420855}",file:///mlruns,IMAGENET1K_V1,"{'type': 'ReduceLROnPlateau', 'params': {'mode': 'min', 'patience': 5, 'factor': 0.4715947600246225, 'min_lr': 1e-07}}",10,vgg,data/gold/datasets/v8/train_val,vgg19_bn,0,VGGNet,0.4003585190236394,"{'architecture': 'vgg19_bn', 'pretrained': True, 'unfreeze_layers': 4, 'hidden_units': 512, 'dropout': 0.4003585190236394, 'weights': 'IMAGENET1K_V1'}","[{'type': 'CutMix', 'params': {'alpha': 1.0, 'prob': 0.6}}, {'type': 'MixUp', 'params': {'alpha': 0.4, 'prob': 0.6}}]",32,auto,15,v8,512,True,1.2680149264920726,57.39972337482711,5.320316064480551e-05,0.1206896551724138,0.25,0.17525773195876287,0.42105263157894735,0.12435233160621761,0.21621621621621623,0.09722222222222222,0.1590909090909091,0.20606060606060606,0.43243243243243246,0.41025641025641024,0.15789473684210525,0.12962962962962962,0.2413793103448276,0.8008849557522124,0.34674329501915707,0.10396039603960396,0.2413793103448276,0.2,0.45161290322580644,0.1791044776119403,0.28205128205128205,0.1686746987951807,0.4839572192513369,0.27722772277227725,0.1453287197231834,0.3793103448275862,0.22448979591836735,0.15789473684210525,0.20689655172413793,0.303567742900617,0.2932806324110672,0.2721310660732686,0.2627698822718746,0.7133924568007199,0.26381615402962855,0.2442041749859273,0.19196326078708545,0.18275571267422008,29.328063241106722,2.063189350068569,29.328063241106722,29.0,0.8906249706604015,0.8662172749473809,0.8833026619464952
bc4fd0f90d134b45a51baba6df646e18,5,42,"{'data_dir': 'data/gold/datasets/v8/train_val', 'experiment_name': 'VGGNet', 'mlflow_uri': 'file:///mlruns', 'dataset_name': 'v8', 'seed': 42, 'max_epochs': 30, 'batch_size': 32, 'num_workers': 0, 'device': 'auto'}",30,"{'type': 'SGD', 'params': {'lr': 0.0004009974946364288, 'weight_decay': 0.0034000340989040617, 'momentum': 0.9}}","{'type': 'CrossEntropyLoss', 'params': {'label_smoothing': 0.0}}","[{'class_path': 'src.utils.callbacks.EarlyStopping', 'init_args': {'patience': 7, 'verbose': True}}, {'class_path': 'src.utils.callbacks.ModelCheckpoint', 'init_args': {'filepath': 'best_model_vggnet.pth', 'monitor': 'val_loss', 'save_best_only': True}}]","{'use_augmentation': True, 'per_image_aug_method': 'none', 'batch_level_aug_method': 'cutmix', 'mix_alpha': 0.210619421468087}",file:///mlruns,IMAGENET1K_V1,"{'type': 'ReduceLROnPlateau', 'params': {'mode': 'min', 'patience': 5, 'factor': 0.25704002535195913, 'min_lr': 1e-07}}",10,vgg,data/gold/datasets/v8/train_val,vgg19_bn,0,VGGNet,0.411387678979316,"{'architecture': 'vgg19_bn', 'pretrained': True, 'unfreeze_layers': 5, 'hidden_units': 512, 'dropout': 0.411387678979316, 'weights': 'IMAGENET1K_V1'}","[{'type': 'CutMix', 'params': {'alpha': 1.0, 'prob': 0.6}}, {'type': 'MixUp', 'params': {'alpha': 0.4, 'prob': 0.6}}]",32,auto,15,v8,512,True,1.2315596205235186,58.38767042086544,0.00010307240618741976,0.044444444444444446,0.0,0.0,0.05,0.010362694300518135,0.2857142857142857,1.0,0.022727272727272728,0.0,1.0,0.02564102564102564,0.02,1.0,0.034482758620689655,0.9867256637168141,0.19839857651245552,0.0,0.0,0.0,0.0,0.0,0.1716171617161716,0.06666666666666667,0.33037037037037037,0.0,0.0,0.24299065420560748,0.1326530612244898,0.0,0.0,0.282210478289505,0.25296442687747034,0.23312920434972248,0.246371197677233,0.7006972755272454,0.18946947798244929,0.18978178447169555,0.14934810617108554,0.12713584020363,25.296442687747035,2.5261627972126006,20.07905138339921,5.0,0.5859374806976325,0.6929141297056329,0.6180304754000326
07c9717beff945b7b37d79eaceccc61f,4,42,"{'data_dir': 'data/gold/datasets/v8/train_val', 'experiment_name': 'VGGNet', 'mlflow_uri': 'file:///mlruns', 'dataset_name': 'v8', 'seed': 42, 'max_epochs': 30, 'batch_size': 32, 'num_workers': 0, 'device': 'auto'}",30,"{'type': 'SGD', 'params': {'lr': 0.0006163252211784019, 'weight_decay': 0.002019982308190242, 'momentum': 0.9}}","{'type': 'CrossEntropyLoss', 'params': {'label_smoothing': 0.0}}","[{'class_path': 'src.utils.callbacks.EarlyStopping', 'init_args': {'patience': 7, 'verbose': True}}, {'class_path': 'src.utils.callbacks.ModelCheckpoint', 'init_args': {'filepath': 'best_model_vggnet.pth', 'monitor': 'val_loss', 'save_best_only': True}}]","{'use_augmentation': True, 'per_image_aug_method': 'none', 'batch_level_aug_method': 'cutmix', 'mix_alpha': 0.6772592018148794}",file:///mlruns,IMAGENET1K_V1,"{'type': 'ReduceLROnPlateau', 'params': {'mode': 'min', 'patience': 5, 'factor': 0.43862042072136614, 'min_lr': 1e-07}}",10,vgg,data/gold/datasets/v8/train_val,vgg19_bn,0,VGGNet,0.4387370117189735,"{'architecture': 'vgg19_bn', 'pretrained': True, 'unfreeze_layers': 4, 'hidden_units': 512, 'dropout': 0.4387370117189735, 'weights': 'IMAGENET1K_V1'}","[{'type': 'CutMix', 'params': {'alpha': 1.0, 'prob': 0.6}}, {'type': 'MixUp', 'params': {'alpha': 0.4, 'prob': 0.6}}]",32,auto,15,v8,512,True,2.29107684788556,11.954159257063822,0.0002703328278144597,0.0,0.0,0.0,0.0,0.0,0.0,0.0,0.0,0.0,0.0,0.0,0.0,0.0,0.0,0.9867256637168141,0.17882919005613473,0.0,0.0,0.0,0.0,0.0,0.0,0.0,0.3027834351663272,0.0,0.0,0.0,0.0,0.0,0.0,0.03191305608613701,0.17707509881422925,0.09911504424778761,0.017862838915470493,0.5165508383464967,0.05407969234056191,0.030270270270270273,-0.002524015521852209,-0.0003737542474662181,17.707509881422926,5.038282775878907,17.628458498023715,8.0,0.5052083166904031,0.07529543041686461,0.37623445080834156
0d5b4298ac5e4902bb6937049d4fa3c4,5,42,"{'data_dir': 'data/gold/datasets/v8/train_val', 'experiment_name': 'EfficientNet', 'mlflow_uri': 'file:///mlruns', 'dataset_name': 'v8', 'seed': 42, 'max_epochs': 3, 'batch_size': 32, 'num_workers': 0, 'device': 'auto'}",3,"{'type': 'Adam', 'params': {'lr': 0.00010570070652188529, 'weight_decay': 0.00013838713864867123}}","{'type': 'CrossEntropyLoss', 'params': {'label_smoothing': 0.1}}","[{'class_path': 'src.utils.callbacks.EarlyStopping', 'init_args': {'patience': 15, 'verbose': True}}, {'class_path': 'src.utils.callbacks.ModelCheckpoint', 'init_args': {'filepath': 'best_model_efficientnet.pth', 'monitor': 'val_loss', 'save_best_only': True}}]",,file:///mlruns,IMAGENET1K_V1,"{'type': 'ReduceLROnPlateau', 'params': {'mode': 'min', 'patience': 5, 'factor': 0.1376470166881792, 'min_lr': 1e-07}}",10,efficientnet,data/gold/datasets/v8/train_val,efficientnet_b0,0,EfficientNet,0.26003518602460207,"{'architecture': 'efficientnet_b0', 'pretrained': True, 'unfreeze_layers': 5, 'hidden_units': 512, 'dropout': 0.26003518602460207, 'weights': 'IMAGENET1K_V1'}","[{'type': 'CutMix', 'params': {'alpha': 1.0, 'prob': 0.8}}, {'type': 'MixUp', 'params': {'alpha': 0.4, 'prob': 0.8}}]",32,auto,15,v8,512,True,2.0089048955356197,30.76467101363367,0.00010570070652188529,0.04878048780487805,0.0,0.0,0.0,0.0051813471502590676,1.0,0.05263157894736842,0.045454545454545456,0.0,0.0,0.0,0.010309278350515464,0.0,0.0,0.03982300884955752,0.17307692307692307,0.33663366336633666,0.1596244131455399,0.12857142857142856,0.13432835820895522,0.11211573236889692,0.034782608695652174,0.0,0.06474820143884892,0.13138686131386862,0.21656050955414013,0.11764705882352941,0.02040816326530612,0.06262626262626263,0.5344827586206896,0.08541044964959572,0.11857707509881422,0.10511250841862815,0.06367320800873613,0.4978936860068532,0.0789221708001358,0.05725850439636069,0.007626332581644324,0.006394270868555707,11.857707509881422,2.704503458738327,11.225296442687748,0.0,0.29427082363925544,0.1165738739068739,0.24096173871954096
3598fa26573b48798f593a484b634687,6,42,"{'data_dir': 'data/gold/datasets/v8/train_val', 'experiment_name': 'EfficientNet', 'mlflow_uri': 'file:///mlruns', 'dataset_name': 'v8', 'seed': 42, 'max_epochs': 3, 'batch_size': 32, 'num_workers': 0, 'device': 'auto'}",3,"{'type': 'AdamW', 'params': {'lr': 0.0002310201887845295, 'weight_decay': 2.3270677083837777e-05}}","{'type': 'CrossEntropyLoss', 'params': {'label_smoothing': 0.1}}","[{'class_path': 'src.utils.callbacks.EarlyStopping', 'init_args': {'patience': 15, 'verbose': True}}, {'class_path': 'src.utils.callbacks.ModelCheckpoint', 'init_args': {'filepath': 'best_model_efficientnet.pth', 'monitor': 'val_loss', 'save_best_only': True}}]",,file:///mlruns,IMAGENET1K_V1,"{'type': 'ReduceLROnPlateau', 'params': {'mode': 'min', 'patience': 4, 'factor': 0.30990257265289517, 'min_lr': 1e-07}}",10,efficientnet,data/gold/datasets/v8/train_val,efficientnet_b2,0,EfficientNet,0.4909729556485983,"{'architecture': 'efficientnet_b2', 'pretrained': True, 'unfreeze_layers': 6, 'hidden_units': 256, 'dropout': 0.4909729556485983, 'weights': 'IMAGENET1K_V1', 'input_channels': 3}","[{'type': 'CutMix', 'params': {'alpha': 1.0, 'prob': 0.8}}, {'type': 'MixUp', 'params': {'alpha': 0.4, 'prob': 0.8}}]",32,auto,15,v8,256,True,,,,,,,,,,,,,,,,,,,,,,,,,,,,,,,,,,,,,,,,,,,,,,,,,
28228859b05049158b85a66807bb45cb,4,42,"{'data_dir': 'data/gold/datasets/v8/train_val', 'experiment_name': 'EfficientNet', 'mlflow_uri': 'file:///mlruns', 'dataset_name': 'v8', 'seed': 42, 'max_epochs': 3, 'batch_size': 32, 'num_workers': 0, 'device': 'auto'}",3,"{'type': 'Adam', 'params': {'lr': 0.00010326500483758302, 'weight_decay': 0.0001624732595152618}}","{'type': 'CrossEntropyLoss', 'params': {'label_smoothing': 0.1}}","[{'class_path': 'src.utils.callbacks.EarlyStopping', 'init_args': {'patience': 15, 'verbose': True}}, {'class_path': 'src.utils.callbacks.ModelCheckpoint', 'init_args': {'filepath': 'best_model_efficientnet.pth', 'monitor': 'val_loss', 'save_best_only': True}}]",,file:///mlruns,IMAGENET1K_V1,"{'type': 'ReduceLROnPlateau', 'params': {'mode': 'min', 'patience': 5, 'factor': 0.10541305328979891, 'min_lr': 1e-07}}",10,efficientnet,data/gold/datasets/v8/train_val,efficientnet_b0,0,EfficientNet,0.2576985906094854,"{'architecture': 'efficientnet_b0', 'pretrained': True, 'unfreeze_layers': 4, 'hidden_units': 512, 'dropout': 0.2576985906094854, 'weights': 'IMAGENET1K_V1'}","[{'type': 'CutMix', 'params': {'alpha': 1.0, 'prob': 0.8}}, {'type': 'MixUp', 'params': {'alpha': 0.4, 'prob': 0.8}}]",32,auto,15,v8,512,True,1.9806350485841833,31.199367713890535,0.00010326500483758302,0.12371134020618557,0.0,0.0,0.43037974683544306,0.0,0.0,0.11320754716981132,0.13636363636363635,0.0,0.425,0.4358974358974359,0.0,0.1875,0.10344827586206896,0.9557522123893806,0.23867403314917127,0.0,0.0,0.01904761904761905,0.2222222222222222,0.028985507246376812,0.20654911838790932,0.13333333333333333,0.3819628647214854,0.03508771929824561,0.0,0.20398009950248755,0.20918367346938777,0.09090909090909091,0.017241379310344827,0.1366430490190244,0.2276679841897233,0.18769342323398736,0.14814929929527834,0.7206338052268698,0.12802497301686044,0.1340009630028979,0.10716321055133356,0.08023689441483772,22.766798418972332,2.71314494907856,22.766798418972332,2.0,0.674479144447497,0.5213607196928245,0.6285436170210952
46a68e01497b4980aa3bb70ff6ffb75a,5,42,"{'data_dir': 'data/gold/datasets/v8/train_val', 'experiment_name': 'EfficientNet', 'mlflow_uri': 'file:///mlruns', 'dataset_name': 'v8', 'seed': 42, 'max_epochs': 3, 'batch_size': 32, 'num_workers': 0, 'device': 'auto'}",3,"{'type': 'AdamW', 'params': {'lr': 0.00044330632499838766, 'weight_decay': 1.0406087598755843e-05}}","{'type': 'CrossEntropyLoss', 'params': {'label_smoothing': 0.1}}","[{'class_path': 'src.utils.callbacks.EarlyStopping', 'init_args': {'patience': 15, 'verbose': True}}, {'class_path': 'src.utils.callbacks.ModelCheckpoint', 'init_args': {'filepath': 'best_model_efficientnet.pth', 'monitor': 'val_loss', 'save_best_only': True}}]",,file:///mlruns,IMAGENET1K_V1,"{'type': 'ReduceLROnPlateau', 'params': {'mode': 'min', 'patience': 7, 'factor': 0.4665452337030336, 'min_lr': 1e-07}}",10,efficientnet,data/gold/datasets/v8/train_val,efficientnet_b0,0,EfficientNet,0.41149662051707847,"{'architecture': 'efficientnet_b0', 'pretrained': True, 'unfreeze_layers': 5, 'hidden_units': 512, 'dropout': 0.41149662051707847, 'weights': 'IMAGENET1K_V1'}","[{'type': 'CutMix', 'params': {'alpha': 1.0, 'prob': 0.8}}, {'type': 'MixUp', 'params': {'alpha': 0.4, 'prob': 0.8}}]",32,auto,15,v8,512,True,,,,,,,,,,,,,,,,,,,,,,,,,,,,,,,,,,,,,,,,,,,,,,,,,
94ab4e65c21949359532eaddfdf31d3a,8,42,"{'data_dir': 'data/gold/datasets/v8/train_val', 'experiment_name': 'EfficientNet', 'mlflow_uri': 'file:///mlruns', 'dataset_name': 'v8', 'seed': 42, 'max_epochs': 3, 'batch_size': 32, 'num_workers': 0, 'device': 'auto'}",3,"{'type': 'Adam', 'params': {'lr': 0.0007887471672360698, 'weight_decay': 0.00019575500799074534}}","{'type': 'CrossEntropyLoss', 'params': {'label_smoothing': 0.1}}","[{'class_path': 'src.utils.callbacks.EarlyStopping', 'init_args': {'patience': 15, 'verbose': True}}, {'class_path': 'src.utils.callbacks.ModelCheckpoint', 'init_args': {'filepath': 'best_model_efficientnet.pth', 'monitor': 'val_loss', 'save_best_only': True}}]",,file:///mlruns,IMAGENET1K_V1,"{'type': 'CosineAnnealingWarmRestarts', 'params': {'T_0': 6, 'T_mult': 1, 'eta_min': 1e-06}}",10,efficientnet,data/gold/datasets/v8/train_val,efficientnet_b0,0,EfficientNet,0.30777277259185304,"{'architecture': 'efficientnet_b0', 'pretrained': True, 'unfreeze_layers': 8, 'hidden_units': 512, 'dropout': 0.30777277259185304, 'weights': 'IMAGENET1K_V1', 'input_channels': 3}","[{'type': 'CutMix', 'params': {'alpha': 1.0, 'prob': 0.8}}, {'type': 'MixUp', 'params': {'alpha': 0.4, 'prob': 0.8}}]",32,auto,15,v8,512,True,,,,,,,,,,,,,,,,,,,,,,,,,,,,,,,,,,,,,,,,,,,,,,,,,
a371be89c6704b20acd71b8478bb704c,3,42,"{'data_dir': 'data/gold/datasets/v8/train_val', 'experiment_name': 'EfficientNet', 'mlflow_uri': 'file:///mlruns', 'dataset_name': 'v8', 'seed': 42, 'max_epochs': 3, 'batch_size': 32, 'num_workers': 0, 'device': 'auto'}",3,"{'type': 'AdamW', 'params': {'lr': 0.00013492834268013249, 'weight_decay': 0.000790261954970823}}","{'type': 'CrossEntropyLoss', 'params': {'label_smoothing': 0.1}}","[{'class_path': 'src.utils.callbacks.EarlyStopping', 'init_args': {'patience': 15, 'verbose': True}}, {'class_path': 'src.utils.callbacks.ModelCheckpoint', 'init_args': {'filepath': 'best_model_efficientnet.pth', 'monitor': 'val_loss', 'save_best_only': True}}]",,file:///mlruns,IMAGENET1K_V1,"{'type': 'CosineAnnealingWarmRestarts', 'params': {'T_0': 15, 'T_mult': 1, 'eta_min': 1e-06}}",10,efficientnet,data/gold/datasets/v8/train_val,efficientnet_b2,0,EfficientNet,0.21393512381599933,"{'architecture': 'efficientnet_b2', 'pretrained': True, 'unfreeze_layers': 3, 'hidden_units': 512, 'dropout': 0.21393512381599933, 'weights': 'IMAGENET1K_V1', 'input_channels': 3}","[{'type': 'CutMix', 'params': {'alpha': 1.0, 'prob': 0.8}}, {'type': 'MixUp', 'params': {'alpha': 0.4, 'prob': 0.8}}]",32,auto,15,v8,512,True,,,,,,,,,,,,,,,,,,,,,,,,,,,,,,,,,,,,,,,,,,,,,,,,,
7810616bcf6948208219c3933f35b5df,8,42,"{'data_dir': 'data/gold/datasets/v8/train_val', 'experiment_name': 'EfficientNet', 'mlflow_uri': 'file:///mlruns', 'dataset_name': 'v8', 'seed': 42, 'max_epochs': 3, 'batch_size': 32, 'num_workers': 0, 'device': 'auto'}",3,"{'type': 'Adam', 'params': {'lr': 0.003787055780951209, 'weight_decay': 9.756377654499412e-05}}","{'type': 'CrossEntropyLoss', 'params': {'label_smoothing': 0.1}}","[{'class_path': 'src.utils.callbacks.EarlyStopping', 'init_args': {'patience': 15, 'verbose': True}}, {'class_path': 'src.utils.callbacks.ModelCheckpoint', 'init_args': {'filepath': 'best_model_efficientnet.pth', 'monitor': 'val_loss', 'save_best_only': True}}]",,file:///mlruns,IMAGENET1K_V1,"{'type': 'ReduceLROnPlateau', 'params': {'mode': 'min', 'patience': 8, 'factor': 0.11139131645598857, 'min_lr': 1e-07}}",10,efficientnet,data/gold/datasets/v8/train_val,efficientnet_b1,0,EfficientNet,0.3981428061907929,"{'architecture': 'efficientnet_b1', 'pretrained': True, 'unfreeze_layers': 8, 'hidden_units': 256, 'dropout': 0.3981428061907929, 'weights': 'IMAGENET1K_V1', 'input_channels': 3}","[{'type': 'CutMix', 'params': {'alpha': 1.0, 'prob': 0.8}}, {'type': 'MixUp', 'params': {'alpha': 0.4, 'prob': 0.8}}]",32,auto,15,v8,256,True,,,,,,,,,,,,,,,,,,,,,,,,,,,,,,,,,,,,,,,,,,,,,,,,,
8ac880c8ab6d4c86ac06b307e113587f,4,42,"{'data_dir': 'data/gold/datasets/v8/train_val', 'experiment_name': 'EfficientNet', 'mlflow_uri': 'file:///mlruns', 'dataset_name': 'v8', 'seed': 42, 'max_epochs': 3, 'batch_size': 32, 'num_workers': 0, 'device': 'auto'}",3,"{'type': 'Adam', 'params': {'lr': 0.0007139990519241502, 'weight_decay': 9.080249894150949e-05}}","{'type': 'CrossEntropyLoss', 'params': {'label_smoothing': 0.1}}","[{'class_path': 'src.utils.callbacks.EarlyStopping', 'init_args': {'patience': 15, 'verbose': True}}, {'class_path': 'src.utils.callbacks.ModelCheckpoint', 'init_args': {'filepath': 'best_model_efficientnet.pth', 'monitor': 'val_loss', 'save_best_only': True}}]",,file:///mlruns,IMAGENET1K_V1,"{'type': 'CosineAnnealingWarmRestarts', 'params': {'T_0': 10, 'T_mult': 1, 'eta_min': 1e-06}}",10,efficientnet,data/gold/datasets/v8/train_val,efficientnet_b1,0,EfficientNet,0.31077052987780457,"{'architecture': 'efficientnet_b1', 'pretrained': True, 'unfreeze_layers': 4, 'hidden_units': 256, 'dropout': 0.31077052987780457, 'weights': 'IMAGENET1K_V1'}","[{'type': 'CutMix', 'params': {'alpha': 1.0, 'prob': 0.8}}, {'type': 'MixUp', 'params': {'alpha': 0.4, 'prob': 0.8}}]",32,auto,15,v8,256,True,,,,,,,,,,,,,,,,,,,,,,,,,,,,,,,,,,,,,,,,,,,,,,,,,
a7134806ab234f9d9d954e74c0e2d901,2,42,"{'data_dir': 'data/gold/datasets/v8/train_val', 'experiment_name': 'EfficientNet', 'mlflow_uri': 'file:///mlruns', 'dataset_name': 'v8', 'seed': 42, 'max_epochs': 3, 'batch_size': 32, 'num_workers': 0, 'device': 'auto'}",3,"{'type': 'Adam', 'params': {'lr': 0.001887745790142909, 'weight_decay': 0.0002957709000368264}}","{'type': 'CrossEntropyLoss', 'params': {'label_smoothing': 0.1}}","[{'class_path': 'src.utils.callbacks.EarlyStopping', 'init_args': {'patience': 15, 'verbose': True}}, {'class_path': 'src.utils.callbacks.ModelCheckpoint', 'init_args': {'filepath': 'best_model_efficientnet.pth', 'monitor': 'val_loss', 'save_best_only': True}}]",,file:///mlruns,IMAGENET1K_V1,"{'type': 'CosineAnnealingWarmRestarts', 'params': {'T_0': 11, 'T_mult': 1, 'eta_min': 1e-06}}",10,efficientnet,data/gold/datasets/v8/train_val,efficientnet_b1,0,EfficientNet,0.2797927264839413,"{'architecture': 'efficientnet_b1', 'pretrained': True, 'unfreeze_layers': 2, 'hidden_units': 256, 'dropout': 0.2797927264839413, 'weights': 'IMAGENET1K_V1'}","[{'type': 'CutMix', 'params': {'alpha': 1.0, 'prob': 0.8}}, {'type': 'MixUp', 'params': {'alpha': 0.4, 'prob': 0.8}}]",32,auto,15,v8,256,True,,,,,,,,,,,,,,,,,,,,,,,,,,,,,,,,,,,,,,,,,,,,,,,,,
c04c08967f62453db5e1159c55c7c607,7,42,"{'data_dir': 'data/gold/datasets/v8/train_val', 'experiment_name': 'EfficientNet', 'mlflow_uri': 'file:///mlruns', 'dataset_name': 'v8', 'seed': 42, 'max_epochs': 3, 'batch_size': 32, 'num_workers': 0, 'device': 'auto'}",3,"{'type': 'AdamW', 'params': {'lr': 0.0005964299299369412, 'weight_decay': 3.321269005718667e-05}}","{'type': 'CrossEntropyLoss', 'params': {'label_smoothing': 0.1}}","[{'class_path': 'src.utils.callbacks.EarlyStopping', 'init_args': {'patience': 15, 'verbose': True}}, {'class_path': 'src.utils.callbacks.ModelCheckpoint', 'init_args': {'filepath': 'best_model_efficientnet.pth', 'monitor': 'val_loss', 'save_best_only': True}}]",,file:///mlruns,IMAGENET1K_V1,"{'type': 'ReduceLROnPlateau', 'params': {'mode': 'min', 'patience': 4, 'factor': 0.3541031263430749, 'min_lr': 1e-07}}",10,efficientnet,data/gold/datasets/v8/train_val,efficientnet_b2,0,EfficientNet,0.32804386861499424,"{'architecture': 'efficientnet_b2', 'pretrained': True, 'unfreeze_layers': 7, 'hidden_units': 256, 'dropout': 0.32804386861499424, 'weights': 'IMAGENET1K_V1'}","[{'type': 'CutMix', 'params': {'alpha': 1.0, 'prob': 0.8}}, {'type': 'MixUp', 'params': {'alpha': 0.4, 'prob': 0.8}}]",32,auto,15,v8,256,True,,,,,,,,,,,,,,,,,,,,,,,,,,,,,,,,,,,,,,,,,,,,,,,,,
d8286f2cf1ef48818b3e959898be174f,6,42,"{'data_dir': 'data/gold/datasets/v8/train_val', 'experiment_name': 'EfficientNet', 'mlflow_uri': 'file:///mlruns', 'dataset_name': 'v8', 'seed': 42, 'max_epochs': 3, 'batch_size': 32, 'num_workers': 0, 'device': 'auto'}",3,"{'type': 'AdamW', 'params': {'lr': 0.0003419653838206277, 'weight_decay': 6.394247187878975e-05}}","{'type': 'CrossEntropyLoss', 'params': {'label_smoothing': 0.1}}","[{'class_path': 'src.utils.callbacks.EarlyStopping', 'init_args': {'patience': 15, 'verbose': True}}, {'class_path': 'src.utils.callbacks.ModelCheckpoint', 'init_args': {'filepath': 'best_model_efficientnet.pth', 'monitor': 'val_loss', 'save_best_only': True}}]",,file:///mlruns,IMAGENET1K_V1,"{'type': 'ReduceLROnPlateau', 'params': {'mode': 'min', 'patience': 3, 'factor': 0.23837098511064453, 'min_lr': 1e-07}}",10,efficientnet,data/gold/datasets/v8/train_val,efficientnet_b2,0,EfficientNet,0.4293527174679938,"{'architecture': 'efficientnet_b2', 'pretrained': True, 'unfreeze_layers': 6, 'hidden_units': 256, 'dropout': 0.4293527174679938, 'weights': 'IMAGENET1K_V1'}","[{'type': 'CutMix', 'params': {'alpha': 1.0, 'prob': 0.8}}, {'type': 'MixUp', 'params': {'alpha': 0.4, 'prob': 0.8}}]",32,auto,15,v8,256,True,,,,,,,,,,,,,,,,,,,,,,,,,,,,,,,,,,,,,,,,,,,,,,,,,
01f49f1283e64812801718fe118d33b1,6,42,"{'data_dir': 'data/gold/datasets/v8/train_val', 'experiment_name': 'EfficientNet', 'mlflow_uri': 'file:///mlruns', 'dataset_name': 'v8', 'seed': 42, 'max_epochs': 3, 'batch_size': 32, 'num_workers': 0, 'device': 'auto'}",3,"{'type': 'AdamW', 'params': {'lr': 0.0002310201887845295, 'weight_decay': 2.3270677083837777e-05}}","{'type': 'CrossEntropyLoss', 'params': {'label_smoothing': 0.1}}","[{'class_path': 'src.utils.callbacks.EarlyStopping', 'init_args': {'patience': 15, 'verbose': True}}, {'class_path': 'src.utils.callbacks.ModelCheckpoint', 'init_args': {'filepath': 'best_model_efficientnet.pth', 'monitor': 'val_loss', 'save_best_only': True}}]",,file:///mlruns,IMAGENET1K_V1,"{'type': 'ReduceLROnPlateau', 'params': {'mode': 'min', 'patience': 4, 'factor': 0.30990257265289517, 'min_lr': 1e-07}}",10,efficientnet,data/gold/datasets/v8/train_val,efficientnet_b2,0,EfficientNet,0.4909729556485983,"{'architecture': 'efficientnet_b2', 'pretrained': True, 'unfreeze_layers': 6, 'hidden_units': 256, 'dropout': 0.4909729556485983, 'weights': 'IMAGENET1K_V1', 'input_channels': 3}","[{'type': 'CutMix', 'params': {'alpha': 1.0, 'prob': 0.8}}, {'type': 'MixUp', 'params': {'alpha': 0.4, 'prob': 0.8}}]",32,auto,15,v8,256,True,,,,,,,,,,,,,,,,,,,,,,,,,,,,,,,,,,,,,,,,,,,,,,,,,
94ecdd7700d74ac68091a9e8d0cb9ed1,5,42,"{'data_dir': 'data/gold/datasets/v8/train_val', 'experiment_name': 'EfficientNet', 'mlflow_uri': 'file:///mlruns', 'dataset_name': 'v8', 'seed': 42, 'max_epochs': 3, 'batch_size': 32, 'num_workers': 0, 'device': 'auto'}",3,"{'type': 'AdamW', 'params': {'lr': 0.00044330632499838766, 'weight_decay': 4.944598517437267e-05}}","{'type': 'CrossEntropyLoss', 'params': {'label_smoothing': 0.1}}","[{'class_path': 'src.utils.callbacks.EarlyStopping', 'init_args': {'patience': 15, 'verbose': True}}, {'class_path': 'src.utils.callbacks.ModelCheckpoint', 'init_args': {'filepath': 'best_model_efficientnet.pth', 'monitor': 'val_loss', 'save_best_only': True}}]",,file:///mlruns,IMAGENET1K_V1,"{'type': 'ReduceLROnPlateau', 'params': {'mode': 'min', 'patience': 6, 'factor': 0.17720826639351553, 'min_lr': 1e-07}}",10,efficientnet,data/gold/datasets/v8/train_val,efficientnet_b0,0,EfficientNet,0.4202244552929014,"{'architecture': 'efficientnet_b0', 'pretrained': True, 'unfreeze_layers': 5, 'hidden_units': 512, 'dropout': 0.4202244552929014, 'weights': 'IMAGENET1K_V1'}","[{'type': 'CutMix', 'params': {'alpha': 1.0, 'prob': 0.8}}, {'type': 'MixUp', 'params': {'alpha': 0.4, 'prob': 0.8}}]",32,auto,15,v8,512,True,,,,,,,,,,,,,,,,,,,,,,,,,,,,,,,,,,,,,,,,,,,,,,,,,
ff76fd0413434b97883df1cf01521094,3,42,"{'data_dir': 'data/gold/datasets/v8/train_val', 'experiment_name': 'EfficientNet', 'mlflow_uri': 'file:///mlruns', 'dataset_name': 'v8', 'seed': 42, 'max_epochs': 3, 'batch_size': 32, 'num_workers': 0, 'device': 'auto'}",3,"{'type': 'AdamW', 'params': {'lr': 0.00013492834268013249, 'weight_decay': 0.000790261954970823}}","{'type': 'CrossEntropyLoss', 'params': {'label_smoothing': 0.1}}","[{'class_path': 'src.utils.callbacks.EarlyStopping', 'init_args': {'patience': 15, 'verbose': True}}, {'class_path': 'src.utils.callbacks.ModelCheckpoint', 'init_args': {'filepath': 'best_model_efficientnet.pth', 'monitor': 'val_loss', 'save_best_only': True}}]",,file:///mlruns,IMAGENET1K_V1,"{'type': 'CosineAnnealingWarmRestarts', 'params': {'T_0': 15, 'T_mult': 1, 'eta_min': 1e-06}}",10,efficientnet,data/gold/datasets/v8/train_val,efficientnet_b2,0,EfficientNet,0.21393512381599933,"{'architecture': 'efficientnet_b2', 'pretrained': True, 'unfreeze_layers': 3, 'hidden_units': 512, 'dropout': 0.21393512381599933, 'weights': 'IMAGENET1K_V1', 'input_channels': 3}","[{'type': 'CutMix', 'params': {'alpha': 1.0, 'prob': 0.8}}, {'type': 'MixUp', 'params': {'alpha': 0.4, 'prob': 0.8}}]",32,auto,15,v8,512,True,,,,,,,,,,,,,,,,,,,,,,,,,,,,,,,,,,,,,,,,,,,,,,,,,
6b70a867a8b24c4a84b29aa37821c380,5,42,"{'data_dir': 'data/gold/datasets/v8/train_val', 'experiment_name': 'EfficientNet', 'mlflow_uri': 'file:///mlruns', 'dataset_name': 'v8', 'seed': 42, 'max_epochs': 3, 'batch_size': 32, 'num_workers': 0, 'device': 'auto'}",3,"{'type': 'Adam', 'params': {'lr': 0.0001765294566331605, 'weight_decay': 0.00014138272464289477}}","{'type': 'CrossEntropyLoss', 'params': {'label_smoothing': 0.1}}","[{'class_path': 'src.utils.callbacks.EarlyStopping', 'init_args': {'patience': 15, 'verbose': True}}, {'class_path': 'src.utils.callbacks.ModelCheckpoint', 'init_args': {'filepath': 'best_model_efficientnet.pth', 'monitor': 'val_loss', 'save_best_only': True}}]",,file:///mlruns,IMAGENET1K_V1,"{'type': 'ReduceLROnPlateau', 'params': {'mode': 'min', 'patience': 5, 'factor': 0.27852417198763396, 'min_lr': 1e-07}}",10,efficientnet,data/gold/datasets/v8/train_val,efficientnet_b2,0,EfficientNet,0.4722994385847553,"{'architecture': 'efficientnet_b2', 'pretrained': True, 'unfreeze_layers': 5, 'hidden_units': 512, 'dropout': 0.4722994385847553, 'weights': 'IMAGENET1K_V1'}","[{'type': 'CutMix', 'params': {'alpha': 1.0, 'prob': 0.8}}, {'type': 'MixUp', 'params': {'alpha': 0.4, 'prob': 0.8}}]",32,auto,15,v8,512,True,1.9385784109504156,34.79549496147006,0.0001765294566331605,0.1839080459770115,0.014705882352941176,0.2,0.20689655172413793,0.015544041450777202,0.5,0.18604651162790697,0.18181818181818182,0.0273972602739726,0.3157894736842105,0.15384615384615385,0.03015075376884422,0.0,0.0,0.9070796460176991,0.2074898785425101,0.019801980198019802,0.09090909090909091,0.014285714285714285,0.1875,0.13333333333333333,0.21739130434782608,0.0,0.33772652388797364,0.02654867256637168,0.032520325203252036,0.2777777777777778,0.17857142857142858,0.29411764705882354,0.08620689655172414,0.2424794093860964,0.2134387351778656,0.157185992509264,0.225963037960032,0.6753150838284279,0.1285814853995504,0.1195872771082723,0.08358308275144152,0.05706421784668958,21.34387351778656,3.027970349788666,21.34387351778656,2.0,0.6276041459916862,0.42546736086902753,0.5669631104548887
ec9e68997b8f4b1897414ed1cf964ee6,6,42,"{'data_dir': 'data/gold/datasets/v8/train_val', 'experiment_name': 'EfficientNet', 'mlflow_uri': 'file:///mlruns', 'dataset_name': 'v8', 'seed': 42, 'max_epochs': 3, 'batch_size': 32, 'num_workers': 0, 'device': 'auto'}",3,"{'type': 'AdamW', 'params': {'lr': 0.0002310201887845295, 'weight_decay': 2.3270677083837777e-05}}","{'type': 'CrossEntropyLoss', 'params': {'label_smoothing': 0.1}}","[{'class_path': 'src.utils.callbacks.EarlyStopping', 'init_args': {'patience': 15, 'verbose': True}}, {'class_path': 'src.utils.callbacks.ModelCheckpoint', 'init_args': {'filepath': 'best_model_efficientnet.pth', 'monitor': 'val_loss', 'save_best_only': True}}]",,file:///mlruns,IMAGENET1K_V1,"{'type': 'ReduceLROnPlateau', 'params': {'mode': 'min', 'patience': 4, 'factor': 0.30990257265289517, 'min_lr': 1e-07}}",10,efficientnet,data/gold/datasets/v8/train_val,efficientnet_b2,0,EfficientNet,0.4909729556485983,"{'architecture': 'efficientnet_b2', 'pretrained': True, 'unfreeze_layers': 6, 'hidden_units': 256, 'dropout': 0.4909729556485983, 'weights': 'IMAGENET1K_V1', 'input_channels': 3}","[{'type': 'CutMix', 'params': {'alpha': 1.0, 'prob': 0.8}}, {'type': 'MixUp', 'params': {'alpha': 0.4, 'prob': 0.8}}]",32,auto,15,v8,256,True,,,,,,,,,,,,,,,,,,,,,,,,,,,,,,,,,,,,,,,,,,,,,,,,,
a323c0d39a144b08ac3ac33d2ab93282,6,42,"{'data_dir': 'data/gold/datasets/v8/train_val', 'experiment_name': 'EfficientNet', 'mlflow_uri': 'file:///mlruns', 'dataset_name': 'v8', 'seed': 42, 'max_epochs': 3, 'batch_size': 32, 'num_workers': 0, 'device': 'auto'}",3,"{'type': 'AdamW', 'params': {'lr': 0.0002310201887845295, 'weight_decay': 2.3270677083837777e-05}}","{'type': 'CrossEntropyLoss', 'params': {'label_smoothing': 0.1}}","[{'class_path': 'src.utils.callbacks.EarlyStopping', 'init_args': {'patience': 15, 'verbose': True}}, {'class_path': 'src.utils.callbacks.ModelCheckpoint', 'init_args': {'filepath': 'best_model_efficientnet.pth', 'monitor': 'val_loss', 'save_best_only': True}}]",,file:///mlruns,IMAGENET1K_V1,"{'type': 'ReduceLROnPlateau', 'params': {'mode': 'min', 'patience': 4, 'factor': 0.30990257265289517, 'min_lr': 1e-07}}",10,efficientnet,data/gold/datasets/v8/train_val,efficientnet_b2,0,EfficientNet,0.4909729556485983,"{'architecture': 'efficientnet_b2', 'pretrained': True, 'unfreeze_layers': 6, 'hidden_units': 256, 'dropout': 0.4909729556485983, 'weights': 'IMAGENET1K_V1', 'input_channels': 3}","[{'type': 'CutMix', 'params': {'alpha': 1.0, 'prob': 0.8}}, {'type': 'MixUp', 'params': {'alpha': 0.4, 'prob': 0.8}}]",32,auto,15,v8,256,True,,,,,,,,,,,,,,,,,,,,,,,,,,,,,,,,,,,,,,,,,,,,,,,,,
bc2b99c0bbca416b85f5ddef1610f5ce,5,42,"{'data_dir': 'data/gold/datasets/v8/train_val', 'experiment_name': 'EfficientNet', 'mlflow_uri': 'file:///mlruns', 'dataset_name': 'v8', 'seed': 42, 'max_epochs': 3, 'batch_size': 32, 'num_workers': 0, 'device': 'auto'}",3,"{'type': 'Adam', 'params': {'lr': 0.00010404745821180806, 'weight_decay': 0.00013869171351319634}}","{'type': 'CrossEntropyLoss', 'params': {'label_smoothing': 0.1}}","[{'class_path': 'src.utils.callbacks.EarlyStopping', 'init_args': {'patience': 15, 'verbose': True}}, {'class_path': 'src.utils.callbacks.ModelCheckpoint', 'init_args': {'filepath': 'best_model_efficientnet.pth', 'monitor': 'val_loss', 'save_best_only': True}}]",,file:///mlruns,IMAGENET1K_V1,"{'type': 'ReduceLROnPlateau', 'params': {'mode': 'min', 'patience': 5, 'factor': 0.1755601187882835, 'min_lr': 1e-07}}",10,efficientnet,data/gold/datasets/v8/train_val,efficientnet_b2,0,EfficientNet,0.23594058931867473,"{'architecture': 'efficientnet_b2', 'pretrained': True, 'unfreeze_layers': 5, 'hidden_units': 512, 'dropout': 0.23594058931867473, 'weights': 'IMAGENET1K_V1'}","[{'type': 'CutMix', 'params': {'alpha': 1.0, 'prob': 0.8}}, {'type': 'MixUp', 'params': {'alpha': 0.4, 'prob': 0.8}}]",32,auto,15,v8,512,True,1.892928730756062,36.47500493973523,0.00010404745821180806,0.0,0.0,0.0,0.0,0.0,0.0,0.0,0.0,0.0,0.0,0.0,0.0,0.07692307692307693,0.10344827586206896,0.8716814159292036,0.1679454390451833,0.01485148514851485,0.17647058823529413,0.004761904761904762,0.037037037037037035,0.0,0.0,0.08823529411764706,0.2816297355253753,0.008438818565400843,0.0273972602739726,0.0,0.0,0.0,0.0,0.14176998450878867,0.1691699604743083,0.10221428574671332,0.08620351662096502,0.5098546465237237,0.09567028176537538,0.05713419197893679,0.008573218302090856,0.006505651906523635,16.91699604743083,2.3595618426799776,16.126482213438738,1.0,0.45572915165371425,0.1204245761985012,0.3551377790171503
b95d2b493e894019a6d1893ddb44804b,6,42,"{'data_dir': 'data/gold/datasets/v8/train_val', 'experiment_name': 'EfficientNet', 'mlflow_uri': 'file:///mlruns', 'dataset_name': 'v8', 'seed': 42, 'max_epochs': 3, 'batch_size': 32, 'num_workers': 0, 'device': 'auto'}",3,"{'type': 'AdamW', 'params': {'lr': 0.0002310201887845295, 'weight_decay': 2.3270677083837777e-05}}","{'type': 'CrossEntropyLoss', 'params': {'label_smoothing': 0.1}}","[{'class_path': 'src.utils.callbacks.EarlyStopping', 'init_args': {'patience': 15, 'verbose': True}}, {'class_path': 'src.utils.callbacks.ModelCheckpoint', 'init_args': {'filepath': 'best_model_efficientnet.pth', 'monitor': 'val_loss', 'save_best_only': True}}]",,file:///mlruns,IMAGENET1K_V1,"{'type': 'ReduceLROnPlateau', 'params': {'mode': 'min', 'patience': 4, 'factor': 0.30990257265289517, 'min_lr': 1e-07}}",10,efficientnet,data/gold/datasets/v8/train_val,efficientnet_b2,0,EfficientNet,0.4909729556485983,"{'architecture': 'efficientnet_b2', 'pretrained': True, 'unfreeze_layers': 6, 'hidden_units': 256, 'dropout': 0.4909729556485983, 'weights': 'IMAGENET1K_V1', 'input_channels': 3}","[{'type': 'CutMix', 'params': {'alpha': 1.0, 'prob': 0.8}}, {'type': 'MixUp', 'params': {'alpha': 0.4, 'prob': 0.8}}]",32,auto,15,v8,256,True,,,,,,,,,,,,,,,,,,,,,,,,,,,,,,,,,,,,,,,,,,,,,,,,,
1fc6c94fafff47c19d0c4de775acf89b,4,42,"{'data_dir': 'data/gold/datasets/v8/train_val', 'experiment_name': 'ViT', 'mlflow_uri': 'file:///mlruns', 'dataset_name': 'v8', 'max_epochs': 30, 'batch_size': 32, 'num_workers': 0, 'device': 'auto', 'seed': 42}",30,"{'type': 'AdamW', 'params': {'lr': 3.5948926090491574e-05, 'weight_decay': 0.09946152812548492}}","{'type': 'CrossEntropyLoss', 'params': {'label_smoothing': 0.05917514018494943}}","[{'class_path': 'src.utils.callbacks.EarlyStopping', 'init_args': {'patience': 7, 'verbose': True}}, {'class_path': 'src.utils.callbacks.ModelCheckpoint', 'init_args': {'filepath': 'best_vit.pth', 'monitor': 'val_loss', 'save_best_only': True}}]","{'use_augmentation': True, 'per_image_aug_method': 'basic', 'basic_params': {'n_augments': 3, 'rotation_range': 28, 'horizontal_flip_prob': 0.7348280089749541, 'brightness_range': 0.004540399751675935, 'contrast_range': 0.293054353919755, 'width_shift_range': 0.17453759432115346}, 'batch_level_aug_method': 'cutmix', 'mix_alpha': 0.22278263291197714}",file:///mlruns,IMAGENET1K_V1,"{'type': 'ReduceLROnPlateau', 'params': {'mode': 'min', 'patience': 3, 'factor': 0.3583425762812964, 'min_lr': 1e-07}}",10,vit,data/gold/datasets/v8/train_val,vit_b_16,0,ViT,0.15123720738533156,"{'architecture': 'vit_b_16', 'pretrained': True, 'unfreeze_layers': 4, 'hidden_units': 256, 'dropout': 0.15123720738533156, 'weights': 'IMAGENET1K_V1'}",{},32,auto,15,v8,256,True,2.304496979623933,10.49199762892709,3.5948926090491574e-05,0.0,0.0,0.0,0.0,0.0,0.0,0.0,0.0,0.0,0.0,0.0,0.0,0.0,0.0,0.8938053097345132,0.18280542986425338,0.12376237623762376,0.15625,0.0,0.0,0.0,0.0,0.0,0.3035311795642374,0.0,0.13812154696132597,0.0,0.0,0.0,0.0,,,,,,,,,,,2.2891114234924315,17.94466403162055,,0.5156249830139166,,
7737792511494b05ad9c08f39b741457,3,42,"{'data_dir': 'data/gold/datasets/v8/train_val', 'experiment_name': 'ViT', 'mlflow_uri': 'file:///mlruns', 'dataset_name': 'v8', 'max_epochs': 30, 'batch_size': 32, 'num_workers': 0, 'device': 'auto', 'seed': 42}",30,"{'type': 'AdamW', 'params': {'lr': 5.429369796617556e-05, 'weight_decay': 0.036525606431010306}}","{'type': 'CrossEntropyLoss', 'params': {'label_smoothing': 0.06602221502159186}}","[{'class_path': 'src.utils.callbacks.EarlyStopping', 'init_args': {'patience': 7, 'verbose': True}}, {'class_path': 'src.utils.callbacks.ModelCheckpoint', 'init_args': {'filepath': 'best_vit.pth', 'monitor': 'val_loss', 'save_best_only': True}}]","{'use_augmentation': True, 'per_image_aug_method': 'basic', 'basic_params': {'n_augments': 2, 'rotation_range': 42, 'horizontal_flip_prob': 0.6172565988168697, 'brightness_range': 0.00752918755663489, 'contrast_range': 0.290168261523364, 'width_shift_range': 0.10293974467040158}, 'batch_level_aug_method': 'cutmix', 'mix_alpha': 0.4312637562137396}",file:///mlruns,IMAGENET1K_V1,"{'type': 'ReduceLROnPlateau', 'params': {'mode': 'min', 'patience': 8, 'factor': 0.49719060000715737, 'min_lr': 1e-07}}",10,vit,data/gold/datasets/v8/train_val,vit_b_32,0,ViT,0.16750146019134357,"{'architecture': 'vit_b_32', 'pretrained': True, 'unfreeze_layers': 3, 'hidden_units': 512, 'dropout': 0.16750146019134357, 'weights': 'IMAGENET1K_V1'}",{},32,auto,15,v8,512,True,2.279856851321863,13.574392412566686,5.429369796617556e-05,0.0,0.17647058823529413,0.1411764705882353,0.2542372881355932,0.0,0.0,0.0,0.0,0.1568627450980392,0.189873417721519,0.38461538461538464,0.0,0.03571428571428571,0.3448275862068966,0.7035398230088495,0.24164133738601823,0.024752475247524754,0.29411764705882354,0.004761904761904762,0.07142857142857142,0.07407407407407407,0.0,0.06472491909385113,0.3597285067873303,0.008928571428571428,0.045662100456621,0.0,0.0,0.05343511450381679,0.1206896551724138,0.13607653621186366,0.17549407114624507,0.1728398072541723,0.1315361549607928,0.6029420984248492,0.13019809008225156,0.1264901648806121,0.0698863786631477,0.06329359261707279,17.549407114624508,2.2037964046001433,16.52173913043478,16.0,0.46874998455810596,0.3697669435096212,0.43905507224356055
aed9ae3c089040c7a615d711e629bb0b,2,42,"{'data_dir': 'data/gold/datasets/v8/train_val', 'experiment_name': 'ViT', 'mlflow_uri': 'file:///mlruns', 'dataset_name': 'v8', 'max_epochs': 30, 'batch_size': 32, 'num_workers': 0, 'device': 'auto', 'seed': 42}",30,"{'type': 'AdamW', 'params': {'lr': 1.4905066014018142e-05, 'weight_decay': 0.017217955018265393}}","{'type': 'CrossEntropyLoss', 'params': {'label_smoothing': 0.07306171006433201}}","[{'class_path': 'src.utils.callbacks.EarlyStopping', 'init_args': {'patience': 7, 'verbose': True}}, {'class_path': 'src.utils.callbacks.ModelCheckpoint', 'init_args': {'filepath': 'best_vit.pth', 'monitor': 'val_loss', 'save_best_only': True}}]","{'use_augmentation': True, 'per_image_aug_method': 'basic', 'basic_params': {'n_augments': 3, 'rotation_range': 0, 'horizontal_flip_prob': 0.03915056805535411, 'brightness_range': 0.13324777484304767, 'contrast_range': 0.17203120012209644, 'width_shift_range': 0.08676196624718437}, 'batch_level_aug_method': 'mixup', 'mix_alpha': 0.5607081774272589}",file:///mlruns,IMAGENET1K_V1,"{'type': 'ReduceLROnPlateau', 'params': {'mode': 'min', 'patience': 4, 'factor': 0.32180805764414333, 'min_lr': 1e-07}}",10,vit,data/gold/datasets/v8/train_val,vit_b_16,0,ViT,0.1508841395681077,"{'architecture': 'vit_b_16', 'pretrained': True, 'unfreeze_layers': 2, 'hidden_units': 512, 'dropout': 0.1508841395681077, 'weights': 'IMAGENET1K_V1'}",{},32,auto,15,v8,512,True,2.301767847232257,10.49199762892709,4.796570343028912e-06,0.0,0.0,0.0,0.0,0.0,0.0,0.0,0.0,0.0,0.0,0.0,0.0,0.0,0.0,0.0,0.0,0.0,0.0,0.0,0.0,0.0888208269525268,0.0,0.0,0.0,0.0,0.0,0.0,0.0,0.046474358974358976,1.0,0.030264531592294468,0.14150197628458497,0.10634308964217845,0.030607728561160497,0.5311155154037535,0.04624469399181239,0.040546382190767546,0.010553639065736382,0.0055924071816759735,14.150197628458496,2.3147019386291503,4.58498023715415,3.0,0.07552083084547263,0.1284783577777184,0.09140808892514636
ed7d006e67564954b34147c20a40f96a,4,42,"{'data_dir': 'data/gold/datasets/v8/train_val', 'experiment_name': 'ViT', 'mlflow_uri': 'file:///mlruns', 'dataset_name': 'v8', 'max_epochs': 30, 'batch_size': 32, 'num_workers': 0, 'device': 'auto', 'seed': 42}",30,"{'type': 'AdamW', 'params': {'lr': 1.6655042654310235e-05, 'weight_decay': 0.04144331368147023}}","{'type': 'CrossEntropyLoss', 'params': {'label_smoothing': 0.04261251282089604}}","[{'class_path': 'src.utils.callbacks.EarlyStopping', 'init_args': {'patience': 7, 'verbose': True}}, {'class_path': 'src.utils.callbacks.ModelCheckpoint', 'init_args': {'filepath': 'best_vit.pth', 'monitor': 'val_loss', 'save_best_only': True}}]","{'use_augmentation': True, 'per_image_aug_method': 'none', 'batch_level_aug_method': 'mixup', 'mix_alpha': 0.498147069681624}",file:///mlruns,IMAGENET1K_V1,"{'type': 'ReduceLROnPlateau', 'params': {'mode': 'min', 'patience': 5, 'factor': 0.2737425087025645, 'min_lr': 1e-07}}",10,vit,data/gold/datasets/v8/train_val,vit_b_16,0,ViT,0.061755830898474334,"{'architecture': 'vit_b_16', 'pretrained': True, 'unfreeze_layers': 4, 'hidden_units': 256, 'dropout': 0.061755830898474334, 'weights': 'IMAGENET1K_V1'}",{},32,auto,15,v8,256,True,1.2665785004135837,59.35585852598301,4.559193158739103e-06,0.15,0.11764705882352941,0.16326530612244897,0.20689655172413793,0.05699481865284974,0.13924050632911392,0.16666666666666666,0.13636363636363635,0.13675213675213677,0.3157894736842105,0.15384615384615385,0.08088235294117647,0.058823529411764705,0.06896551724137931,0.5619469026548672,0.339572192513369,0.12871287128712872,0.21487603305785125,0.1619047619047619,0.1459227467811159,0.13043478260869565,0.3211009174311927,0.06349206349206349,0.42333333333333334,0.15349887133182843,0.1609907120743034,0.2916666666666667,0.35714285714285715,0.1125,0.15517241379310345,0.24819916641357123,0.25059288537549407,0.1899696924912685,0.22483362133816254,0.6187180522109366,0.21229604930195956,0.17617114495209088,0.12479549330052027,0.11916618923802391,25.059288537549406,2.1527423217892645,23.636363636363637,14.0,0.703124976837159,0.5930659636549945,0.6701072728825097
ada217bdf2f64dfcb7f0c04e1d18eb53,3,42,"{'data_dir': 'data/gold/datasets/v8/train_val', 'experiment_name': 'ViT', 'mlflow_uri': 'file:///mlruns', 'dataset_name': 'v8', 'max_epochs': 30, 'batch_size': 32, 'num_workers': 0, 'device': 'auto', 'seed': 42}",30,"{'type': 'AdamW', 'params': {'lr': 2.6489469207362644e-05, 'weight_decay': 0.053654503243520245}}","{'type': 'CrossEntropyLoss', 'params': {'label_smoothing': 0.08872127425763265}}","[{'class_path': 'src.utils.callbacks.EarlyStopping', 'init_args': {'patience': 7, 'verbose': True}}, {'class_path': 'src.utils.callbacks.ModelCheckpoint', 'init_args': {'filepath': 'best_vit.pth', 'monitor': 'val_loss', 'save_best_only': True}}]",{'use_augmentation': False},file:///mlruns,IMAGENET1K_V1,"{'type': 'CosineAnnealingWarmRestarts', 'params': {'T_0': 12, 'T_mult': 1, 'eta_min': 1e-06}}",10,vit,data/gold/datasets/v8/train_val,vit_b_32,0,ViT,0.09329469651469866,"{'architecture': 'vit_b_32', 'pretrained': True, 'unfreeze_layers': 3, 'hidden_units': 256, 'dropout': 0.09329469651469866, 'weights': 'IMAGENET1K_V1'}",{},32,auto,15,v8,256,True,1.4684446739410841,55.75973127840348,2.4368684913206704e-05,0.10101010101010101,0.5441176470588235,0.09840425531914894,0.2222222222222222,0.0051813471502590676,0.09090909090909091,0.06493506493506493,0.22727272727272727,0.16666666666666666,0.21428571428571427,0.23076923076923078,0.00980392156862745,0.027777777777777776,0.034482758620689655,0.3805309734513274,0.38565022421524664,0.04455445544554455,0.24324324324324326,0.1,0.2625,0.12345679012345678,0.22110552763819097,0.03076923076923077,0.3830734966592428,0.14482758620689656,0.07531380753138076,0.21782178217821782,0.22448979591836735,0.09615384615384616,0.1724137931034483,0.1818928247437705,0.1984189723320158,0.182771362066383,0.1381021920972133,0.61128992393587,0.16624744265903646,0.1350705642274626,0.09391096446962821,0.08904842628252696,19.841897233201582,2.3313994705677032,18.023715415019762,10.0,0.5182291495947949,0.46746778070968437,0.5030007389292618
97f9f1ca10804f03ba3f4652f2580689,2,42,"{'data_dir': 'data/gold/datasets/v8/train_val', 'experiment_name': 'ViT', 'mlflow_uri': 'file:///mlruns', 'dataset_name': 'v8', 'max_epochs': 30, 'batch_size': 32, 'num_workers': 0, 'device': 'auto', 'seed': 42}",30,"{'type': 'AdamW', 'params': {'lr': 8.33788194870189e-05, 'weight_decay': 0.02757857013899064}}","{'type': 'CrossEntropyLoss', 'params': {'label_smoothing': 0.0787078133354033}}","[{'class_path': 'src.utils.callbacks.EarlyStopping', 'init_args': {'patience': 7, 'verbose': True}}, {'class_path': 'src.utils.callbacks.ModelCheckpoint', 'init_args': {'filepath': 'best_vit.pth', 'monitor': 'val_loss', 'save_best_only': True}}]","{'use_augmentation': True, 'per_image_aug_method': 'advanced', 'advanced_params': {'p_distort': 0.4905223746664671, 'p_noise': 0.10735806572538514, 'p_dropout': 0.125008896880161, 'num_holes': 12, 'crop_scale_min': 0.796616644345794}, 'batch_level_aug_method': 'cutmix', 'mix_alpha': 0.28822934691934055}",file:///mlruns,IMAGENET1K_V1,"{'type': 'ReduceLROnPlateau', 'params': {'mode': 'min', 'patience': 6, 'factor': 0.3877872509697836, 'min_lr': 1e-07}}",10,vit,data/gold/datasets/v8/train_val,vit_b_16,0,ViT,0.215355402178234,"{'architecture': 'vit_b_16', 'pretrained': True, 'unfreeze_layers': 2, 'hidden_units': 512, 'dropout': 0.215355402178234, 'weights': 'IMAGENET1K_V1'}",{},32,auto,15,v8,512,True,2.2502398855058225,15.886188500296385,8.33788194870189e-05,0.0,0.04411764705882353,0.05084745762711865,0.07740324594257178,0.0,0.0,0.0,0.0,0.047244094488188976,0.04068241469816273,0.7948717948717948,0.0,0.011627906976744186,0.034482758620689655,0.04424778761061947,0.47619047619047616,0.07920792079207921,0.2191780821917808,0.07142857142857142,0.23076923076923078,0.0855614973262032,0.0,0.017391304347826087,0.08097165991902834,0.10909090909090909,0.11636363636363636,0.0,0.0,0.06201550387596899,0.13793103448275862,0.060584375563620056,0.14387351778656127,0.11087774692588621,0.05659837869643729,0.548879794581947,0.0836785468629294,0.07118887374047075,0.0010406705330265724,0.0009006512401275035,14.387351778656127,2.50029838681221,6.640316205533598,2.0,0.14322916194831017,0.08979194722353948,0.12719799753087896
b04f2a088296449494776d9610a42f8c,3,42,"{'data_dir': 'data/gold/datasets/v8/train_val', 'experiment_name': 'ViT', 'mlflow_uri': 'file:///mlruns', 'dataset_name': 'v8', 'max_epochs': 30, 'batch_size': 32, 'num_workers': 0, 'device': 'auto', 'seed': 42}",30,"{'type': 'AdamW', 'params': {'lr': 0.00016684619386293464, 'weight_decay': 0.07849235338159358}}","{'type': 'CrossEntropyLoss', 'params': {'label_smoothing': 0.00884925020519195}}","[{'class_path': 'src.utils.callbacks.EarlyStopping', 'init_args': {'patience': 7, 'verbose': True}}, {'class_path': 'src.utils.callbacks.ModelCheckpoint', 'init_args': {'filepath': 'best_vit.pth', 'monitor': 'val_loss', 'save_best_only': True}}]","{'use_augmentation': True, 'per_image_aug_method': 'advanced', 'advanced_params': {'p_distort': 0.2913841307520112, 'p_noise': 0.12930163420191518, 'p_dropout': 0.23684660530243137, 'num_holes': 7, 'crop_scale_min': 0.6244076469689558}, 'batch_level_aug_method': 'cutmix', 'mix_alpha': 0.9274563216630257}",file:///mlruns,IMAGENET1K_V1,"{'type': 'ReduceLROnPlateau', 'params': {'mode': 'min', 'patience': 6, 'factor': 0.46874969400924676, 'min_lr': 1e-07}}",10,vit,data/gold/datasets/v8/train_val,vit_b_32,0,ViT,0.23253984700833435,"{'architecture': 'vit_b_32', 'pretrained': True, 'unfreeze_layers': 3, 'hidden_units': 512, 'dropout': 0.23253984700833435, 'weights': 'IMAGENET1K_V1'}",{},32,auto,15,v8,512,True,2.2732754552159427,13.811499703615887,0.00016684619386293464,0.0,0.0,0.0,0.13580246913580246,0.0,0.0,0.0,0.0,0.0,0.0738255033557047,0.8461538461538461,0.0,0.023809523809523808,0.13793103448275862,0.1504424778761062,0.288135593220339,0.42574257425742573,0.1744421906693712,0.01904761904761905,0.5,0.0449438202247191,0.0,0.04060913705583756,0.19767441860465115,0.03669724770642202,0.2474820143884892,0.0,0.0,0.06451612903225806,0.034482758620689655,0.09841739404819105,0.1857707509881423,0.12113778849575998,0.06459677678477863,0.5575976927855424,0.12042506692252336,0.07932033603272873,0.034020401250428586,0.029104871874927718,18.57707509881423,2.251107430458069,12.885375494071146,4.0,0.3489583218377011,0.2239106923988948,0.31144403300605916
ca4213fcc04e4485b21efca67ab9c0ea,3,42,"{'data_dir': 'data/gold/datasets/v8/train_val', 'experiment_name': 'ViT', 'mlflow_uri': 'file:///mlruns', 'dataset_name': 'v8', 'max_epochs': 30, 'batch_size': 32, 'num_workers': 0, 'device': 'auto', 'seed': 42}",30,"{'type': 'AdamW', 'params': {'lr': 8.460468149359335e-05, 'weight_decay': 0.04941597299565349}}","{'type': 'CrossEntropyLoss', 'params': {'label_smoothing': 0.07973945690417802}}","[{'class_path': 'src.utils.callbacks.EarlyStopping', 'init_args': {'patience': 7, 'verbose': True}}, {'class_path': 'src.utils.callbacks.ModelCheckpoint', 'init_args': {'filepath': 'best_vit.pth', 'monitor': 'val_loss', 'save_best_only': True}}]","{'use_augmentation': True, 'per_image_aug_method': 'none', 'batch_level_aug_method': 'cutmix', 'mix_alpha': 0.23420602457387552}",file:///mlruns,IMAGENET1K_V1,"{'type': 'CosineAnnealingWarmRestarts', 'params': {'T_0': 15, 'T_mult': 1, 'eta_min': 1e-06}}",10,vit,data/gold/datasets/v8/train_val,vit_b_16,0,ViT,0.12440747555750241,"{'architecture': 'vit_b_16', 'pretrained': True, 'unfreeze_layers': 3, 'hidden_units': 512, 'dropout': 0.12440747555750241, 'weights': 'IMAGENET1K_V1'}",{},32,auto,15,v8,512,True,1.311828682201697,61.94427978660344,8.037745147351255e-05,0.09803921568627451,0.08823529411764706,0.1,0.23076923076923078,0.14507772020725387,0.19047619047619047,0.08620689655172414,0.11363636363636363,0.09375,0.16483516483516483,0.38461538461538464,0.16470588235294117,0.058823529411764705,0.10344827586206896,0.504424778761062,0.3392857142857143,0.25742574257425743,0.19117647058823528,0.09523809523809523,0.25316455696202533,0.09876543209876543,0.26744186046511625,0.075,0.40569395017793597,0.1384083044982699,0.21940928270042195,0.3108108108108108,0.23469387755102042,0.17391304347826086,0.06896551724137931,0.22743470014681197,0.25217391304347825,0.19554455213263164,0.19027477007477053,0.6487796154564551,0.20175488070970263,0.16890888400417248,0.13034923071396012,0.12196349591610922,25.217391304347824,2.2227873057127,23.16205533596838,15.0,0.6874999773518887,0.6156513601006649,0.6659453921765215
2f3894da9792441ab69490e8054b9c69,3,42,"{'data_dir': 'data/gold/datasets/v8/train_val', 'experiment_name': 'ViT', 'mlflow_uri': 'file:///mlruns', 'dataset_name': 'v8', 'max_epochs': 30, 'batch_size': 32, 'num_workers': 0, 'device': 'auto', 'seed': 42}",30,"{'type': 'AdamW', 'params': {'lr': 2.6024851775509453e-05, 'weight_decay': 0.06741541817259232}}","{'type': 'CrossEntropyLoss', 'params': {'label_smoothing': 0.05931274594046627}}","[{'class_path': 'src.utils.callbacks.EarlyStopping', 'init_args': {'patience': 7, 'verbose': True}}, {'class_path': 'src.utils.callbacks.ModelCheckpoint', 'init_args': {'filepath': 'best_vit.pth', 'monitor': 'val_loss', 'save_best_only': True}}]","{'use_augmentation': True, 'per_image_aug_method': 'none', 'batch_level_aug_method': 'cutmix', 'mix_alpha': 0.3755620004292587}",file:///mlruns,IMAGENET1K_V1,"{'type': 'ReduceLROnPlateau', 'params': {'mode': 'min', 'patience': 5, 'factor': 0.43397769540583603, 'min_lr': 1e-07}}",10,vit,data/gold/datasets/v8/train_val,vit_b_16,0,ViT,0.11459988353719466,"{'architecture': 'vit_b_16', 'pretrained': True, 'unfreeze_layers': 3, 'hidden_units': 512, 'dropout': 0.11459988353719466, 'weights': 'IMAGENET1K_V1'}",{},32,auto,15,v8,512,True,1.5408024720772526,50.56312981624185,1.1294205196814072e-05,0.021505376344086023,0.3088235294117647,0.1099476439790576,0.24324324324324326,0.07253886010362694,0.1686746987951807,0.02040816326530612,0.022727272727272728,0.16216216216216217,0.2571428571428571,0.23076923076923078,0.10144927536231885,0.03571428571428571,0.06896551724137931,0.504424778761062,0.34545454545454546,0.12871287128712872,0.20967741935483872,0.11904761904761904,0.21551724137931033,0.1,0.2936708860759494,0.047058823529411764,0.41007194244604317,0.15337423312883436,0.15950920245398773,0.2914572864321608,0.29591836734693877,0.08536585365853659,0.1206896551724138,0.23399033506238365,0.23715415019762845,0.19496381568750026,0.1926019777233647,0.6446817429132643,0.1943796002784411,0.16480654755726037,0.11652220098723173,0.10947466865870237,23.715415019762844,2.1443206906318664,21.897233201581027,8.0,0.6458333120578349,0.5594209471739571,0.6199096025926715
468fb1bb65a0414ba8a1c396c43c1f08,2,42,"{'data_dir': 'data/gold/datasets/v8/train_val', 'experiment_name': 'ViT', 'mlflow_uri': 'file:///mlruns', 'dataset_name': 'v8', 'max_epochs': 30, 'batch_size': 32, 'num_workers': 0, 'device': 'auto', 'seed': 42}",30,"{'type': 'AdamW', 'params': {'lr': 6.729596646792102e-05, 'weight_decay': 0.020623196560647122}}","{'type': 'CrossEntropyLoss', 'params': {'label_smoothing': 0.0907566473926093}}","[{'class_path': 'src.utils.callbacks.EarlyStopping', 'init_args': {'patience': 7, 'verbose': True}}, {'class_path': 'src.utils.callbacks.ModelCheckpoint', 'init_args': {'filepath': 'best_vit.pth', 'monitor': 'val_loss', 'save_best_only': True}}]",{'use_augmentation': False},file:///mlruns,IMAGENET1K_V1,"{'type': 'CosineAnnealingWarmRestarts', 'params': {'T_0': 10, 'T_mult': 1, 'eta_min': 1e-06}}",10,vit,data/gold/datasets/v8/train_val,vit_b_32,0,ViT,0.009428755706020276,"{'architecture': 'vit_b_32', 'pretrained': True, 'unfreeze_layers': 2, 'hidden_units': 512, 'dropout': 0.009428755706020276, 'weights': 'IMAGENET1K_V1'}",{},32,auto,15,v8,512,True,1.2082290397852076,65.83679114799446,5.937787664205979e-05,0.14184397163120568,0.20588235294117646,0.07291666666666667,0.20512820512820512,0.16580310880829016,0.16243654822335024,0.10309278350515463,0.22727272727272727,0.1076923076923077,0.20512820512820512,0.20512820512820512,0.1641025641025641,0.03731343283582089,0.1724137931034483,0.3584070796460177,0.3176470588235294,0.08415841584158416,0.1574074074074074,0.11428571428571428,0.25806451612903225,0.09195402298850575,0.17034700315457413,0.06134969325153374,0.3367983367983368,0.15841584158415842,0.10967741935483871,0.2231404958677686,0.1377551020408163,0.13793103448275862,0.06896551724137931,0.20532216949016968,0.21106719367588933,0.17432645522872497,0.16448636298179944,0.6107112437849229,0.20595770501603705,0.16665274219268864,0.08235179939288154,0.08210101709259399,21.106719367588934,2.4303114891052244,17.549407114624508,7.0,0.5026041501095249,0.4204600980620506,0.47796093449528254
bce52750fe834a34b5fe27a2774979bd,4,42,"{'data_dir': 'data/gold/datasets/v8/train_val', 'experiment_name': 'ViT', 'mlflow_uri': 'file:///mlruns', 'dataset_name': 'v8', 'max_epochs': 30, 'batch_size': 32, 'num_workers': 0, 'device': 'auto', 'seed': 42}",30,"{'type': 'AdamW', 'params': {'lr': 4.2364208168417145e-05, 'weight_decay': 0.08390160830753765}}","{'type': 'CrossEntropyLoss', 'params': {'label_smoothing': 0.04705683219866982}}","[{'class_path': 'src.utils.callbacks.EarlyStopping', 'init_args': {'patience': 7, 'verbose': True}}, {'class_path': 'src.utils.callbacks.ModelCheckpoint', 'init_args': {'filepath': 'best_vit.pth', 'monitor': 'val_loss', 'save_best_only': True}}]","{'use_augmentation': True, 'per_image_aug_method': 'basic', 'basic_params': {'n_augments': 1, 'rotation_range': 44, 'horizontal_flip_prob': 0.9318168201470013, 'brightness_range': 0.25545521585701714, 'contrast_range': 0.04505271516350243, 'width_shift_range': 0.014687890026438583}, 'batch_level_aug_method': 'cutmix', 'mix_alpha': 0.7057013514962679}",file:///mlruns,IMAGENET1K_V1,"{'type': 'ReduceLROnPlateau', 'params': {'mode': 'min', 'patience': 3, 'factor': 0.22930113826023468, 'min_lr': 1e-07}}",10,vit,data/gold/datasets/v8/train_val,vit_b_16,0,ViT,0.17382166768597002,"{'architecture': 'vit_b_16', 'pretrained': True, 'unfreeze_layers': 4, 'hidden_units': 256, 'dropout': 0.17382166768597002, 'weights': 'IMAGENET1K_V1'}",{},32,auto,15,v8,256,True,2.2595346000820626,14.918000395178819,2.2274682099728614e-06,0.05128205128205128,0.014705882352941176,0.02857142857142857,0.2018348623853211,0.0,0.0,0.058823529411764705,0.045454545454545456,0.019417475728155338,0.12290502793296089,0.5641025641025641,0.0,0.041353383458646614,0.3793103448275862,0.7389380530973452,0.2638230647709321,0.024752475247524754,0.13513513513513514,0.0,0.0,0.10526315789473684,0.0,0.07457627118644068,0.38882421420256114,0.0,0.04184100418410042,0.0,0.0,0.09333333333333334,0.1206896551724138,0.12412074688540746,0.1865612648221344,0.14915887144989168,0.09841408154530398,0.6186558001605742,0.10659682428847134,0.09267566553864405,0.06404312551851811,0.052092200879830686,18.656126482213438,2.1916851162910462,16.99604743083004,13.0,0.4843749840433762,0.3460041727879624,0.44286374066675205
b13ac33364d5491994bd590059ebdb30,2,42,"{'data_dir': 'data/gold/datasets/v8/train_val', 'experiment_name': 'ViT', 'mlflow_uri': 'file:///mlruns', 'dataset_name': 'v8', 'max_epochs': 30, 'batch_size': 32, 'num_workers': 0, 'device': 'auto', 'seed': 42}",30,"{'type': 'AdamW', 'params': {'lr': 1.0352685037878997e-05, 'weight_decay': 0.047811271276683255}}","{'type': 'CrossEntropyLoss', 'params': {'label_smoothing': 0.03822284875834259}}","[{'class_path': 'src.utils.callbacks.EarlyStopping', 'init_args': {'patience': 7, 'verbose': True}}, {'class_path': 'src.utils.callbacks.ModelCheckpoint', 'init_args': {'filepath': 'best_vit.pth', 'monitor': 'val_loss', 'save_best_only': True}}]","{'use_augmentation': True, 'per_image_aug_method': 'basic', 'basic_params': {'n_augments': 3, 'rotation_range': 11, 'horizontal_flip_prob': 0.23770525190699926, 'brightness_range': 0.0681417034952636, 'contrast_range': 0.22967479504043464, 'width_shift_range': 0.13466046058235467}, 'batch_level_aug_method': 'cutmix', 'mix_alpha': 0.2516345153834624}",file:///mlruns,IMAGENET1K_V1,"{'type': 'ReduceLROnPlateau', 'params': {'mode': 'min', 'patience': 8, 'factor': 0.12110150111912028, 'min_lr': 1e-07}}",10,vit,data/gold/datasets/v8/train_val,vit_b_16,0,ViT,0.07688498329496936,"{'architecture': 'vit_b_16', 'pretrained': True, 'unfreeze_layers': 2, 'hidden_units': 256, 'dropout': 0.07688498329496936, 'weights': 'IMAGENET1K_V1'}",{},32,auto,15,v8,256,True,2.303740806481603,10.748863860897055,1.0352685037878997e-05,0.0679304897314376,0.0,0.0,0.0,0.0,0.0,0.03518821603927987,0.9772727272727273,0.0,0.0,0.0,0.0,0.0,0.0,0.0,0.0,0.0,0.0,0.0380952380952381,0.3333333333333333,0.0,0.0,0.0,0.0,0.06837606837606838,0.0,0.0,0.0,0.0,0.0,,,,,,,,,,,2.3069663673639296,4.0316205533596845,,0.057291664779324084,,
25a43a1547d44567a69f1014929c5d5f,1,42,"{'data_dir': 'data/gold/datasets/v8/train_val', 'experiment_name': 'ViT', 'mlflow_uri': 'file:///mlruns', 'dataset_name': 'v8', 'max_epochs': 30, 'batch_size': 32, 'num_workers': 0, 'device': 'auto', 'seed': 42}",30,"{'type': 'AdamW', 'params': {'lr': 6.671771392675698e-05, 'weight_decay': 0.03433797531418577}}","{'type': 'CrossEntropyLoss', 'params': {'label_smoothing': 0.0835302495589238}}","[{'class_path': 'src.utils.callbacks.EarlyStopping', 'init_args': {'patience': 7, 'verbose': True}}, {'class_path': 'src.utils.callbacks.ModelCheckpoint', 'init_args': {'filepath': 'best_vit.pth', 'monitor': 'val_loss', 'save_best_only': True}}]",{'use_augmentation': False},file:///mlruns,IMAGENET1K_V1,"{'type': 'CosineAnnealingWarmRestarts', 'params': {'T_0': 5, 'T_mult': 1, 'eta_min': 1e-06}}",10,vit,data/gold/datasets/v8/train_val,vit_b_32,0,ViT,0.18969174917807383,"{'architecture': 'vit_b_32', 'pretrained': True, 'unfreeze_layers': 1, 'hidden_units': 256, 'dropout': 0.18969174917807383, 'weights': 'IMAGENET1K_V1'}",{},32,auto,15,v8,256,True,1.0266842385615975,74.45168938944873,3.7820112235838686e-05,0.02666666666666667,0.1323529411764706,0.12,0.22033898305084745,0.09844559585492228,0.16379310344827586,0.03225806451612903,0.022727272727272728,0.1258741258741259,0.16455696202531644,0.3333333333333333,0.12297734627831715,0.05,0.06896551724137931,0.34513274336283184,0.33191489361702126,0.13861386138613863,0.20437956204379562,0.319047619047619,0.19142857142857142,0.017241379310344827,0.17058823529411765,0.057971014492753624,0.3383947939262473,0.2392857142857143,0.16519174041297935,0.2013888888888889,0.14795918367346939,0.017241379310344827,0.017241379310344827,0.19780277478611555,0.2134387351778656,0.18274636099323066,0.1633347754380816,0.6279738907733362,0.19212465848963953,0.16293326059261976,0.0868541595385766,0.084691863652957,21.34387351778656,2.36624618768692,19.525691699604746,16.0,0.5677083146314841,0.4387698562053918,0.5290267771036563
c42ca383bd024cdc8fb025c2191f5723,4,42,"{'data_dir': 'data/gold/datasets/v8/train_val', 'experiment_name': 'ViT', 'mlflow_uri': 'file:///mlruns', 'dataset_name': 'v8', 'max_epochs': 30, 'batch_size': 32, 'num_workers': 0, 'device': 'auto', 'seed': 42}",30,"{'type': 'AdamW', 'params': {'lr': 1.7362439142946535e-05, 'weight_decay': 0.010361776126264209}}","{'type': 'CrossEntropyLoss', 'params': {'label_smoothing': 0.0398966338320572}}","[{'class_path': 'src.utils.callbacks.EarlyStopping', 'init_args': {'patience': 7, 'verbose': True}}, {'class_path': 'src.utils.callbacks.ModelCheckpoint', 'init_args': {'filepath': 'best_vit.pth', 'monitor': 'val_loss', 'save_best_only': True}}]","{'use_augmentation': True, 'per_image_aug_method': 'none', 'batch_level_aug_method': 'mixup', 'mix_alpha': 0.4219688326508989}",file:///mlruns,IMAGENET1K_V1,"{'type': 'ReduceLROnPlateau', 'params': {'mode': 'min', 'patience': 5, 'factor': 0.36423969833138325, 'min_lr': 1e-07}}",10,vit,data/gold/datasets/v8/train_val,vit_b_16,0,ViT,0.05337546305384991,"{'architecture': 'vit_b_16', 'pretrained': True, 'unfreeze_layers': 4, 'hidden_units': 256, 'dropout': 0.05337546305384991, 'weights': 'IMAGENET1K_V1'}",{},32,auto,15,v8,256,True,1.6749922914293958,45.60363564512942,6.324089595723846e-06,0.11650485436893204,0.17647058823529413,0.10084033613445378,0.25862068965517243,0.04145077720207254,0.17777777777777778,0.1016949152542373,0.13636363636363635,0.12834224598930483,0.19480519480519481,0.38461538461538464,0.06722689075630252,0.02631578947368421,0.06896551724137931,0.5486725663716814,0.3502824858757062,0.1188118811881188,0.21052631578947367,0.04285714285714286,0.28125,0.1630901287553648,0.23902439024390243,0.0380952380952381,0.42758620689655175,0.0743801652892562,0.1518987341772152,0.22897196261682243,0.25,0.10857142857142857,0.3275862068965517,0.16252904269965043,0.2158102766798419,0.18352320638693304,0.13218875226815402,0.6574805674394291,0.14764029006113594,0.12793789737735312,0.10305401503559236,0.09132644268436974,21.58102766798419,2.121298077702522,21.18577075098814,5.0,0.6223958128299296,0.5046498450354823,0.5870720224915954
15164ebde28c4edaa883015f206b58eb,3,42,"{'data_dir': 'data/gold/datasets/v8/train_val', 'experiment_name': 'ViT', 'mlflow_uri': 'file:///mlruns', 'dataset_name': 'v8', 'max_epochs': 30, 'batch_size': 32, 'num_workers': 0, 'device': 'auto', 'seed': 42}",30,"{'type': 'AdamW', 'params': {'lr': 2.5310284897569928e-05, 'weight_decay': 0.06466499131297945}}","{'type': 'CrossEntropyLoss', 'params': {'label_smoothing': 0.0596611561360512}}","[{'class_path': 'src.utils.callbacks.EarlyStopping', 'init_args': {'patience': 7, 'verbose': True}}, {'class_path': 'src.utils.callbacks.ModelCheckpoint', 'init_args': {'filepath': 'best_vit.pth', 'monitor': 'val_loss', 'save_best_only': True}}]","{'use_augmentation': True, 'per_image_aug_method': 'none', 'batch_level_aug_method': 'cutmix', 'mix_alpha': 0.36627282899729496}",file:///mlruns,IMAGENET1K_V1,"{'type': 'ReduceLROnPlateau', 'params': {'mode': 'min', 'patience': 5, 'factor': 0.47765280729375836, 'min_lr': 1e-07}}",10,vit,data/gold/datasets/v8/train_val,vit_b_16,0,ViT,0.10794329013034205,"{'architecture': 'vit_b_16', 'pretrained': True, 'unfreeze_layers': 3, 'hidden_units': 512, 'dropout': 0.10794329013034205, 'weights': 'IMAGENET1K_V1'}",{},32,auto,15,v8,512,True,1.764135884663918,41.21715076071923,1.208952863472909e-05,0.06451612903225806,0.3088235294117647,0.13548387096774195,0.29357798165137616,0.11398963730569948,0.21153846153846154,0.061224489795918366,0.06818181818181818,0.18834080717488788,0.22857142857142856,0.41025641025641024,0.14814814814814814,0.045454545454545456,0.20689655172413793,0.5132743362831859,0.327683615819209,0.06435643564356436,0.16883116883116883,0.08095238095238096,0.265625,0.1267605633802817,0.3279569892473118,0.07453416149068323,0.4,0.12408759124087591,0.0931899641577061,0.3465909090909091,0.3112244897959184,0.10714285714285714,0.15517241379310345,0.23798728740028355,0.22450592885375495,0.22331280033479833,0.189814634721224,0.6420060669252596,0.20929957202727897,0.1841112335523529,0.12506937998150294,0.12146123311809354,22.450592885375496,2.1116848260164263,22.450592885375496,16.0,0.6640624781239836,0.5941797792373109,0.6430976684579818
296e49f14caf4a909b1c55ff831064ce,2,42,"{'data_dir': 'data/gold/datasets/v8/train_val', 'experiment_name': 'ViT', 'mlflow_uri': 'file:///mlruns', 'dataset_name': 'v8', 'max_epochs': 30, 'batch_size': 32, 'num_workers': 0, 'device': 'auto', 'seed': 42}",30,"{'type': 'AdamW', 'params': {'lr': 0.00010262241323903646, 'weight_decay': 0.0759449325571883}}","{'type': 'CrossEntropyLoss', 'params': {'label_smoothing': 0.06602610547729255}}","[{'class_path': 'src.utils.callbacks.EarlyStopping', 'init_args': {'patience': 7, 'verbose': True}}, {'class_path': 'src.utils.callbacks.ModelCheckpoint', 'init_args': {'filepath': 'best_vit.pth', 'monitor': 'val_loss', 'save_best_only': True}}]","{'use_augmentation': True, 'per_image_aug_method': 'basic', 'basic_params': {'n_augments': 1, 'rotation_range': 17, 'horizontal_flip_prob': 0.965684805178014, 'brightness_range': 0.29675189272529884, 'contrast_range': 0.023437482261958242, 'width_shift_range': 0.15135060099601164}, 'batch_level_aug_method': 'cutmix', 'mix_alpha': 0.39674445651137497}",file:///mlruns,IMAGENET1K_V1,"{'type': 'ReduceLROnPlateau', 'params': {'mode': 'min', 'patience': 6, 'factor': 0.33991524455964733, 'min_lr': 1e-07}}",10,vit,data/gold/datasets/v8/train_val,vit_b_32,0,ViT,0.12912489656458465,"{'architecture': 'vit_b_32', 'pretrained': True, 'unfreeze_layers': 2, 'hidden_units': 512, 'dropout': 0.12912489656458465, 'weights': 'IMAGENET1K_V1'}",{},32,auto,15,v8,512,True,2.273115720939222,14.048606994665086,0.00010262241323903646,0.0,0.08823529411764706,0.05555555555555555,0.19923371647509577,0.0,0.0,0.0,0.0,0.06818181818181818,0.11711711711711711,0.6666666666666666,0.0,0.05084745762711865,0.10344827586206896,0.7433628318584071,0.22192866578599735,0.08415841584158416,0.2236842105263158,0.0,0.0,0.022222222222222223,0.0,0.06818181818181818,0.34181078331637843,0.0,0.1223021582733813,0.0,0.0,0.03125,0.017241379310344827,0.17713789388330595,0.19525691699604744,0.18869017563453871,0.13297929927856264,0.6208505154974465,0.12021870066390046,0.09830575385302902,0.08575128172874762,0.07513500197861633,19.525691699604746,2.189568096399307,17.470355731225297,20.0,0.49999998352864644,0.43428478053259506,0.480285422629831
548228bc515e44a9be83c6bb0cbf8df0,3,42,"{'data_dir': 'data/gold/datasets/v8/train_val', 'experiment_name': 'ViT', 'mlflow_uri': 'file:///mlruns', 'dataset_name': 'v8', 'max_epochs': 30, 'batch_size': 32, 'num_workers': 0, 'device': 'auto', 'seed': 42}",30,"{'type': 'AdamW', 'params': {'lr': 3.409521276709462e-05, 'weight_decay': 0.05061607440055177}}","{'type': 'CrossEntropyLoss', 'params': {'label_smoothing': 0.05103401448693126}}","[{'class_path': 'src.utils.callbacks.EarlyStopping', 'init_args': {'patience': 7, 'verbose': True}}, {'class_path': 'src.utils.callbacks.ModelCheckpoint', 'init_args': {'filepath': 'best_vit.pth', 'monitor': 'val_loss', 'save_best_only': True}}]","{'use_augmentation': True, 'per_image_aug_method': 'none', 'batch_level_aug_method': 'cutmix', 'mix_alpha': 0.38655463014867025}",file:///mlruns,IMAGENET1K_V1,"{'type': 'ReduceLROnPlateau', 'params': {'mode': 'min', 'patience': 6, 'factor': 0.43811953835497974, 'min_lr': 1e-07}}",10,vit,data/gold/datasets/v8/train_val,vit_b_16,0,ViT,0.09961819622459972,"{'architecture': 'vit_b_16', 'pretrained': True, 'unfreeze_layers': 3, 'hidden_units': 512, 'dropout': 0.09961819622459972, 'weights': 'IMAGENET1K_V1'}",{},32,auto,15,v8,512,True,1.5101466886117698,50.70144240268721,3.409521276709462e-05,0.03225806451612903,0.07352941176470588,0.11904761904761904,0.29411764705882354,0.09326424870466321,0.2465753424657534,0.05555555555555555,0.022727272727272728,0.09090909090909091,0.3448275862068966,0.2564102564102564,0.13533834586466165,0.05555555555555555,0.034482758620689655,0.4557522123893805,0.329073482428115,0.0594059405940594,0.14285714285714285,0.06190476190476191,0.15476190476190477,0.16091954022988506,0.32748538011695905,0.0425531914893617,0.3821892393320965,0.08843537414965986,0.08391608391608392,0.22950819672131148,0.5714285714285714,0.1206896551724138,0.2413793103448276,0.20926586456840368,0.25138339920948616,0.20623356358151276,0.19215567888439508,0.6590256283416186,0.18645144557671345,0.17108860044494495,0.13888888051528553,0.12735170431408938,25.138339920948617,2.1099351793527603,22.845849802371543,11.0,0.6770833110283754,0.6503795731781111,0.6690721896732961
2c1741f8c6f24b9c96c6a52117c5158d,1,42,"{'data_dir': 'data/gold/datasets/v8/train_val', 'experiment_name': 'ViT', 'mlflow_uri': 'file:///mlruns', 'dataset_name': 'v8', 'max_epochs': 30, 'batch_size': 32, 'num_workers': 0, 'device': 'auto', 'seed': 42}",30,"{'type': 'AdamW', 'params': {'lr': 2.1821895922386873e-05, 'weight_decay': 0.07240306297859145}}","{'type': 'CrossEntropyLoss', 'params': {'label_smoothing': 0.0777189320724154}}","[{'class_path': 'src.utils.callbacks.EarlyStopping', 'init_args': {'patience': 7, 'verbose': True}}, {'class_path': 'src.utils.callbacks.ModelCheckpoint', 'init_args': {'filepath': 'best_vit.pth', 'monitor': 'val_loss', 'save_best_only': True}}]",{'use_augmentation': False},file:///mlruns,IMAGENET1K_V1,"{'type': 'CosineAnnealingWarmRestarts', 'params': {'T_0': 13, 'T_mult': 1, 'eta_min': 1e-06}}",10,vit,data/gold/datasets/v8/train_val,vit_b_16,0,ViT,0.0676570709230918,"{'architecture': 'vit_b_16', 'pretrained': True, 'unfreeze_layers': 1, 'hidden_units': 512, 'dropout': 0.0676570709230918, 'weights': 'IMAGENET1K_V1'}",{},32,auto,15,v8,512,True,1.8162771492837282,39.95257854179016,2.023620101510593e-05,0.11688311688311688,0.11764705882352941,0.08163265306122448,0.25742574257425743,0.07772020725388601,0.18518518518518517,0.08181818181818182,0.20454545454545456,0.0963855421686747,0.20967741935483872,0.3333333333333333,0.10948905109489052,0.04878048780487805,0.20689655172413793,0.5442477876106194,0.3153846153846154,0.12871287128712872,0.20967741935483872,0.014285714285714285,0.21428571428571427,0.1103448275862069,0.25806451612903225,0.07894736842105263,0.39935064935064934,0.026785714285714284,0.15950920245398773,0.2727272727272727,0.24489795918367346,0.09195402298850575,0.13793103448275862,0.2149434428652676,0.20474308300395258,0.20102179725302358,0.17111229719652551,0.6485335506581011,0.18200576231343085,0.16131857309475828,0.10198156300663255,0.09837023790714838,20.474308300395258,2.148635599017143,20.474308300395258,15.0,0.5989583136020243,0.5002885019542619,0.5693573701076956
26335ec9d2d849e2af7edd3c2b623e05,1,42,"{'data_dir': 'data/gold/datasets/v8/train_val', 'experiment_name': 'ViT', 'mlflow_uri': 'file:///mlruns', 'dataset_name': 'v8', 'max_epochs': 30, 'batch_size': 32, 'num_workers': 0, 'device': 'auto', 'seed': 42}",30,"{'type': 'AdamW', 'params': {'lr': 2.7611368214120168e-05, 'weight_decay': 0.02234650323094516}}","{'type': 'CrossEntropyLoss', 'params': {'label_smoothing': 0.08971102599525771}}","[{'class_path': 'src.utils.callbacks.EarlyStopping', 'init_args': {'patience': 7, 'verbose': True}}, {'class_path': 'src.utils.callbacks.ModelCheckpoint', 'init_args': {'filepath': 'best_vit.pth', 'monitor': 'val_loss', 'save_best_only': True}}]",{'use_augmentation': False},file:///mlruns,IMAGENET1K_V1,"{'type': 'CosineAnnealingWarmRestarts', 'params': {'T_0': 12, 'T_mult': 1, 'eta_min': 1e-06}}",10,vit,data/gold/datasets/v8/train_val,vit_b_16,0,ViT,0.18993043718198038,"{'architecture': 'vit_b_16', 'pretrained': True, 'unfreeze_layers': 1, 'hidden_units': 512, 'dropout': 0.18993043718198038, 'weights': 'IMAGENET1K_V1'}",{},32,auto,15,v8,512,True,2.297206241183308,11.598498320490021,2.7611368214120168e-05,0.05,0.0,0.0,0.08056872037914692,0.03626943005181347,0.125,0.03205128205128205,0.11363636363636363,0.0,0.044386422976501305,0.4358974358974359,0.05622489959839357,0.02867383512544803,0.5517241379310345,0.004424778761061947,1.0,0.06435643564356436,0.13978494623655913,0.0,0.0,0.0273972602739726,0.0,0.054514480408858604,0.00881057268722467,0.0,0.08813559322033898,0.0,0.0,0.06666666666666667,0.017241379310344827,,,,,,,,,,,2.308414912223816,4.743083003952568,,0.08072916400722933,,
c49c2a159d504ca1966210f457e7877b,1,42,"{'data_dir': 'data/gold/datasets/v8/train_val', 'experiment_name': 'ViT', 'mlflow_uri': 'file:///mlruns', 'dataset_name': 'v8', 'max_epochs': 30, 'batch_size': 32, 'num_workers': 0, 'device': 'auto', 'seed': 42}",30,"{'type': 'AdamW', 'params': {'lr': 1.0210451114512968e-05, 'weight_decay': 0.03241509528627272}}","{'type': 'CrossEntropyLoss', 'params': {'label_smoothing': 0.011986536733368282}}","[{'class_path': 'src.utils.callbacks.EarlyStopping', 'init_args': {'patience': 7, 'verbose': True}}, {'class_path': 'src.utils.callbacks.ModelCheckpoint', 'init_args': {'filepath': 'best_vit.pth', 'monitor': 'val_loss', 'save_best_only': True}}]","{'use_augmentation': True, 'per_image_aug_method': 'advanced', 'advanced_params': {'p_distort': 0.4789092957027719, 'p_noise': 0.34243611386932515, 'p_dropout': 0.22668075130208468, 'num_holes': 11, 'crop_scale_min': 0.7607344153798229}, 'batch_level_aug_method': 'mixup', 'mix_alpha': 0.6314737935325206}",file:///mlruns,IMAGENET1K_V1,"{'type': 'ReduceLROnPlateau', 'params': {'mode': 'min', 'patience': 5, 'factor': 0.1888431241882921, 'min_lr': 1e-07}}",10,vit,data/gold/datasets/v8/train_val,vit_b_16,0,ViT,0.258219174976903,"{'architecture': 'vit_b_16', 'pretrained': True, 'unfreeze_layers': 1, 'hidden_units': 512, 'dropout': 0.258219174976903, 'weights': 'IMAGENET1K_V1'}",{},32,auto,15,v8,512,True,2.3027783287676207,10.333926101560957,1.928173487836458e-06,0.0,0.0,0.0,0.0,0.0,0.0,0.0,0.0,0.0,0.0,0.0,0.0,0.022961203483768806,1.0,0.0,0.0,0.0,0.0,0.0,0.0,0.0,0.0,0.04489164086687306,0.0,0.0,0.0,0.0,0.0,0.0,0.0,0.10463237904540865,0.1541501976284585,0.1095744000870652,0.07246526616275784,0.5254510545698848,0.09768238649743907,0.0705878017778792,0.01145985114927501,0.009019166552575952,15.41501976284585,2.313497042655945,2.292490118577075,2.0,0.0,0.1321636524985396,0.03964909574956187
064e04ae52254f04bce456ea1a8ceeb5,3,42,"{'data_dir': 'data/gold/datasets/v8/train_val', 'experiment_name': 'ViT', 'mlflow_uri': 'file:///mlruns', 'dataset_name': 'v8', 'max_epochs': 30, 'batch_size': 32, 'num_workers': 0, 'device': 'auto', 'seed': 42}",30,"{'type': 'AdamW', 'params': {'lr': 5.2446003216785046e-05, 'weight_decay': 0.048775943666130486}}","{'type': 'CrossEntropyLoss', 'params': {'label_smoothing': 0.07876368864108313}}","[{'class_path': 'src.utils.callbacks.EarlyStopping', 'init_args': {'patience': 7, 'verbose': True}}, {'class_path': 'src.utils.callbacks.ModelCheckpoint', 'init_args': {'filepath': 'best_vit.pth', 'monitor': 'val_loss', 'save_best_only': True}}]","{'use_augmentation': True, 'per_image_aug_method': 'none', 'batch_level_aug_method': 'cutmix', 'mix_alpha': 0.21074660198133507}",file:///mlruns,IMAGENET1K_V1,"{'type': 'CosineAnnealingWarmRestarts', 'params': {'T_0': 15, 'T_mult': 1, 'eta_min': 1e-06}}",10,vit,data/gold/datasets/v8/train_val,vit_b_16,0,ViT,0.12364398756818121,"{'architecture': 'vit_b_16', 'pretrained': True, 'unfreeze_layers': 3, 'hidden_units': 512, 'dropout': 0.12364398756818121, 'weights': 'IMAGENET1K_V1'}",{},32,auto,15,v8,512,True,1.5243839167295485,53.38865836791148,4.9947528264760584e-05,0.11764705882352941,0.08823529411764706,0.13333333333333333,0.3037974683544304,0.19170984455958548,0.23270440251572327,0.16666666666666666,0.09090909090909091,0.10619469026548672,0.3,0.3076923076923077,0.21022727272727273,0.0,0.0,0.5442477876106194,0.3297587131367292,0.07425742574257425,0.28846153846153844,0.21904761904761905,0.24338624338624337,0.09876543209876543,0.3450834879406308,0.0,0.41068447412353926,0.23057644110275688,0.11811023622047244,0.27113702623906705,0.4744897959183674,0.17391304347826086,0.06896551724137931,0.25308108648171823,0.26877470355731226,0.20595546828391909,0.21393609672175623,0.6369244319814935,0.2397458060289337,0.19410865616568843,0.14359004431724137,0.1398132050297174,26.877470355731226,2.0863118022680283,26.877470355731226,17.0,0.8098958066531721,0.6694978065980531,0.7677764066366364
fb20c32d78de42a6b38d693887e9cabb,2,42,"{'data_dir': 'data/gold/datasets/v8/train_val', 'experiment_name': 'ViT', 'mlflow_uri': 'file:///mlruns', 'dataset_name': 'v8', 'max_epochs': 30, 'batch_size': 32, 'num_workers': 0, 'device': 'auto', 'seed': 42}",30,"{'type': 'AdamW', 'params': {'lr': 3.349329431561247e-05, 'weight_decay': 0.0807911032343011}}","{'type': 'CrossEntropyLoss', 'params': {'label_smoothing': 0.028450007942646235}}","[{'class_path': 'src.utils.callbacks.EarlyStopping', 'init_args': {'patience': 7, 'verbose': True}}, {'class_path': 'src.utils.callbacks.ModelCheckpoint', 'init_args': {'filepath': 'best_vit.pth', 'monitor': 'val_loss', 'save_best_only': True}}]","{'use_augmentation': True, 'per_image_aug_method': 'advanced', 'advanced_params': {'p_distort': 0.21648825091944826, 'p_noise': 0.3979716059159516, 'p_dropout': 0.10195425714747146, 'num_holes': 4, 'crop_scale_min': 0.6160123960992945}, 'batch_level_aug_method': 'cutmix', 'mix_alpha': 0.2314595483788368}",file:///mlruns,IMAGENET1K_V1,"{'type': 'ReduceLROnPlateau', 'params': {'mode': 'min', 'patience': 7, 'factor': 0.4169870836683991, 'min_lr': 1e-07}}",10,vit,data/gold/datasets/v8/train_val,vit_b_16,0,ViT,0.09700487633407236,"{'architecture': 'vit_b_16', 'pretrained': True, 'unfreeze_layers': 2, 'hidden_units': 512, 'dropout': 0.09700487633407236, 'weights': 'IMAGENET1K_V1'}",{},32,auto,15,v8,512,True,2.2453027778735537,14.79944674965422,3.349329431561247e-05,0.0,0.014705882352941176,0.06666666666666667,0.07982740021574973,0.0,0.0,0.0,0.0,0.024096385542168676,0.041666666666666664,0.9487179487179487,0.0,0.034482758620689655,0.034482758620689655,0.02654867256637168,0.6,0.12871287128712872,0.15384615384615385,0.014285714285714285,0.1111111111111111,0.07741935483870968,0.00980392156862745,0.034482758620689655,0.05084745762711865,0.02531645569620253,0.14016172506738545,0.125,0.00510204081632653,0.061855670103092786,0.10344827586206896,0.0915533570436597,0.18814229249011857,0.11700242473226914,0.05701589169794348,0.5541436846686558,0.11928213135271835,0.07420876822877769,0.03782430150992675,0.032865978214908886,18.814229249011856,2.5561366617679595,6.403162055335969,0.0,0.13541666220567508,0.23938002215018062,0.16660567018902672
8023982b29da4e4f8b29082c55fc825a,3,42,"{'data_dir': 'data/gold/datasets/v8/train_val', 'experiment_name': 'ViT', 'mlflow_uri': 'file:///mlruns', 'dataset_name': 'v8', 'max_epochs': 30, 'batch_size': 32, 'num_workers': 0, 'device': 'auto', 'seed': 42}",30,"{'type': 'AdamW', 'params': {'lr': 0.00013011406834988594, 'weight_decay': 0.055110958505363655}}","{'type': 'CrossEntropyLoss', 'params': {'label_smoothing': 0.08554012895258231}}","[{'class_path': 'src.utils.callbacks.EarlyStopping', 'init_args': {'patience': 7, 'verbose': True}}, {'class_path': 'src.utils.callbacks.ModelCheckpoint', 'init_args': {'filepath': 'best_vit.pth', 'monitor': 'val_loss', 'save_best_only': True}}]",{'use_augmentation': False},file:///mlruns,IMAGENET1K_V1,"{'type': 'CosineAnnealingWarmRestarts', 'params': {'T_0': 13, 'T_mult': 1, 'eta_min': 1e-06}}",10,vit,data/gold/datasets/v8/train_val,vit_b_32,0,ViT,0.1660231055427822,"{'architecture': 'vit_b_32', 'pretrained': True, 'unfreeze_layers': 3, 'hidden_units': 512, 'dropout': 0.1660231055427822, 'weights': 'IMAGENET1K_V1'}",{},32,auto,15,v8,512,True,1.3010477408239716,60.62043074491207,0.00012090698384012085,0.10126582278481013,0.029411764705882353,0.05714285714285714,0.04081632653061224,0.04145077720207254,0.16326530612244897,0.11428571428571428,0.09090909090909091,0.038834951456310676,0.1,0.02564102564102564,0.06611570247933884,0.023255813953488372,0.034482758620689655,0.5663716814159292,0.2922374429223744,0.10891089108910891,0.20952380952380953,0.11904761904761904,0.2066115702479339,0.13513513513513514,0.26542056074766357,0.027777777777777776,0.3855421686746988,0.1510574018126888,0.14332247557003258,0.20943952802359883,0.3622448979591837,0.1111111111111111,0.1724137931034483,0.21431808147083334,0.22055335968379447,0.1681436645344733,0.1668701525450232,0.574883795947801,0.2105128252258632,0.16075161101366367,0.09245077398669695,0.09153150239737706,22.055335968379445,2.348548185825348,21.50197628458498,8.0,0.6328124791534431,0.4615296207845519,0.5814276216427756
db17b0f3b6894fdb922264fe22dad5f3,3,42,"{'data_dir': 'data/gold/datasets/v8/train_val', 'experiment_name': 'ViT', 'mlflow_uri': 'file:///mlruns', 'dataset_name': 'v8', 'max_epochs': 30, 'batch_size': 32, 'num_workers': 0, 'device': 'auto', 'seed': 42}",30,"{'type': 'AdamW', 'params': {'lr': 0.00016546792209949445, 'weight_decay': 0.013725271504644188}}","{'type': 'CrossEntropyLoss', 'params': {'label_smoothing': 0.011347352124058907}}","[{'class_path': 'src.utils.callbacks.EarlyStopping', 'init_args': {'patience': 7, 'verbose': True}}, {'class_path': 'src.utils.callbacks.ModelCheckpoint', 'init_args': {'filepath': 'best_vit.pth', 'monitor': 'val_loss', 'save_best_only': True}}]",{'use_augmentation': False},file:///mlruns,IMAGENET1K_V1,"{'type': 'CosineAnnealingWarmRestarts', 'params': {'T_0': 8, 'T_mult': 1, 'eta_min': 1e-06}}",10,vit,data/gold/datasets/v8/train_val,vit_b_16,0,ViT,0.11602060389016122,"{'architecture': 'vit_b_16', 'pretrained': True, 'unfreeze_layers': 3, 'hidden_units': 512, 'dropout': 0.11602060389016122, 'weights': 'IMAGENET1K_V1'}",{},32,auto,15,v8,512,True,0.9991329793837249,64.1572811697293,0.00012726007596771711,0.07079646017699115,0.10294117647058823,0.1590909090909091,0.2028985507246377,0.04145077720207254,0.14285714285714285,0.057971014492753624,0.09090909090909091,0.125,0.23333333333333334,0.1794871794871795,0.0642570281124498,0.0,0.0,0.3938053097345133,0.3588709677419355,0.034653465346534656,0.16666666666666666,0.2761904761904762,0.1829652996845426,0.08602150537634409,0.2992125984251969,0.0,0.3755274261603376,0.22011385199240988,0.05737704918032787,0.24358974358974358,0.3877551020408163,0.0625,0.13793103448275862,0.21589185813948542,0.2339920948616601,0.17891905730540883,0.16682924837864493,0.5957128749679195,0.20503283547215018,0.15884434237852016,0.1113676148577688,0.10833453358298539,23.399209486166008,2.5697324573993683,20.869565217391305,11.0,0.6119791465064162,0.5384587801536825,0.5899230366005961
7bf4977641854236ac522c7107581c0c,3,42,"{'data_dir': 'data/gold/datasets/v8/train_val', 'experiment_name': 'ViT', 'mlflow_uri': 'file:///mlruns', 'dataset_name': 'v8', 'max_epochs': 30, 'batch_size': 32, 'num_workers': 0, 'device': 'auto', 'seed': 42}",30,"{'type': 'AdamW', 'params': {'lr': 4.273029519903547e-05, 'weight_decay': 0.04643264571060003}}","{'type': 'CrossEntropyLoss', 'params': {'label_smoothing': 0.048416859702280664}}","[{'class_path': 'src.utils.callbacks.EarlyStopping', 'init_args': {'patience': 7, 'verbose': True}}, {'class_path': 'src.utils.callbacks.ModelCheckpoint', 'init_args': {'filepath': 'best_vit.pth', 'monitor': 'val_loss', 'save_best_only': True}}]","{'use_augmentation': True, 'per_image_aug_method': 'none', 'batch_level_aug_method': 'cutmix', 'mix_alpha': 0.34530127248453213}",file:///mlruns,IMAGENET1K_V1,"{'type': 'ReduceLROnPlateau', 'params': {'mode': 'min', 'patience': 7, 'factor': 0.4534018370026319, 'min_lr': 1e-07}}",10,vit,data/gold/datasets/v8/train_val,vit_b_16,0,ViT,0.035776014712413706,"{'architecture': 'vit_b_16', 'pretrained': True, 'unfreeze_layers': 3, 'hidden_units': 512, 'dropout': 0.035776014712413706, 'weights': 'IMAGENET1K_V1'}",{},32,auto,15,v8,512,True,1.5436230759167477,50.24698676150958,4.273029519903547e-05,0.056338028169014086,0.19117647058823528,0.09558823529411764,0.34210526315789475,0.09844559585492228,0.25333333333333335,0.07407407407407407,0.045454545454545456,0.12745098039215685,0.35135135135135137,0.3333333333333333,0.1417910447761194,0.038461538461538464,0.10344827586206896,0.504424778761062,0.3247863247863248,0.11386138613861387,0.16083916083916083,0.1,0.21875,0.11920529801324503,0.31529411764705884,0.056074766355140186,0.3951473136915078,0.13725490196078433,0.13333333333333333,0.2925764192139738,0.34183673469387754,0.0967741935483871,0.15517241379310345,0.2303600943606424,0.2458498023715415,0.18782266821692833,0.1912923490628787,0.6482186461597326,0.2001273698272332,0.1648325309459268,0.12015481980503943,0.11312357522586947,24.58498023715415,2.1456549406051635,22.450592885375496,15.0,0.6640624781239836,0.5741937263006124,0.6371018525769722
946c69dfae6f4c90942b8cac6a6da778,2,42,"{'data_dir': 'data/gold/datasets/v8/train_val', 'experiment_name': 'ViT', 'mlflow_uri': 'file:///mlruns', 'dataset_name': 'v8', 'max_epochs': 30, 'batch_size': 32, 'num_workers': 0, 'device': 'auto', 'seed': 42}",30,"{'type': 'AdamW', 'params': {'lr': 5.4039776493419147e-05, 'weight_decay': 0.03850950566967751}}","{'type': 'CrossEntropyLoss', 'params': {'label_smoothing': 0.09917984134596954}}","[{'class_path': 'src.utils.callbacks.EarlyStopping', 'init_args': {'patience': 7, 'verbose': True}}, {'class_path': 'src.utils.callbacks.ModelCheckpoint', 'init_args': {'filepath': 'best_vit.pth', 'monitor': 'val_loss', 'save_best_only': True}}]","{'use_augmentation': True, 'per_image_aug_method': 'none', 'batch_level_aug_method': 'cutmix', 'mix_alpha': 0.2119328051025388}",file:///mlruns,IMAGENET1K_V1,"{'type': 'CosineAnnealingWarmRestarts', 'params': {'T_0': 15, 'T_mult': 1, 'eta_min': 1e-06}}",10,vit,data/gold/datasets/v8/train_val,vit_b_16,0,ViT,0.0847223857617791,"{'architecture': 'vit_b_16', 'pretrained': True, 'unfreeze_layers': 2, 'hidden_units': 512, 'dropout': 0.0847223857617791, 'weights': 'IMAGENET1K_V1'}",{},32,auto,15,v8,512,True,1.6762216532567207,47.95494961470065,5.136414342289678e-05,0.08602150537634409,0.058823529411764705,0.2857142857142857,0.21052631578947367,0.13471502590673576,0.18840579710144928,0.08163265306122448,0.09090909090909091,0.0975609756097561,0.17857142857142858,0.2564102564102564,0.15709969788519637,0.05825242718446602,0.41379310344827586,0.3185840707964602,0.37894736842105264,0.1485148514851485,0.21739130434782608,0.17142857142857143,0.20930232558139536,0.06015037593984962,0.27423167848699764,0.10212765957446808,0.34615384615384615,0.18848167539267016,0.17647058823529413,0.2555066079295154,0.29591836734693877,0.05333333333333334,0.06896551724137931,0.2238990758705026,0.22687747035573122,0.17656933364027477,0.19023088612641229,0.6410225091527255,0.17561226008393135,0.14605896746189234,0.10808532579738052,0.09808195609859227,22.68774703557312,2.182393345236778,20.23715415019763,4.0,0.5911458138593892,0.5251106878404305,0.5713352760537016
965a69ee08d24f65b4201eb753cf3f58,2,42,"{'data_dir': 'data/gold/datasets/v8/train_val', 'experiment_name': 'ViT', 'mlflow_uri': 'file:///mlruns', 'dataset_name': 'v8', 'max_epochs': 30, 'batch_size': 32, 'num_workers': 0, 'device': 'auto', 'seed': 42}",30,"{'type': 'AdamW', 'params': {'lr': 6.160276915942961e-05, 'weight_decay': 0.03428870642013211}}","{'type': 'CrossEntropyLoss', 'params': {'label_smoothing': 0.06617973754286026}}","[{'class_path': 'src.utils.callbacks.EarlyStopping', 'init_args': {'patience': 7, 'verbose': True}}, {'class_path': 'src.utils.callbacks.ModelCheckpoint', 'init_args': {'filepath': 'best_vit.pth', 'monitor': 'val_loss', 'save_best_only': True}}]","{'use_augmentation': True, 'per_image_aug_method': 'none', 'batch_level_aug_method': 'cutmix', 'mix_alpha': 0.548406145540439}",file:///mlruns,IMAGENET1K_V1,"{'type': 'CosineAnnealingWarmRestarts', 'params': {'T_0': 15, 'T_mult': 1, 'eta_min': 1e-06}}",10,vit,data/gold/datasets/v8/train_val,vit_b_32,0,ViT,0.09485835089032268,"{'architecture': 'vit_b_32', 'pretrained': True, 'unfreeze_layers': 2, 'hidden_units': 512, 'dropout': 0.09485835089032268, 'weights': 'IMAGENET1K_V1'}",{},32,auto,15,v8,512,True,1.9899572869153674,31.377198182177434,5.8545559795832345e-05,0.06504065040650407,0.2647058823529412,0.11612903225806452,0.16058394160583941,0.07772020725388601,0.14285714285714285,0.05063291139240506,0.09090909090909091,0.16143497757847533,0.11224489795918367,0.28205128205128205,0.10067114093959731,0.0391304347826087,0.3103448275862069,0.4026548672566372,0.30132450331125826,0.054455445544554455,0.171875,0.04285714285714286,0.28125,0.10471204188481675,0.13688212927756654,0.0694980694980695,0.3446969696969697,0.0743801652892562,0.08270676691729323,0.26865671641791045,0.09183673469387756,0.07518796992481203,0.1724137931034483,0.21406672810428495,0.19446640316205532,0.17839753302113165,0.17046621275257767,0.6139532176599415,0.13103616841220556,0.12463043564833491,0.0828554407680487,0.07082781299421748,19.44664031620553,2.230578362941742,15.494071146245059,8.0,0.4348958190066872,0.42250825757659044,0.43117955057765817
e9d05d1291754fbf89ff1312fa260867,4,42,"{'data_dir': 'data/gold/datasets/v8/train_val', 'experiment_name': 'ViT', 'mlflow_uri': 'file:///mlruns', 'dataset_name': 'v8', 'max_epochs': 30, 'batch_size': 32, 'num_workers': 0, 'device': 'auto', 'seed': 42}",30,"{'type': 'AdamW', 'params': {'lr': 9.66776661991323e-05, 'weight_decay': 0.028359793593841796}}","{'type': 'CrossEntropyLoss', 'params': {'label_smoothing': 0.027694260487849544}}","[{'class_path': 'src.utils.callbacks.EarlyStopping', 'init_args': {'patience': 7, 'verbose': True}}, {'class_path': 'src.utils.callbacks.ModelCheckpoint', 'init_args': {'filepath': 'best_vit.pth', 'monitor': 'val_loss', 'save_best_only': True}}]","{'use_augmentation': True, 'per_image_aug_method': 'basic', 'basic_params': {'n_augments': 2, 'rotation_range': 27, 'horizontal_flip_prob': 0.5011414759074377, 'brightness_range': 0.15482548640305083, 'contrast_range': 0.14310641116374026, 'width_shift_range': 0.1934868297925064}, 'batch_level_aug_method': 'cutmix', 'mix_alpha': 0.7703051565670317}",file:///mlruns,IMAGENET1K_V1,"{'type': 'ReduceLROnPlateau', 'params': {'mode': 'min', 'patience': 4, 'factor': 0.22287678693013652, 'min_lr': 1e-07}}",10,vit,data/gold/datasets/v8/train_val,vit_b_32,0,ViT,0.29683837665963453,"{'architecture': 'vit_b_32', 'pretrained': True, 'unfreeze_layers': 4, 'hidden_units': 256, 'dropout': 0.29683837665963453, 'weights': 'IMAGENET1K_V1'}",{},32,auto,15,v8,256,True,2.302940852650068,9.72139893301719,2.154720761036687e-05,0.0,0.0,0.0,0.0,0.0,0.0,0.0,0.0,0.0,0.0,0.0,0.0,0.0,0.0,0.0,0.0,0.0,0.0,1.0,0.16600790513833993,0.0,0.0,0.0,0.0,0.2847457627118644,0.0,0.0,0.0,0.0,0.0,0.06762172954756061,0.19525691699604744,0.11188790560471976,0.03925882761502828,0.4926295199457097,0.09784371821875026,0.05659274634039764,0.03387121488789891,0.0248060054811452,19.525691699604746,2.3003982841968535,16.600790513833992,10.0,0.4713541511389844,0.2233039958824433,0.396939104562022
b7406b02518c450b97b26c940bafbd44,3,42,"{'data_dir': 'data/gold/datasets/v8/train_val', 'experiment_name': 'ViT', 'mlflow_uri': 'file:///mlruns', 'dataset_name': 'v8', 'max_epochs': 30, 'batch_size': 32, 'num_workers': 0, 'device': 'auto', 'seed': 42}",30,"{'type': 'AdamW', 'params': {'lr': 3.432830818094306e-05, 'weight_decay': 0.05399320519330793}}","{'type': 'CrossEntropyLoss', 'params': {'label_smoothing': 0.05518718068987722}}","[{'class_path': 'src.utils.callbacks.EarlyStopping', 'init_args': {'patience': 7, 'verbose': True}}, {'class_path': 'src.utils.callbacks.ModelCheckpoint', 'init_args': {'filepath': 'best_vit.pth', 'monitor': 'val_loss', 'save_best_only': True}}]","{'use_augmentation': True, 'per_image_aug_method': 'none', 'batch_level_aug_method': 'cutmix', 'mix_alpha': 0.32291071752469913}",file:///mlruns,IMAGENET1K_V1,"{'type': 'ReduceLROnPlateau', 'params': {'mode': 'min', 'patience': 7, 'factor': 0.49274134909089057, 'min_lr': 1e-07}}",10,vit,data/gold/datasets/v8/train_val,vit_b_16,0,ViT,0.10564864642320376,"{'architecture': 'vit_b_16', 'pretrained': True, 'unfreeze_layers': 3, 'hidden_units': 512, 'dropout': 0.10564864642320376, 'weights': 'IMAGENET1K_V1'}",{},32,auto,15,v8,512,True,1.4988427555059356,52.44022920371468,3.432830818094306e-05,0.14492753623188406,0.11764705882352941,0.13559322033898305,0.23008849557522124,0.06735751295336788,0.22807017543859648,0.2,0.11363636363636363,0.12598425196850394,0.17567567567567569,0.3333333333333333,0.104,0.060240963855421686,0.1724137931034483,0.5442477876106194,0.3565217391304348,0.034653465346534656,0.21875,0.22857142857142856,0.19753086419753085,0.07407407407407407,0.2839756592292089,0.08928571428571429,0.4308231173380035,0.2119205298013245,0.05982905982905983,0.2356902356902357,0.35714285714285715,0.08,0.06896551724137931,0.24301101209165596,0.2458498023715415,0.18650254545084052,0.19455244412801623,0.660210099101289,0.2124207503497732,0.16872913085678898,0.12463492736734622,0.12006673087958342,24.58498023715415,2.1088116973638535,23.399209486166008,16.0,0.6953124770945239,0.5924129898129781,0.6644426309100602
48805a7ebcaf40ce890e0080ec186280,3,42,"{'data_dir': 'data/gold/datasets/v8/train_val', 'experiment_name': 'ViT', 'mlflow_uri': 'file:///mlruns', 'dataset_name': 'v8', 'max_epochs': 30, 'batch_size': 32, 'num_workers': 0, 'device': 'auto', 'seed': 42}",30,"{'type': 'AdamW', 'params': {'lr': 1.7932711762090273e-05, 'weight_decay': 0.042819080426054305}}","{'type': 'CrossEntropyLoss', 'params': {'label_smoothing': 0.07219110545028452}}","[{'class_path': 'src.utils.callbacks.EarlyStopping', 'init_args': {'patience': 7, 'verbose': True}}, {'class_path': 'src.utils.callbacks.ModelCheckpoint', 'init_args': {'filepath': 'best_vit.pth', 'monitor': 'val_loss', 'save_best_only': True}}]","{'use_augmentation': True, 'per_image_aug_method': 'none', 'batch_level_aug_method': 'mixup', 'mix_alpha': 0.32504727785127363}",file:///mlruns,IMAGENET1K_V1,"{'type': 'ReduceLROnPlateau', 'params': {'mode': 'min', 'patience': 7, 'factor': 0.36512506662909466, 'min_lr': 1e-07}}",10,vit,data/gold/datasets/v8/train_val,vit_b_16,0,ViT,0.05741726642954276,"{'architecture': 'vit_b_16', 'pretrained': True, 'unfreeze_layers': 3, 'hidden_units': 512, 'dropout': 0.05741726642954276, 'weights': 'IMAGENET1K_V1'}",{},32,auto,15,v8,512,True,1.2729576605036663,62.12211025489034,1.7932711762090273e-05,0.046511627906976744,0.10294117647058823,0.0707070707070707,0.2268041237113402,0.15544041450777202,0.2054794520547945,0.047619047619047616,0.045454545454545456,0.08383233532934131,0.1896551724137931,0.28205128205128205,0.17699115044247787,0.14814814814814814,0.13793103448275862,0.3008849557522124,0.3675675675675676,0.23267326732673269,0.1950207468879668,0.4095238095238095,0.24089635854341737,0.046511627906976744,0.22302158273381295,0.14285714285714285,0.3309002433090024,0.30335097001763667,0.21218961625282168,0.3780487804878049,0.15816326530612246,0.07142857142857142,0.034482758620689655,0.22143000420685757,0.24426877470355732,0.1800176760047362,0.17697646735369968,0.6257329481520993,0.2228352939769329,0.17026310740185352,0.11942342783131053,0.11753932011984658,24.42687747035573,2.293993790447712,22.766798418972332,14.0,0.674479144447497,0.571219372914031,0.6435012129874571
c4da6118530b47e9bcd61e026f9acf94,4,42,"{'data_dir': 'data/gold/datasets/v8/train_val', 'experiment_name': 'ViT', 'mlflow_uri': 'file:///mlruns', 'dataset_name': 'v8', 'max_epochs': 30, 'batch_size': 32, 'num_workers': 0, 'device': 'auto', 'seed': 42}",30,"{'type': 'AdamW', 'params': {'lr': 1.82252057089795e-05, 'weight_decay': 0.06605278902475711}}","{'type': 'CrossEntropyLoss', 'params': {'label_smoothing': 0.05833207182622167}}","[{'class_path': 'src.utils.callbacks.EarlyStopping', 'init_args': {'patience': 7, 'verbose': True}}, {'class_path': 'src.utils.callbacks.ModelCheckpoint', 'init_args': {'filepath': 'best_vit.pth', 'monitor': 'val_loss', 'save_best_only': True}}]","{'use_augmentation': True, 'per_image_aug_method': 'none', 'batch_level_aug_method': 'mixup', 'mix_alpha': 0.5100753632511686}",file:///mlruns,IMAGENET1K_V1,"{'type': 'ReduceLROnPlateau', 'params': {'mode': 'min', 'patience': 4, 'factor': 0.29384212372703566, 'min_lr': 1e-07}}",10,vit,data/gold/datasets/v8/train_val,vit_b_16,0,ViT,0.034001291180017656,"{'architecture': 'vit_b_16', 'pretrained': True, 'unfreeze_layers': 4, 'hidden_units': 256, 'dropout': 0.034001291180017656, 'weights': 'IMAGENET1K_V1'}",{},32,auto,15,v8,256,True,1.4113624901715958,55.40407034182968,5.355333150888631e-06,0.12698412698412698,0.19117647058823528,0.09219858156028368,0.3157894736842105,0.09326424870466321,0.21176470588235294,0.0975609756097561,0.18181818181818182,0.12440191387559808,0.32432432432432434,0.3076923076923077,0.12949640287769784,0.0,0.0,0.42920353982300885,0.377431906614786,0.13861386138613863,0.21705426356589147,0.0761904761904762,0.21052631578947367,0.10909090909090909,0.3473282442748092,0.0,0.40165631469979296,0.11188811188811189,0.1691842900302115,0.2774390243902439,0.4642857142857143,0.08411214953271028,0.15517241379310345,0.23453998044371344,0.2308300395256917,0.20374172142818292,0.18924122472698224,0.618372237744919,0.21676276108285922,0.1835819787405468,0.12225489520761594,0.11951685361107933,23.08300395256917,2.184617818892002,23.08300395256917,12.0,0.6848958107710105,0.5827341076694199,0.6542472998405333
e9fb7b21370a41b59dd5db592b78519c,3,42,"{'data_dir': 'data/gold/datasets/v8/train_val', 'experiment_name': 'ViT', 'mlflow_uri': 'file:///mlruns', 'dataset_name': 'v8', 'max_epochs': 30, 'batch_size': 32, 'num_workers': 0, 'device': 'auto', 'seed': 42}",30,"{'type': 'AdamW', 'params': {'lr': 5.015625056722082e-05, 'weight_decay': 0.05271222319691789}}","{'type': 'CrossEntropyLoss', 'params': {'label_smoothing': 0.052041528085896946}}","[{'class_path': 'src.utils.callbacks.EarlyStopping', 'init_args': {'patience': 7, 'verbose': True}}, {'class_path': 'src.utils.callbacks.ModelCheckpoint', 'init_args': {'filepath': 'best_vit.pth', 'monitor': 'val_loss', 'save_best_only': True}}]","{'use_augmentation': True, 'per_image_aug_method': 'none', 'batch_level_aug_method': 'cutmix', 'mix_alpha': 0.2992584080108044}",file:///mlruns,IMAGENET1K_V1,"{'type': 'ReduceLROnPlateau', 'params': {'mode': 'min', 'patience': 7, 'factor': 0.4282252582826369, 'min_lr': 1e-07}}",10,vit,data/gold/datasets/v8/train_val,vit_b_16,0,ViT,0.14227399815900593,"{'architecture': 'vit_b_16', 'pretrained': True, 'unfreeze_layers': 3, 'hidden_units': 512, 'dropout': 0.14227399815900593, 'weights': 'IMAGENET1K_V1'}",{},32,auto,15,v8,512,True,1.515387208606386,50.76071922544951,5.015625056722082e-05,0.0784313725490196,0.014705882352941176,0.03125,0.3157894736842105,0.09326424870466321,0.2,0.06896551724137931,0.09090909090909091,0.02,0.24,0.46153846153846156,0.127208480565371,0.017857142857142856,0.034482758620689655,0.3584070796460177,0.30451127819548873,0.21287128712871287,0.19196428571428573,0.13333333333333333,0.25,0.08571428571428572,0.22699386503067484,0.023529411764705882,0.32926829268292684,0.17391304347826086,0.20187793427230047,0.2846153846153846,0.18877551020408162,0.05405405405405406,0.20689655172413793,0.2136969639283103,0.22371541501976286,0.2002367759728358,0.17333295505467378,0.6450064887314312,0.1860530941777657,0.16290928314316205,0.11170185210123607,0.10731378506486233,22.371541501976285,2.1703691363334654,19.209486166007906,14.0,0.5572916483079705,0.539818023504358,0.5520495608668867
05379518f12e4aadb463b38f0528b5b3,3,42,"{'data_dir': 'data/gold/datasets/v8/train_val', 'experiment_name': 'ViT', 'mlflow_uri': 'file:///mlruns', 'dataset_name': 'v8', 'max_epochs': 30, 'batch_size': 32, 'num_workers': 0, 'device': 'auto', 'seed': 42}",30,"{'type': 'AdamW', 'params': {'lr': 3.0362350792231632e-05, 'weight_decay': 0.045075085926002255}}","{'type': 'CrossEntropyLoss', 'params': {'label_smoothing': 0.09450164622516115}}","[{'class_path': 'src.utils.callbacks.EarlyStopping', 'init_args': {'patience': 7, 'verbose': True}}, {'class_path': 'src.utils.callbacks.ModelCheckpoint', 'init_args': {'filepath': 'best_vit.pth', 'monitor': 'val_loss', 'save_best_only': True}}]","{'use_augmentation': True, 'per_image_aug_method': 'none', 'batch_level_aug_method': 'cutmix', 'mix_alpha': 0.28970063809855207}",file:///mlruns,IMAGENET1K_V1,"{'type': 'CosineAnnealingWarmRestarts', 'params': {'T_0': 10, 'T_mult': 1, 'eta_min': 1e-06}}",10,vit,data/gold/datasets/v8/train_val,vit_b_16,0,ViT,0.018515357783110753,"{'architecture': 'vit_b_16', 'pretrained': True, 'unfreeze_layers': 3, 'hidden_units': 512, 'dropout': 0.018515357783110753, 'weights': 'IMAGENET1K_V1'}",{},32,auto,15,v8,512,True,1.6459839425994294,49.29855759731279,2.7253102039000037e-05,0.07894736842105263,0.10294117647058823,0.0625,0.25,0.05699481865284974,0.16176470588235295,0.09375,0.06818181818181818,0.07777777777777778,0.17142857142857143,0.46153846153846156,0.0842911877394636,0.02857142857142857,0.10344827586206896,0.5398230088495575,0.3253333333333333,0.15346534653465346,0.21232876712328766,0.06190476190476191,0.22413793103448276,0.1,0.30177514792899407,0.04477611940298507,0.4059900166389351,0.09701492537313433,0.1781609195402299,0.3591549295774648,0.2602040816326531,0.07377049180327869,0.15517241379310345,0.19497872104396083,0.22292490118577074,0.21420643227924924,0.15941874453138657,0.6660349477760398,0.17183877694456579,0.15337055950864792,0.12366965946126494,0.11473784103375695,22.292490118577074,2.151187741756439,21.18577075098814,8.0,0.6223958128299296,0.5884875326456351,0.6122233287746413
1528541e6bd142898e2a32555bc08970,3,42,"{'data_dir': 'data/gold/datasets/v8/train_val', 'experiment_name': 'ViT', 'mlflow_uri': 'file:///mlruns', 'dataset_name': 'v8', 'max_epochs': 30, 'batch_size': 32, 'num_workers': 0, 'device': 'auto', 'seed': 42}",30,"{'type': 'AdamW', 'params': {'lr': 4.067323709986413e-05, 'weight_decay': 0.048914291101798395}}","{'type': 'CrossEntropyLoss', 'params': {'label_smoothing': 0.05162836809507295}}","[{'class_path': 'src.utils.callbacks.EarlyStopping', 'init_args': {'patience': 7, 'verbose': True}}, {'class_path': 'src.utils.callbacks.ModelCheckpoint', 'init_args': {'filepath': 'best_vit.pth', 'monitor': 'val_loss', 'save_best_only': True}}]","{'use_augmentation': True, 'per_image_aug_method': 'none', 'batch_level_aug_method': 'cutmix', 'mix_alpha': 0.3388619274791009}",file:///mlruns,IMAGENET1K_V1,"{'type': 'ReduceLROnPlateau', 'params': {'mode': 'min', 'patience': 7, 'factor': 0.4401163654595351, 'min_lr': 1e-07}}",10,vit,data/gold/datasets/v8/train_val,vit_b_16,0,ViT,0.07313465042397266,"{'architecture': 'vit_b_16', 'pretrained': True, 'unfreeze_layers': 3, 'hidden_units': 512, 'dropout': 0.07313465042397266, 'weights': 'IMAGENET1K_V1'}",{},32,auto,15,v8,512,True,1.6645557569011213,45.702430349733255,4.067323709986413e-05,0.1414141414141414,0.23529411764705882,0.10191082802547771,0.2765957446808511,0.025906735751295335,0.16129032258064516,0.12727272727272726,0.1590909090909091,0.14222222222222222,0.23636363636363636,0.3333333333333333,0.044642857142857144,0.0625,0.034482758620689655,0.5309734513274337,0.35502958579881655,0.054455445544554455,0.22448979591836735,0.023809523809523808,0.19230769230769232,0.07633587786259542,0.34795763993948564,0.044444444444444446,0.425531914893617,0.0423728813559322,0.08764940239043825,0.24731182795698925,0.5867346938775511,0.0684931506849315,0.08620689655172414,0.19525160817616655,0.2490118577075099,0.19826941528723901,0.1922204762652696,0.6606237520990025,0.19149671214227007,0.17522833560928822,0.12665831197982882,0.11455750715979807,24.90118577075099,2.1254123002290726,23.557312252964426,5.0,0.7005208102562805,0.6006414925730111,0.6705570149512997
0c8a06ba1cf64bf39e89f9862f05e4b4,3,42,"{'data_dir': 'data/gold/datasets/v8/train_val', 'experiment_name': 'ViT', 'mlflow_uri': 'file:///mlruns', 'dataset_name': 'v8', 'max_epochs': 30, 'batch_size': 32, 'num_workers': 0, 'device': 'auto', 'seed': 42}",30,"{'type': 'AdamW', 'params': {'lr': 0.0001450031683423251, 'weight_decay': 0.0594988491568637}}","{'type': 'CrossEntropyLoss', 'params': {'label_smoothing': 0.03600078374626345}}","[{'class_path': 'src.utils.callbacks.EarlyStopping', 'init_args': {'patience': 7, 'verbose': True}}, {'class_path': 'src.utils.callbacks.ModelCheckpoint', 'init_args': {'filepath': 'best_vit.pth', 'monitor': 'val_loss', 'save_best_only': True}}]","{'use_augmentation': True, 'per_image_aug_method': 'none', 'batch_level_aug_method': 'cutmix', 'mix_alpha': 0.445732153729409}",file:///mlruns,IMAGENET1K_V1,"{'type': 'ReduceLROnPlateau', 'params': {'mode': 'min', 'patience': 6, 'factor': 0.4523689625993229, 'min_lr': 1e-07}}",10,vit,data/gold/datasets/v8/train_val,vit_b_16,0,ViT,0.07541789772077531,"{'architecture': 'vit_b_16', 'pretrained': True, 'unfreeze_layers': 3, 'hidden_units': 512, 'dropout': 0.07541789772077531, 'weights': 'IMAGENET1K_V1'}",{},32,auto,15,v8,512,True,1.4993953886910216,51.768425212408616,0.0001450031683423251,0.0975609756097561,0.17647058823529413,0.09022556390977443,0.25,0.06217616580310881,0.1643835616438356,0.10526315789473684,0.09090909090909091,0.11940298507462686,0.24390243902439024,0.2564102564102564,0.09022556390977443,0.0,0.0,0.33185840707964603,0.31645569620253167,0.10891089108910891,0.16296296296296298,0.09047619047619047,0.2714285714285714,0.06060606060606061,0.3117283950617284,0.0,0.32397408207343414,0.1357142857142857,0.13056379821958458,0.2234513274336283,0.5153061224489796,0.05405405405405406,0.06896551724137931,0.216990355478878,0.23557312252964427,0.18455092656370137,0.1987308509609144,0.6412528834440898,0.20874785084291717,0.17601606909167639,0.10760551812618836,0.10454770052888729,23.557312252964426,2.151590883731842,20.474308300395258,27.0,0.5989583136020243,0.5231594529035168,0.5762186553924721
107198726037478ba57ff0706d407cfc,2,42,"{'data_dir': 'data/gold/datasets/v8/train_val', 'experiment_name': 'ViT', 'mlflow_uri': 'file:///mlruns', 'dataset_name': 'v8', 'max_epochs': 30, 'batch_size': 32, 'num_workers': 0, 'device': 'auto', 'seed': 42}",30,"{'type': 'AdamW', 'params': {'lr': 1.116840167145592e-05, 'weight_decay': 0.040697181589559685}}","{'type': 'CrossEntropyLoss', 'params': {'label_smoothing': 0.027864646423661144}}","[{'class_path': 'src.utils.callbacks.EarlyStopping', 'init_args': {'patience': 7, 'verbose': True}}, {'class_path': 'src.utils.callbacks.ModelCheckpoint', 'init_args': {'filepath': 'best_vit.pth', 'monitor': 'val_loss', 'save_best_only': True}}]",{'use_augmentation': False},file:///mlruns,IMAGENET1K_V1,"{'type': 'ReduceLROnPlateau', 'params': {'mode': 'min', 'patience': 6, 'factor': 0.12059150049999574, 'min_lr': 1e-07}}",10,vit,data/gold/datasets/v8/train_val,vit_b_16,0,ViT,0.08545214831324029,"{'architecture': 'vit_b_16', 'pretrained': True, 'unfreeze_layers': 2, 'hidden_units': 256, 'dropout': 0.08545214831324029, 'weights': 'IMAGENET1K_V1'}",{},32,auto,15,v8,256,True,1.1009961225562028,64.88836198379767,1.116840167145592e-05,0.13861386138613863,0.1323529411764706,0.0703125,0.2,0.046632124352331605,0.12162162162162163,0.12280701754385964,0.1590909090909091,0.09183673469387756,0.1951219512195122,0.20512820512820512,0.06741573033707865,0.046511627906976744,0.06896551724137931,0.415929203539823,0.3092105263157895,0.10396039603960396,0.25,0.2,0.19004524886877827,0.078125,0.3052391799544419,0.05555555555555555,0.35471698113207545,0.19489559164733178,0.14685314685314685,0.2757201646090535,0.34183673469387754,0.07142857142857142,0.08620689655172414,0.2388562955813294,0.22608695652173913,0.1943316720479034,0.1838858586882508,0.6224239321220038,0.1826221724271454,0.14910629043007842,0.11648877343179201,0.10748698094959452,22.608695652173914,2.217297998070717,20.869565217391305,4.0,0.6119791465064162,0.559285007258975,0.5961709047321838
0a567039214d4ff9beafa24e8c24b53e,2,42,"{'data_dir': 'data/gold/datasets/v8/train_val', 'experiment_name': 'ViT', 'mlflow_uri': 'file:///mlruns', 'dataset_name': 'v8', 'max_epochs': 30, 'batch_size': 32, 'num_workers': 0, 'device': 'auto', 'seed': 42}",30,"{'type': 'AdamW', 'params': {'lr': 9.073239796977574e-05, 'weight_decay': 0.05377109988347229}}","{'type': 'CrossEntropyLoss', 'params': {'label_smoothing': 0.0804944935451364}}","[{'class_path': 'src.utils.callbacks.EarlyStopping', 'init_args': {'patience': 7, 'verbose': True}}, {'class_path': 'src.utils.callbacks.ModelCheckpoint', 'init_args': {'filepath': 'best_vit.pth', 'monitor': 'val_loss', 'save_best_only': True}}]","{'use_augmentation': True, 'per_image_aug_method': 'none', 'batch_level_aug_method': 'cutmix', 'mix_alpha': 0.3611689788534113}",file:///mlruns,IMAGENET1K_V1,"{'type': 'ReduceLROnPlateau', 'params': {'mode': 'min', 'patience': 6, 'factor': 0.3973705212566739, 'min_lr': 1e-07}}",10,vit,data/gold/datasets/v8/train_val,vit_b_16,0,ViT,0.12846332834996427,"{'architecture': 'vit_b_16', 'pretrained': True, 'unfreeze_layers': 2, 'hidden_units': 512, 'dropout': 0.12846332834996427, 'weights': 'IMAGENET1K_V1'}",{},32,auto,15,v8,512,True,1.5474133340296268,52.32167555819008,9.073239796977574e-05,0.1388888888888889,0.19117647058823528,0.11818181818181818,0.21333333333333335,0.031088082901554404,0.18181818181818182,0.17857142857142858,0.11363636363636363,0.14606741573033707,0.2222222222222222,0.20512820512820512,0.05309734513274336,0.016129032258064516,0.034482758620689655,0.5530973451327433,0.31806615776081426,0.10396039603960396,0.21875,0.0380952380952381,0.13333333333333333,0.05263157894736842,0.3424,0.02197802197802198,0.40387722132471726,0.05925925925925926,0.14093959731543623,0.2494172494172494,0.5459183673469388,0.1111111111111111,0.034482758620689655,0.26324039996616344,0.2458498023715415,0.21917955903883657,0.20950894823996108,0.6517488176104682,0.20499739008872883,0.17752303869672031,0.14139619355414026,0.13495903490097405,24.58498023715415,2.1345569461584093,23.399209486166008,13.0,0.6953124770945239,0.6605760687594279,0.6848915545939951
511cb1ef8f8741caa67f98316b70f83a,3,42,"{'data_dir': 'data/gold/datasets/v8/train_val', 'experiment_name': 'ViT', 'mlflow_uri': 'file:///mlruns', 'dataset_name': 'v8', 'max_epochs': 30, 'batch_size': 32, 'num_workers': 0, 'device': 'auto', 'seed': 42}",30,"{'type': 'AdamW', 'params': {'lr': 7.853480907752671e-05, 'weight_decay': 0.05155637485565152}}","{'type': 'CrossEntropyLoss', 'params': {'label_smoothing': 0.08111982714863895}}","[{'class_path': 'src.utils.callbacks.EarlyStopping', 'init_args': {'patience': 7, 'verbose': True}}, {'class_path': 'src.utils.callbacks.ModelCheckpoint', 'init_args': {'filepath': 'best_vit.pth', 'monitor': 'val_loss', 'save_best_only': True}}]","{'use_augmentation': True, 'per_image_aug_method': 'none', 'batch_level_aug_method': 'cutmix', 'mix_alpha': 0.2080319849808786}",file:///mlruns,IMAGENET1K_V1,"{'type': 'CosineAnnealingWarmRestarts', 'params': {'T_0': 15, 'T_mult': 1, 'eta_min': 1e-06}}",10,vit,data/gold/datasets/v8/train_val,vit_b_16,0,ViT,0.12554844120109782,"{'architecture': 'vit_b_16', 'pretrained': True, 'unfreeze_layers': 3, 'hidden_units': 512, 'dropout': 0.12554844120109782, 'weights': 'IMAGENET1K_V1'}",{},32,auto,15,v8,512,True,1.7523692675057052,43.19304485279589,7.45730813084812e-05,0.13157894736842105,0.11764705882352941,0.08333333333333333,0.24719101123595505,0.0,0.0,0.09259259259259259,0.22727272727272727,0.0975609756097561,0.22,0.28205128205128205,0.0,0.06206896551724138,0.3103448275862069,0.5619469026548672,0.27608695652173915,0.11386138613861387,0.16911764705882354,0.03333333333333333,0.15555555555555556,0.12962962962962962,0.1349206349206349,0.10344827586206896,0.37026239067055394,0.054901960784313725,0.13609467455621302,0.30357142857142855,0.08673469387755102,0.08860759493670886,0.2413793103448276,0.21989308166475377,0.2015810276679842,0.2033491205853349,0.18388421692902152,0.6157559726669309,0.17571774807015944,0.15973028583572108,0.10561583859636114,0.09971328089382536,20.158102766798418,2.2412481009960175,17.865612648221344,9.0,0.5130208164330382,0.5150680186790187,0.5136349771068323
c9e04fa903c84b2fa58e4d7d95f4d0f1,3,42,"{'data_dir': 'data/gold/datasets/v8/train_val', 'experiment_name': 'ViT', 'mlflow_uri': 'file:///mlruns', 'dataset_name': 'v8', 'max_epochs': 30, 'batch_size': 32, 'num_workers': 0, 'device': 'auto', 'seed': 42}",30,"{'type': 'AdamW', 'params': {'lr': 3.920673972242135e-05, 'weight_decay': 0.06097839109531514}}","{'type': 'CrossEntropyLoss', 'params': {'label_smoothing': 0.05924145688620425}}","[{'class_path': 'src.utils.callbacks.EarlyStopping', 'init_args': {'patience': 7, 'verbose': True}}, {'class_path': 'src.utils.callbacks.ModelCheckpoint', 'init_args': {'filepath': 'best_vit.pth', 'monitor': 'val_loss', 'save_best_only': True}}]","{'use_augmentation': True, 'per_image_aug_method': 'basic', 'basic_params': {'n_augments': 3, 'rotation_range': 27, 'horizontal_flip_prob': 0.7080725777960455, 'brightness_range': 0.006175348288740734, 'contrast_range': 0.29097295564859826, 'width_shift_range': 0.16648852816008436}, 'batch_level_aug_method': 'cutmix', 'mix_alpha': 0.3467236078827471}",file:///mlruns,IMAGENET1K_V1,"{'type': 'ReduceLROnPlateau', 'params': {'mode': 'min', 'patience': 4, 'factor': 0.3056937753654447, 'min_lr': 1e-07}}",10,vit,data/gold/datasets/v8/train_val,vit_b_16,0,ViT,0.1099085529881075,"{'architecture': 'vit_b_16', 'pretrained': True, 'unfreeze_layers': 3, 'hidden_units': 512, 'dropout': 0.1099085529881075, 'weights': 'IMAGENET1K_V1'}",{},32,auto,15,v8,512,True,2.2266060565446493,16.222090495949416,3.920673972242135e-05,0.11764705882352941,0.0,0.0,0.3418803418803419,0.05699481865284974,0.16666666666666666,0.08695652173913043,0.18181818181818182,0.0,0.2564102564102564,0.5128205128205128,0.08494208494208494,0.05090909090909091,0.4827586206896552,0.6769911504424779,0.3430493273542601,0.04455445544554455,0.21428571428571427,0.014285714285714285,0.11538461538461539,0.0851063829787234,0.3096446700507614,0.09210526315789473,0.45535714285714285,0.025423728813559324,0.07377049180327869,0.30808080808080807,0.3112244897959184,0.1111111111111111,0.06896551724137931,0.18718820817137424,0.2339920948616601,0.22279018287924313,0.17085112921160858,0.6768030102761384,0.1631484683246181,0.14922595294282145,0.12654868835495905,0.11518347282826435,23.399209486166008,2.0920416712760925,22.371541501976285,28.0,0.6614583115431052,0.6001956859308923,0.6430795238594413
b19b9b86c0264ff7b83f3ad0c7a6f2bb,2,42,"{'data_dir': 'data/gold/datasets/v8/train_val', 'experiment_name': 'ViT', 'mlflow_uri': 'file:///mlruns', 'dataset_name': 'v8', 'max_epochs': 30, 'batch_size': 32, 'num_workers': 0, 'device': 'auto', 'seed': 42}",30,"{'type': 'AdamW', 'params': {'lr': 0.00010985033011750932, 'weight_decay': 0.09853760231627402}}","{'type': 'CrossEntropyLoss', 'params': {'label_smoothing': 0.0994618293964249}}","[{'class_path': 'src.utils.callbacks.EarlyStopping', 'init_args': {'patience': 7, 'verbose': True}}, {'class_path': 'src.utils.callbacks.ModelCheckpoint', 'init_args': {'filepath': 'best_vit.pth', 'monitor': 'val_loss', 'save_best_only': True}}]","{'use_augmentation': True, 'per_image_aug_method': 'none', 'batch_level_aug_method': 'cutmix', 'mix_alpha': 0.6083030979075603}",file:///mlruns,IMAGENET1K_V1,"{'type': 'ReduceLROnPlateau', 'params': {'mode': 'min', 'patience': 6, 'factor': 0.3997604365731656, 'min_lr': 1e-07}}",10,vit,data/gold/datasets/v8/train_val,vit_b_16,0,ViT,0.2177233534977278,"{'architecture': 'vit_b_16', 'pretrained': True, 'unfreeze_layers': 2, 'hidden_units': 512, 'dropout': 0.2177233534977278, 'weights': 'IMAGENET1K_V1'}",{},32,auto,15,v8,512,True,1.7227229192732256,45.97905552262399,0.00010985033011750932,0.13636363636363635,0.04411764705882353,0.037037037037037035,0.23157894736842105,0.09844559585492228,0.2235294117647059,0.13636363636363635,0.13636363636363635,0.040268456375838924,0.19642857142857142,0.28205128205128205,0.1366906474820144,0.02564102564102564,0.034482758620689655,0.5353982300884956,0.30632911392405066,0.07920792079207921,0.16494845360824742,0.06190476190476191,0.23214285714285715,0.10094637223974763,0.3209169054441261,0.029411764705882353,0.3896940418679549,0.09774436090225563,0.10702341137123746,0.3660130718954248,0.2857142857142857,0.06177606177606178,0.27586206896551724,0.20849163923577532,0.22687747035573122,0.17795759715375933,0.16224411704509176,0.6288543369349033,0.19001877554712368,0.15121720717925777,0.11216128389641898,0.10751488954038646,22.68774703557312,2.1838486403226853,20.711462450592887,18.0,0.6067708133446594,0.5416863958204207,0.5872454880873877
2f26b06bef2e435197a22721844a92bf,4,42,"{'data_dir': 'data/gold/datasets/v8/train_val', 'experiment_name': 'ViT', 'mlflow_uri': 'file:///mlruns', 'dataset_name': 'v8', 'max_epochs': 30, 'batch_size': 32, 'num_workers': 0, 'device': 'auto', 'seed': 42}",30,"{'type': 'AdamW', 'params': {'lr': 1.8304633092938438e-05, 'weight_decay': 0.04169285803863252}}","{'type': 'CrossEntropyLoss', 'params': {'label_smoothing': 0.04021811600906977}}","[{'class_path': 'src.utils.callbacks.EarlyStopping', 'init_args': {'patience': 7, 'verbose': True}}, {'class_path': 'src.utils.callbacks.ModelCheckpoint', 'init_args': {'filepath': 'best_vit.pth', 'monitor': 'val_loss', 'save_best_only': True}}]","{'use_augmentation': True, 'per_image_aug_method': 'none', 'batch_level_aug_method': 'mixup', 'mix_alpha': 0.49540779419261016}",file:///mlruns,IMAGENET1K_V1,"{'type': 'ReduceLROnPlateau', 'params': {'mode': 'min', 'patience': 5, 'factor': 0.27074112353268326, 'min_lr': 1e-07}}",10,vit,data/gold/datasets/v8/train_val,vit_b_16,0,ViT,0.060038542889109286,"{'architecture': 'vit_b_16', 'pretrained': True, 'unfreeze_layers': 4, 'hidden_units': 256, 'dropout': 0.060038542889109286, 'weights': 'IMAGENET1K_V1'}",{},32,auto,15,v8,256,True,2.298107740601587,12.013436079826121,1.8304633092938438e-05,0.024691358024691357,0.0,0.0,0.0,0.8238341968911918,0.1582089552238806,0.02702702702702703,0.022727272727272728,0.0,0.0,0.0,0.2654424040066778,0.0,0.0,0.0,0.0,0.0,0.0,0.0,0.0,0.0748663101604278,0.11724137931034483,0.0,0.0,0.0,0.0,0.18085106382978725,0.08673469387755102,0.05426356589147287,0.1206896551724138,,,,,,,,,,,2.2369364321231844,14.545454545454545,,0.40364582003614674,,
1408625977d24d99b08c95d284e0e0a9,4,42,"{'data_dir': 'data/gold/datasets/v8/train_val', 'experiment_name': 'ViT', 'mlflow_uri': 'file:///mlruns', 'dataset_name': 'v8', 'max_epochs': 30, 'batch_size': 32, 'num_workers': 0, 'device': 'auto', 'seed': 42}",30,"{'type': 'AdamW', 'params': {'lr': 6.61348647983896e-05, 'weight_decay': 0.024098692006698376}}","{'type': 'CrossEntropyLoss', 'params': {'label_smoothing': 0.07049270826015107}}","[{'class_path': 'src.utils.callbacks.EarlyStopping', 'init_args': {'patience': 7, 'verbose': True}}, {'class_path': 'src.utils.callbacks.ModelCheckpoint', 'init_args': {'filepath': 'best_vit.pth', 'monitor': 'val_loss', 'save_best_only': True}}]","{'use_augmentation': True, 'per_image_aug_method': 'none', 'batch_level_aug_method': 'mixup', 'mix_alpha': 0.46853577212480796}",file:///mlruns,IMAGENET1K_V1,"{'type': 'ReduceLROnPlateau', 'params': {'mode': 'min', 'patience': 4, 'factor': 0.28528386375812403, 'min_lr': 1e-07}}",10,vit,data/gold/datasets/v8/train_val,vit_b_16,0,ViT,0.13259838897934556,"{'architecture': 'vit_b_16', 'pretrained': True, 'unfreeze_layers': 4, 'hidden_units': 512, 'dropout': 0.13259838897934556, 'weights': 'IMAGENET1K_V1'}",{},32,auto,15,v8,512,True,1.196648129819057,64.31535269709543,1.886720975880573e-05,0.03389830508474576,0.058823529411764705,0.13333333333333333,0.2413793103448276,0.15025906735751296,0.21014492753623187,0.06666666666666667,0.022727272727272728,0.08163265306122448,0.3684210526315789,0.1794871794871795,0.17522658610271905,0.03125,0.034482758620689655,0.40707964601769914,0.31724137931034485,0.24257425742574257,0.1781818181818182,0.3238095238095238,0.21587301587301588,0.047244094488188976,0.2158273381294964,0.03278688524590164,0.35658914728682173,0.259047619047619,0.20545073375262055,0.36585365853658536,0.15306122448979592,0.043478260869565216,0.05172413793103448,0.23034132298217985,0.23873517786561266,0.1836561261375146,0.17536095399488055,0.6205041281581856,0.2140513941200039,0.1665147708841758,0.11855197280977378,0.11425000327195167,23.873517786561266,2.2807395219802857,22.450592885375496,9.0,0.6640624781239836,0.5676754248155221,0.635146362131445
b6398cd3d7814f9692a4a334be944ea6,3,42,"{'data_dir': 'data/gold/datasets/v8/train_val', 'experiment_name': 'ViT', 'mlflow_uri': 'file:///mlruns', 'dataset_name': 'v8', 'max_epochs': 30, 'batch_size': 32, 'num_workers': 0, 'device': 'auto', 'seed': 42}",30,"{'type': 'AdamW', 'params': {'lr': 0.0001922956707454335, 'weight_decay': 0.059189513354636465}}","{'type': 'CrossEntropyLoss', 'params': {'label_smoothing': 0.00055221171236024}}","[{'class_path': 'src.utils.callbacks.EarlyStopping', 'init_args': {'patience': 7, 'verbose': True}}, {'class_path': 'src.utils.callbacks.ModelCheckpoint', 'init_args': {'filepath': 'best_vit.pth', 'monitor': 'val_loss', 'save_best_only': True}}]",{'use_augmentation': False},file:///mlruns,IMAGENET1K_V1,"{'type': 'CosineAnnealingWarmRestarts', 'params': {'T_0': 7, 'T_mult': 1, 'eta_min': 1e-06}}",10,vit,data/gold/datasets/v8/train_val,vit_b_16,0,ViT,0.022365193103931248,"{'architecture': 'vit_b_16', 'pretrained': True, 'unfreeze_layers': 3, 'hidden_units': 512, 'dropout': 0.022365193103931248, 'weights': 'IMAGENET1K_V1'}",{},32,auto,15,v8,512,True,0.6786663423670867,74.51096621221103,0.00012677163976957203,0.13333333333333333,0.058823529411764705,0.0547945205479452,0.10714285714285714,0.18134715025906736,0.20114942528735633,0.13043478260869565,0.13636363636363635,0.05673758865248227,0.17647058823529413,0.07692307692307693,0.1907356948228883,0.08333333333333333,0.034482758620689655,0.43805309734513276,0.33221476510067116,0.23267326732673269,0.2596685082872928,0.28095238095238095,0.2027491408934708,0.029850746268656716,0.21666666666666667,0.04878048780487805,0.37786259541984735,0.23552894211576847,0.2454308093994778,0.23780487804878048,0.1989795918367347,0.1111111111111111,0.017241379310344827,0.22193763813182998,0.23241106719367588,0.1655839868349561,0.17897310534539507,0.6095789609074934,0.2219470950426134,0.16420697216268562,0.09808239770026744,0.09746296358888362,23.241106719367586,2.8264022886753084,23.241106719367586,9.0,0.6901041439327671,0.4844317576223553,0.6284024280396435
e3b51c2e32fa424186e52a6e5dfc38f0,5,42,"{'data_dir': 'data/gold/datasets/v8/train_val', 'experiment_name': 'Inception', 'mlflow_uri': 'file:///mlruns', 'dataset_name': 'v8', 'seed': 42, 'max_epochs': 30, 'batch_size': 32, 'num_workers': 0, 'device': 'auto'}",30,"{'type': 'AdamW', 'params': {'lr': 0.0002350395167438034, 'weight_decay': 1.8290457388691666e-05}}","{'type': 'CrossEntropyLoss', 'params': {'label_smoothing': 0.1}}","[{'class_path': 'src.utils.callbacks.EarlyStopping', 'init_args': {'patience': 7, 'verbose': True}}, {'class_path': 'src.utils.callbacks.ModelCheckpoint', 'init_args': {'filepath': 'best_model_inception.pth', 'monitor': 'val_loss', 'save_best_only': True}}]",{'use_augmentation': False},file:///mlruns,IMAGENET1K_V1,"{'type': 'ReduceLROnPlateau', 'params': {'mode': 'min', 'patience': 3, 'factor': 0.20177287818393294, 'min_lr': 1e-07}}",10,inception,data/gold/datasets/v8/train_val,inception_v3,0,Inception,0.5408947421365027,"{'architecture': 'inception_v3', 'pretrained': True, 'unfreeze_layers': 5, 'hidden_units': 1024, 'dropout': 0.5408947421365027, 'weights': 'IMAGENET1K_V1'}","[{'type': 'CutMix', 'params': {'alpha': 1.0, 'prob': 0.6}}, {'type': 'MixUp', 'params': {'alpha': 0.4, 'prob': 0.6}}]",32,auto,15,v8,1024,True,1.1373887424811948,73.79964433906342,4.742459978035791e-05,0.0,0.07352941176470588,0.16129032258064516,0.0,0.26424870466321243,0.17406143344709898,0.0,0.0,0.10101010101010101,0.0,0.0,0.20987654320987653,0.0,0.0,0.6327433628318584,0.17987421383647798,0.06435643564356436,0.2,0.047619047619047616,0.16393442622950818,0.0,0.03864734299516908,0.0,0.2801175318315377,0.07380073800738007,0.09737827715355805,0.36363636363636365,0.02040816326530612,0.0,0.0,0.18285543691600156,0.17865612648221343,0.11029051257876947,0.1242796759730094,0.5217934582028919,0.12128448070809665,0.08008305342076225,0.01738458243107898,0.014293599641216126,17.865612648221344,2.4337023317813875,17.865612648221344,7.0,0.5130208164330382,0.15625777054412557,0.40599190266636437
38308a51a54a49d5a2d594d4d1e5cb85,6,42,"{'data_dir': 'data/gold/datasets/v8/train_val', 'experiment_name': 'Inception', 'mlflow_uri': 'file:///mlruns', 'dataset_name': 'v8', 'seed': 42, 'max_epochs': 30, 'batch_size': 32, 'num_workers': 0, 'device': 'auto'}",30,"{'type': 'AdamW', 'params': {'lr': 0.0001520601332818746, 'weight_decay': 9.141700453307881e-05}}","{'type': 'CrossEntropyLoss', 'params': {'label_smoothing': 0.1}}","[{'class_path': 'src.utils.callbacks.EarlyStopping', 'init_args': {'patience': 7, 'verbose': True}}, {'class_path': 'src.utils.callbacks.ModelCheckpoint', 'init_args': {'filepath': 'best_model_inception.pth', 'monitor': 'val_loss', 'save_best_only': True}}]","{'use_augmentation': True, 'per_image_aug_method': 'advanced', 'advanced_params': {'p_distort': 0.4668278504261167, 'p_noise': 0.39738315884307995, 'p_dropout': 0.11082478234971889, 'num_holes': 12, 'crop_scale_min': 0.7921316106919429}, 'batch_level_aug_method': 'mixup', 'mix_alpha': 0.9749080811336696}",file:///mlruns,IMAGENET1K_V1,"{'type': 'ReduceLROnPlateau', 'params': {'mode': 'min', 'patience': 4, 'factor': 0.10464838465102114, 'min_lr': 1e-07}}",10,inception,data/gold/datasets/v8/train_val,inception_v3,0,Inception,0.5067393467557716,"{'architecture': 'inception_v3', 'pretrained': True, 'unfreeze_layers': 6, 'hidden_units': 1024, 'dropout': 0.5067393467557716, 'weights': 'IMAGENET1K_V1'}","[{'type': 'CutMix', 'params': {'alpha': 1.0, 'prob': 0.6}}, {'type': 'MixUp', 'params': {'alpha': 0.4, 'prob': 0.6}}]",32,auto,15,v8,1024,True,2.30348284945048,10.571033392610156,1.5912847317767154e-05,0.0,0.0,0.0,0.0,0.0,0.0,0.0,0.0,0.0,0.0,0.0,0.0,0.0,0.0,0.995575221238938,0.17800632911392406,0.0,0.0,0.0,0.0,0.0,0.0,0.0,0.30201342281879195,0.0,0.0,0.0,0.0,0.0,0.0,0.03191801152962864,0.17865612648221343,0.1,0.017865612648221344,0.5105081213665363,0.05416000615020824,0.030315224681421865,0.0,0.0,17.865612648221344,2.30588903427124,17.786561264822133,6.0,0.5104166498521598,0.08555985002339937,0.3829596099035317
2c67e1dafc364958bdd03a4f50e572d1,5,42,"{'data_dir': 'data/gold/datasets/v8/train_val', 'experiment_name': 'Inception', 'mlflow_uri': 'file:///mlruns', 'dataset_name': 'v8', 'seed': 42, 'max_epochs': 30, 'batch_size': 32, 'num_workers': 0, 'device': 'auto'}",30,"{'type': 'AdamW', 'params': {'lr': 0.00015241685738188768, 'weight_decay': 1.0073486547875372e-05}}","{'type': 'CrossEntropyLoss', 'params': {'label_smoothing': 0.1}}","[{'class_path': 'src.utils.callbacks.EarlyStopping', 'init_args': {'patience': 7, 'verbose': True}}, {'class_path': 'src.utils.callbacks.ModelCheckpoint', 'init_args': {'filepath': 'best_model_inception.pth', 'monitor': 'val_loss', 'save_best_only': True}}]",{'use_augmentation': False},file:///mlruns,IMAGENET1K_V1,"{'type': 'ReduceLROnPlateau', 'params': {'mode': 'min', 'patience': 6, 'factor': 0.22235860501068216, 'min_lr': 1e-07}}",10,inception,data/gold/datasets/v8/train_val,inception_v3,0,Inception,0.5271548247104573,"{'architecture': 'inception_v3', 'pretrained': True, 'unfreeze_layers': 5, 'hidden_units': 1024, 'dropout': 0.5271548247104573, 'weights': 'IMAGENET1K_V1'}","[{'type': 'CutMix', 'params': {'alpha': 1.0, 'prob': 0.6}}, {'type': 'MixUp', 'params': {'alpha': 0.4, 'prob': 0.6}}]",32,auto,15,v8,1024,True,1.0867114729901073,76.11144042679312,0.00015241685738188768,0.0,0.0,0.0,0.0,0.13989637305699482,0.15517241379310345,0.0,0.0,0.0,0.0,0.0,0.14713896457765668,0.017543859649122806,0.034482758620689655,0.40707964601769914,0.17557251908396945,0.4207920792079208,0.17745302713987474,0.004761904761904762,0.07692307692307693,0.0,0.028846153846153848,0.023255813953488372,0.24533333333333332,0.008968609865470852,0.24963289280469897,0.25,0.015306122448979591,0.0,0.0,0.14282834760026197,0.17312252964426877,0.1018893590455304,0.0951470711281714,0.5084137415932442,0.09526014245224887,0.06063337024829678,-0.000625336072308177,-0.00039011880478501126,17.31225296442688,2.690396159887314,16.52173913043478,8.0,0.46874998455810596,0.08301679440995241,0.3530300275136599
ebed1e59832c4be6b38fdbc909aa158e,5,42,"{'data_dir': 'data/gold/datasets/v8/train_val', 'experiment_name': 'Inception', 'mlflow_uri': 'file:///mlruns', 'dataset_name': 'v8', 'seed': 42, 'max_epochs': 30, 'batch_size': 32, 'num_workers': 0, 'device': 'auto'}",30,"{'type': 'AdamW', 'params': {'lr': 0.00036433445823807575, 'weight_decay': 1.472012465703329e-05}}","{'type': 'CrossEntropyLoss', 'params': {'label_smoothing': 0.1}}","[{'class_path': 'src.utils.callbacks.EarlyStopping', 'init_args': {'patience': 7, 'verbose': True}}, {'class_path': 'src.utils.callbacks.ModelCheckpoint', 'init_args': {'filepath': 'best_model_inception.pth', 'monitor': 'val_loss', 'save_best_only': True}}]",{'use_augmentation': False},file:///mlruns,IMAGENET1K_V1,"{'type': 'ReduceLROnPlateau', 'params': {'mode': 'min', 'patience': 5, 'factor': 0.3868421704055204, 'min_lr': 1e-07}}",10,inception,data/gold/datasets/v8/train_val,inception_v3,0,Inception,0.5822365796076985,"{'architecture': 'inception_v3', 'pretrained': True, 'unfreeze_layers': 5, 'hidden_units': 1024, 'dropout': 0.5822365796076985, 'weights': 'IMAGENET1K_V1'}","[{'type': 'CutMix', 'params': {'alpha': 1.0, 'prob': 0.6}}, {'type': 'MixUp', 'params': {'alpha': 0.4, 'prob': 0.6}}]",32,auto,15,v8,1024,True,0.92377994383684,84.31140090891128,0.00014093993257833666,0.030303030303030304,0.014705882352941176,0.027777777777777776,0.13333333333333333,0.06217616580310881,0.19672131147540983,0.045454545454545456,0.022727272727272728,0.019230769230769232,0.5,0.07692307692307693,0.09448818897637795,0.03333333333333333,0.034482758620689655,0.7345132743362832,0.20418204182041821,0.04950495049504951,0.14084507042253522,0.11428571428571428,0.15384615384615385,0.04819277108433735,0.04149377593360996,0.03389830508474576,0.31953801732435033,0.13114754098360656,0.07326007326007326,0.1111111111111111,0.025510204081632654,0.08,0.034482758620689655,0.20876456588835202,0.22924901185770752,0.14403759132870536,0.1886264913660915,0.6406790558837776,0.17108856593490768,0.11959858765338087,0.08609952669720988,0.07515302575961758,22.92490118577075,2.889715075492859,17.786561264822133,7.0,0.5104166498521598,0.4357009891300517,0.4880019516355274
3de6e87cb79c4ba7a84138428db6c13d,5,42,"{'data_dir': 'data/gold/datasets/v8/train_val', 'experiment_name': 'Inception', 'mlflow_uri': 'file:///mlruns', 'dataset_name': 'v8', 'seed': 42, 'max_epochs': 30, 'batch_size': 32, 'num_workers': 0, 'device': 'auto'}",30,"{'type': 'AdamW', 'params': {'lr': 0.00010602764778958878, 'weight_decay': 1.6435497475111308e-05}}","{'type': 'CrossEntropyLoss', 'params': {'label_smoothing': 0.1}}","[{'class_path': 'src.utils.callbacks.EarlyStopping', 'init_args': {'patience': 7, 'verbose': True}}, {'class_path': 'src.utils.callbacks.ModelCheckpoint', 'init_args': {'filepath': 'best_model_inception.pth', 'monitor': 'val_loss', 'save_best_only': True}}]","{'use_augmentation': True, 'per_image_aug_method': 'basic', 'basic_params': {'n_augments': 1, 'rotation_range': 14, 'horizontal_flip_prob': 0.32518332202674705, 'brightness_range': 0.21888185350141923, 'contrast_range': 0.19126724140656393, 'width_shift_range': 0.1774425485152653}, 'batch_level_aug_method': 'none'}",file:///mlruns,IMAGENET1K_V1,"{'type': 'ReduceLROnPlateau', 'params': {'mode': 'min', 'patience': 3, 'factor': 0.3545641645055122, 'min_lr': 1e-07}}",10,inception,data/gold/datasets/v8/train_val,inception_v3,0,Inception,0.4282623055075649,"{'architecture': 'inception_v3', 'pretrained': True, 'unfreeze_layers': 5, 'hidden_units': 1024, 'dropout': 0.4282623055075649, 'weights': 'IMAGENET1K_V1'}","[{'type': 'CutMix', 'params': {'alpha': 1.0, 'prob': 0.6}}, {'type': 'MixUp', 'params': {'alpha': 0.4, 'prob': 0.6}}]",32,auto,15,v8,1024,True,2.304023006409436,10.393202924323257,3.7593604353000265e-05,0.0,0.0,0.0,0.0598159509202454,0.0,0.0,0.0,0.0,0.0,0.0308300395256917,1.0,0.0,0.0,0.0,0.0,0.0,0.0,0.0,0.0,0.0,0.0,0.0,0.0,0.0,0.0,0.0,0.0,0.0,0.0,0.0,0.027646042885845663,0.16600790513833993,0.1,0.016653449643140365,0.4763135284118329,0.047398586103400926,0.028552005438477225,0.0061444133083601235,0.0005422006606761176,16.600790513833992,2.3108435750007628,3.08300395256917,1.0,0.02604166580878366,0.11054734946108218,0.05139337090447321
5cbbe11a2e2044e3ad0ab368fffd8f9d,5,42,"{'data_dir': 'data/gold/datasets/v8/train_val', 'experiment_name': 'Inception', 'mlflow_uri': 'file:///mlruns', 'dataset_name': 'v8', 'seed': 42, 'max_epochs': 30, 'batch_size': 32, 'num_workers': 0, 'device': 'auto'}",30,"{'type': 'AdamW', 'params': {'lr': 0.0002755477715756159, 'weight_decay': 2.0553175027763317e-05}}","{'type': 'CrossEntropyLoss', 'params': {'label_smoothing': 0.1}}","[{'class_path': 'src.utils.callbacks.EarlyStopping', 'init_args': {'patience': 7, 'verbose': True}}, {'class_path': 'src.utils.callbacks.ModelCheckpoint', 'init_args': {'filepath': 'best_model_inception.pth', 'monitor': 'val_loss', 'save_best_only': True}}]",{'use_augmentation': False},file:///mlruns,IMAGENET1K_V1,"{'type': 'ReduceLROnPlateau', 'params': {'mode': 'min', 'patience': 4, 'factor': 0.2824200464596722, 'min_lr': 1e-07}}",10,inception,data/gold/datasets/v8/train_val,inception_v3,0,Inception,0.5925977298860013,"{'architecture': 'inception_v3', 'pretrained': True, 'unfreeze_layers': 5, 'hidden_units': 1024, 'dropout': 0.5925977298860013, 'weights': 'IMAGENET1K_V1'}","[{'type': 'CutMix', 'params': {'alpha': 1.0, 'prob': 0.6}}, {'type': 'MixUp', 'params': {'alpha': 0.4, 'prob': 0.6}}]",32,auto,15,v8,1024,True,1.0295164945732815,78.71962062833433,7.78202144502446e-05,0.0,0.07352941176470588,0.17857142857142858,0.0,0.08808290155440414,0.13934426229508196,0.0,0.0,0.10416666666666667,0.0,0.0,0.10793650793650794,0.019230769230769232,0.034482758620689655,0.7477876106194691,0.19010123734533182,0.039603960396039604,0.13333333333333333,0.009523809523809525,0.05405405405405406,0.028985507246376812,0.09961685823754789,0.024691358024691357,0.3031390134529148,0.016194331983805668,0.061068702290076333,0.2,0.0663265306122449,0.09090909090909091,0.017241379310344827,0.14084403305632762,0.18735177865612648,0.11452291879348409,0.10706320274772776,0.5870736637791205,0.11634972363040347,0.07777883325876975,0.029857003051124126,0.024218576479557385,18.73517786561265,2.767981141805649,17.07509881422925,4.0,0.4869791506242546,0.20697939156624703,0.4029792229068523
962d44907445436abde715227f90d895,6,42,"{'data_dir': 'data/gold/datasets/v8/train_val', 'experiment_name': 'Inception', 'mlflow_uri': 'file:///mlruns', 'dataset_name': 'v8', 'seed': 42, 'max_epochs': 30, 'batch_size': 32, 'num_workers': 0, 'device': 'auto'}",30,"{'type': 'AdamW', 'params': {'lr': 0.00033695177941312214, 'weight_decay': 3.7615829626240236e-05}}","{'type': 'CrossEntropyLoss', 'params': {'label_smoothing': 0.1}}","[{'class_path': 'src.utils.callbacks.EarlyStopping', 'init_args': {'patience': 7, 'verbose': True}}, {'class_path': 'src.utils.callbacks.ModelCheckpoint', 'init_args': {'filepath': 'best_model_inception.pth', 'monitor': 'val_loss', 'save_best_only': True}}]",{'use_augmentation': False},file:///mlruns,IMAGENET1K_V1,"{'type': 'ReduceLROnPlateau', 'params': {'mode': 'min', 'patience': 5, 'factor': 0.1698693310462612, 'min_lr': 1e-07}}",10,inception,data/gold/datasets/v8/train_val,inception_v3,0,Inception,0.5747980847390561,"{'architecture': 'inception_v3', 'pretrained': True, 'unfreeze_layers': 6, 'hidden_units': 1024, 'dropout': 0.5747980847390561, 'weights': 'IMAGENET1K_V1'}","[{'type': 'CutMix', 'params': {'alpha': 1.0, 'prob': 0.6}}, {'type': 'MixUp', 'params': {'alpha': 0.4, 'prob': 0.6}}]",32,auto,15,v8,1024,True,1.024940990996535,79.05552262398736,5.7237773363754425e-05,0.041666666666666664,0.0,0.0,0.0,0.3160621761658031,0.16712328767123288,0.25,0.022727272727272728,0.0,0.0,0.0,0.21863799283154123,0.03669724770642202,0.13793103448275862,0.12389380530973451,0.19858156028368795,0.06435643564356436,0.1625,0.2523809523809524,0.17096774193548386,0.0,0.16481069042316257,0.057971014492753624,0.15258855585831063,0.20384615384615384,0.09219858156028368,0.14624505928853754,0.18877551020408162,0.0,0.0,0.20726452899125666,0.2015810276679842,0.13554893384827355,0.14434508928226847,0.5964633886957433,0.17215455708795366,0.11897511385921355,0.06351227829634218,0.06102579064840008,20.158102766798418,2.5684405863285065,15.573122529644268,8.0,0.43749998558756553,0.3438453751941273,0.40940360246953406
7755134fe4044550bb8ebc5dc2f0ed44,5,42,"{'data_dir': 'data/gold/datasets/v8/train_val', 'experiment_name': 'Inception', 'mlflow_uri': 'file:///mlruns', 'dataset_name': 'v8', 'seed': 42, 'max_epochs': 30, 'batch_size': 32, 'num_workers': 0, 'device': 'auto'}",30,"{'type': 'AdamW', 'params': {'lr': 0.0005091635945818553, 'weight_decay': 0.0002870875348195468}}","{'type': 'CrossEntropyLoss', 'params': {'label_smoothing': 0.1}}","[{'class_path': 'src.utils.callbacks.EarlyStopping', 'init_args': {'patience': 7, 'verbose': True}}, {'class_path': 'src.utils.callbacks.ModelCheckpoint', 'init_args': {'filepath': 'best_model_inception.pth', 'monitor': 'val_loss', 'save_best_only': True}}]",{'use_augmentation': False},file:///mlruns,IMAGENET1K_V1,"{'type': 'ReduceLROnPlateau', 'params': {'mode': 'min', 'patience': 7, 'factor': 0.12961786069363615, 'min_lr': 1e-07}}",10,inception,data/gold/datasets/v8/train_val,inception_v3,0,Inception,0.5446384285364503,"{'architecture': 'inception_v3', 'pretrained': True, 'unfreeze_layers': 5, 'hidden_units': 512, 'dropout': 0.5446384285364503, 'weights': 'IMAGENET1K_V1'}","[{'type': 'CutMix', 'params': {'alpha': 1.0, 'prob': 0.6}}, {'type': 'MixUp', 'params': {'alpha': 0.4, 'prob': 0.6}}]",32,auto,15,v8,512,True,1.1722057304041256,72.06085753803596,0.0005091635945818553,0.03636363636363636,0.029411764705882353,0.2222222222222222,0.05555555555555555,0.11917098445595854,0.1554054054054054,0.09090909090909091,0.022727272727272728,0.05194805194805195,0.06060606060606061,0.05128205128205128,0.1348973607038123,0.03333333333333333,0.034482758620689655,0.084070796460177,0.21839080459770116,0.7178217821782178,0.16057585825027684,0.0380952380952381,0.27586206896551724,0.027777777777777776,0.0,0.03389830508474576,0.12140575079872204,0.06694560669456066,0.26244343891402716,0.0,0.0,0.07142857142857142,0.017241379310344827,0.16867834270180573,0.18102766798418973,0.12040449190869137,0.1258055711931581,0.5482057135146693,0.13274990954288235,0.09512668527715532,0.03819916833844451,0.03271329478574203,18.102766798418973,2.6592798471450805,15.968379446640316,4.0,0.45052081849195746,0.24090449392587457,0.3876359211221326
d68efc3b5513447fa155cb9c295cb488,3,42,"{'data_dir': 'data/gold/datasets/v8/train_val', 'experiment_name': 'Inception', 'mlflow_uri': 'file:///mlruns', 'dataset_name': 'v8', 'seed': 42, 'max_epochs': 30, 'batch_size': 32, 'num_workers': 0, 'device': 'auto'}",30,"{'type': 'AdamW', 'params': {'lr': 0.0009323621351781479, 'weight_decay': 0.0003550304858128307}}","{'type': 'CrossEntropyLoss', 'params': {'label_smoothing': 0.1}}","[{'class_path': 'src.utils.callbacks.EarlyStopping', 'init_args': {'patience': 7, 'verbose': True}}, {'class_path': 'src.utils.callbacks.ModelCheckpoint', 'init_args': {'filepath': 'best_model_inception.pth', 'monitor': 'val_loss', 'save_best_only': True}}]","{'use_augmentation': True, 'per_image_aug_method': 'advanced', 'advanced_params': {'p_distort': 0.2913841307520112, 'p_noise': 0.12930163420191518, 'p_dropout': 0.23684660530243137, 'num_holes': 7, 'crop_scale_min': 0.6244076469689558}, 'batch_level_aug_method': 'none'}",file:///mlruns,IMAGENET1K_V1,"{'type': 'ReduceLROnPlateau', 'params': {'mode': 'min', 'patience': 8, 'factor': 0.45793094017105956, 'min_lr': 1e-07}}",10,inception,data/gold/datasets/v8/train_val,inception_v3,0,Inception,0.3554563366576581,"{'architecture': 'inception_v3', 'pretrained': True, 'unfreeze_layers': 3, 'hidden_units': 1024, 'dropout': 0.3554563366576581, 'weights': 'IMAGENET1K_V1'}","[{'type': 'CutMix', 'params': {'alpha': 1.0, 'prob': 0.6}}, {'type': 'MixUp', 'params': {'alpha': 0.4, 'prob': 0.6}}]",32,auto,15,v8,1024,True,2.302518842343261,10.55127445168939,0.0009323621351781479,0.0,0.0,0.0,0.0,0.0,0.0,0.0,0.0,0.0,0.0,0.0,0.0,0.02292490118577075,1.0,0.0,0.0,0.0,0.0,0.0,0.0,0.0,0.0,0.04482225656877898,0.0,0.0,0.0,0.0,0.0,0.0,0.0,0.03191801152962864,0.17865612648221343,0.1,0.017865612648221344,0.48566131929276707,0.05416000615020824,0.030315224681421865,0.0,0.0,17.865612648221344,2.3066449403762816,2.292490118577075,1.0,0.0,0.08555985002339937,0.02566795500701981
b8fa94c0e1e54361a3cb7b3188b25711,3,42,"{'data_dir': 'data/gold/datasets/v8/train_val', 'experiment_name': 'Inception', 'mlflow_uri': 'file:///mlruns', 'dataset_name': 'v8', 'seed': 42, 'max_epochs': 30, 'batch_size': 32, 'num_workers': 0, 'device': 'auto'}",30,"{'type': 'AdamW', 'params': {'lr': 0.00032676417657817656, 'weight_decay': 0.00015304852121831474}}","{'type': 'CrossEntropyLoss', 'params': {'label_smoothing': 0.1}}","[{'class_path': 'src.utils.callbacks.EarlyStopping', 'init_args': {'patience': 7, 'verbose': True}}, {'class_path': 'src.utils.callbacks.ModelCheckpoint', 'init_args': {'filepath': 'best_model_inception.pth', 'monitor': 'val_loss', 'save_best_only': True}}]","{'use_augmentation': True, 'per_image_aug_method': 'none', 'batch_level_aug_method': 'cutmix', 'mix_alpha': 0.6894823157779036}",file:///mlruns,IMAGENET1K_V1,"{'type': 'ReduceLROnPlateau', 'params': {'mode': 'min', 'patience': 3, 'factor': 0.34301794076057535, 'min_lr': 1e-07}}",10,inception,data/gold/datasets/v8/train_val,inception_v3,0,Inception,0.3599021346475079,"{'architecture': 'inception_v3', 'pretrained': True, 'unfreeze_layers': 3, 'hidden_units': 1024, 'dropout': 0.3599021346475079, 'weights': 'IMAGENET1K_V1'}","[{'type': 'CutMix', 'params': {'alpha': 1.0, 'prob': 0.6}}, {'type': 'MixUp', 'params': {'alpha': 0.4, 'prob': 0.6}}]",32,auto,15,v8,1024,True,2.261613692956535,16.26160837779095,1.3188182387278496e-05,0.0,0.0,0.0,0.06060606060606061,0.0,0.0,0.0,0.0,0.0,0.03968253968253968,0.1282051282051282,0.0,0.0,0.0,0.3185840707964602,0.14906832298136646,0.3118811881188119,0.16153846153846155,0.004761904761904762,0.5,0.05660377358490566,0.19951338199513383,0.0,0.20310296191819463,0.009433962264150943,0.21283783783783783,0.19069767441860466,0.20918367346938777,0.0625,0.05172413793103448,0.09703082870793317,0.17470355731225296,0.11796560644653886,0.06749789327534934,0.5097468646318455,0.12063603873251823,0.08127457523240471,0.027823238600368595,0.02536043642031438,17.470355731225297,2.240637493133545,14.624505928853754,18.0,0.40624998661702516,0.19870867709453513,0.3439875937602781
e419dc0bfdf54fccab759a6ded4a8d20,6,42,"{'data_dir': 'data/gold/datasets/v8/train_val', 'experiment_name': 'Inception', 'mlflow_uri': 'file:///mlruns', 'dataset_name': 'v8', 'seed': 42, 'max_epochs': 30, 'batch_size': 32, 'num_workers': 0, 'device': 'auto'}",30,"{'type': 'AdamW', 'params': {'lr': 0.0004295378891945438, 'weight_decay': 3.154043075707901e-05}}","{'type': 'CrossEntropyLoss', 'params': {'label_smoothing': 0.1}}","[{'class_path': 'src.utils.callbacks.EarlyStopping', 'init_args': {'patience': 7, 'verbose': True}}, {'class_path': 'src.utils.callbacks.ModelCheckpoint', 'init_args': {'filepath': 'best_model_inception.pth', 'monitor': 'val_loss', 'save_best_only': True}}]",{'use_augmentation': False},file:///mlruns,IMAGENET1K_V1,"{'type': 'ReduceLROnPlateau', 'params': {'mode': 'min', 'patience': 5, 'factor': 0.21949780526404156, 'min_lr': 1e-07}}",10,inception,data/gold/datasets/v8/train_val,inception_v3,0,Inception,0.558423356188152,"{'architecture': 'inception_v3', 'pretrained': True, 'unfreeze_layers': 6, 'hidden_units': 1024, 'dropout': 0.558423356188152, 'weights': 'IMAGENET1K_V1'}","[{'type': 'CutMix', 'params': {'alpha': 1.0, 'prob': 0.6}}, {'type': 'MixUp', 'params': {'alpha': 0.4, 'prob': 0.6}}]",32,auto,15,v8,1024,True,0.916118464623485,84.27188302706975,9.428262395595143e-05,0.03773584905660377,0.029411764705882353,0.25,0.043478260869565216,0.09326424870466321,0.21176470588235294,0.1111111111111111,0.022727272727272728,0.05263157894736842,0.14285714285714285,0.02564102564102564,0.12949640287769784,0.0,0.0,0.6814159292035398,0.23019431988041852,0.12871287128712872,0.2,0.2761904761904762,0.2248062015503876,0.0,0.12371134020618557,0.0,0.34413407821229053,0.24786324786324787,0.1566265060240964,0.18947368421052632,0.09183673469387756,0.0,0.0,0.19375570467939188,0.21976284584980238,0.1349200323153866,0.15602071654919394,0.5897125277739595,0.17204691168439515,0.11356772640570556,0.06949668867891176,0.06279274707853455,21.976284584980238,2.790431576967239,21.976284584980238,10.0,0.6484374786387134,0.3681821903731879,0.5643608921590557
436e92ffce70467ea21fa1edcc61b11f,6,42,"{'data_dir': 'data/gold/datasets/v8/train_val', 'experiment_name': 'Inception', 'mlflow_uri': 'file:///mlruns', 'dataset_name': 'v8', 'seed': 42, 'max_epochs': 30, 'batch_size': 32, 'num_workers': 0, 'device': 'auto'}",30,"{'type': 'AdamW', 'params': {'lr': 0.0005345956093564385, 'weight_decay': 6.613470082667599e-05}}","{'type': 'CrossEntropyLoss', 'params': {'label_smoothing': 0.1}}","[{'class_path': 'src.utils.callbacks.EarlyStopping', 'init_args': {'patience': 7, 'verbose': True}}, {'class_path': 'src.utils.callbacks.ModelCheckpoint', 'init_args': {'filepath': 'best_model_inception.pth', 'monitor': 'val_loss', 'save_best_only': True}}]",{'use_augmentation': False},file:///mlruns,IMAGENET1K_V1,"{'type': 'ReduceLROnPlateau', 'params': {'mode': 'min', 'patience': 4, 'factor': 0.2522001320627965, 'min_lr': 1e-07}}",10,inception,data/gold/datasets/v8/train_val,inception_v3,0,Inception,0.5209022833731468,"{'architecture': 'inception_v3', 'pretrained': True, 'unfreeze_layers': 6, 'hidden_units': 1024, 'dropout': 0.5209022833731468, 'weights': 'IMAGENET1K_V1'}","[{'type': 'CutMix', 'params': {'alpha': 1.0, 'prob': 0.6}}, {'type': 'MixUp', 'params': {'alpha': 0.4, 'prob': 0.6}}]",32,auto,15,v8,1024,True,1.187392947514098,70.6777316735823,0.00013482508327988495,0.0,0.0,0.0,0.0,0.0,0.0,0.0,0.0,0.0,0.0,0.0,0.0,0.14285714285714285,0.034482758620689655,0.004424778761061947,0.5,0.0594059405940594,0.125,0.0,0.0,0.08940397350993377,0.0,0.05555555555555555,0.008771929824561403,0.0,0.08053691275167785,0.0,0.0,0.04695652173913043,0.9310344827586207,0.18674792911194135,0.12806324110671938,0.1532694020140752,0.14357660986895754,0.590598404215298,0.12723223766595898,0.10766932801254214,0.04443446109389956,0.04041706554869684,12.806324110671937,5.698595893383026,5.375494071146245,1.0,0.10156249665425629,0.26626157301570935,0.1509722195626922
b286047b5ee546ce9f1bde999144d03d,5,42,"{'data_dir': 'data/gold/datasets/v8/train_val', 'experiment_name': 'Inception', 'mlflow_uri': 'file:///mlruns', 'dataset_name': 'v8', 'seed': 42, 'max_epochs': 30, 'batch_size': 32, 'num_workers': 0, 'device': 'auto'}",30,"{'type': 'AdamW', 'params': {'lr': 0.00029656683009624115, 'weight_decay': 2.9283295369002596e-05}}","{'type': 'CrossEntropyLoss', 'params': {'label_smoothing': 0.1}}","[{'class_path': 'src.utils.callbacks.EarlyStopping', 'init_args': {'patience': 7, 'verbose': True}}, {'class_path': 'src.utils.callbacks.ModelCheckpoint', 'init_args': {'filepath': 'best_model_inception.pth', 'monitor': 'val_loss', 'save_best_only': True}}]",{'use_augmentation': False},file:///mlruns,IMAGENET1K_V1,"{'type': 'ReduceLROnPlateau', 'params': {'mode': 'min', 'patience': 4, 'factor': 0.252451417551337, 'min_lr': 1e-07}}",10,inception,data/gold/datasets/v8/train_val,inception_v3,0,Inception,0.5665973020645788,"{'architecture': 'inception_v3', 'pretrained': True, 'unfreeze_layers': 5, 'hidden_units': 1024, 'dropout': 0.5665973020645788, 'weights': 'IMAGENET1K_V1'}","[{'type': 'CutMix', 'params': {'alpha': 1.0, 'prob': 0.6}}, {'type': 'MixUp', 'params': {'alpha': 0.4, 'prob': 0.6}}]",32,auto,15,v8,1024,True,1.1179665152297804,74.8271092669433,7.486871665650259e-05,0.0,0.0,0.0,0.0,0.08808290155440414,0.2,0.0,0.0,0.0,0.0,0.0,0.1223021582733813,0.14285714285714285,0.034482758620689655,0.6858407079646017,0.21557719054242003,0.2079207920792079,0.20689655172413793,0.09047619047619047,0.18811881188118812,0.08602150537634409,0.13688212927756654,0.05555555555555555,0.328042328042328,0.12218649517684887,0.2074074074074074,0.26865671641791045,0.09183673469387756,0.11428571428571428,0.06896551724137931,0.24499983054608218,0.21027667984189724,0.17410205629356829,0.20089353648798292,0.6477246082423085,0.19317944285630426,0.16479121850460735,0.08133612655182974,0.0792230918652993,21.027667984189723,2.5934042036533356,20.23715415019763,4.0,0.5911458138593892,0.41632965903215646,0.5387009674112194
7e52f9da9b304d4486782edbd895b952,6,42,"{'data_dir': 'data/gold/datasets/v8/train_val', 'experiment_name': 'Inception', 'mlflow_uri': 'file:///mlruns', 'dataset_name': 'v8', 'seed': 42, 'max_epochs': 30, 'batch_size': 32, 'num_workers': 0, 'device': 'auto'}",30,"{'type': 'AdamW', 'params': {'lr': 0.0006528053710862778, 'weight_decay': 3.826995086534169e-05}}","{'type': 'CrossEntropyLoss', 'params': {'label_smoothing': 0.1}}","[{'class_path': 'src.utils.callbacks.EarlyStopping', 'init_args': {'patience': 7, 'verbose': True}}, {'class_path': 'src.utils.callbacks.ModelCheckpoint', 'init_args': {'filepath': 'best_model_inception.pth', 'monitor': 'val_loss', 'save_best_only': True}}]",{'use_augmentation': False},file:///mlruns,IMAGENET1K_V1,"{'type': 'ReduceLROnPlateau', 'params': {'mode': 'min', 'patience': 4, 'factor': 0.18958949036187403, 'min_lr': 1e-07}}",10,inception,data/gold/datasets/v8/train_val,inception_v3,0,Inception,0.5919536362132102,"{'architecture': 'inception_v3', 'pretrained': True, 'unfreeze_layers': 6, 'hidden_units': 1024, 'dropout': 0.5919536362132102, 'weights': 'IMAGENET1K_V1'}","[{'type': 'CutMix', 'params': {'alpha': 1.0, 'prob': 0.6}}, {'type': 'MixUp', 'params': {'alpha': 0.4, 'prob': 0.6}}]",32,auto,15,v8,1024,True,1.1554260211508163,72.73266152934202,0.00012376503760974146,0.13157894736842105,0.11764705882352941,0.21052631578947367,0.20408163265306123,0.11398963730569948,0.1981981981981982,0.15625,0.11363636363636363,0.1509433962264151,0.5,0.1282051282051282,0.14473684210526316,0.25,0.13793103448275862,0.672566371681416,0.24918032786885247,0.29207920792079206,0.18553459119496854,0.10476190476190476,0.22916666666666666,0.0547945205479452,0.06511627906976744,0.17777777777777778,0.36363636363636365,0.1437908496732026,0.22692307692307692,0.3684210526315789,0.03571428571428571,0.13333333333333333,0.034482758620689655,0.24583967241885535,0.24110671936758893,0.2113035371575938,0.22191720891407196,0.645308636671682,0.22781089356371714,0.20608589579514844,0.1159048027765374,0.11382050340891592,24.110671936758894,2.4381114840507507,22.608695652173914,7.0,0.6692708112857403,0.5569101724802104,0.6355626196440812
710bfa3162564bf895dff91df2741c4e,6,42,"{'data_dir': 'data/gold/datasets/v8/train_val', 'experiment_name': 'Inception', 'mlflow_uri': 'file:///mlruns', 'dataset_name': 'v8', 'seed': 42, 'max_epochs': 30, 'batch_size': 32, 'num_workers': 0, 'device': 'auto'}",30,"{'type': 'AdamW', 'params': {'lr': 0.0006051279164307062, 'weight_decay': 6.879866995039189e-05}}","{'type': 'CrossEntropyLoss', 'params': {'label_smoothing': 0.1}}","[{'class_path': 'src.utils.callbacks.EarlyStopping', 'init_args': {'patience': 7, 'verbose': True}}, {'class_path': 'src.utils.callbacks.ModelCheckpoint', 'init_args': {'filepath': 'best_model_inception.pth', 'monitor': 'val_loss', 'save_best_only': True}}]",{'use_augmentation': False},file:///mlruns,IMAGENET1K_V1,"{'type': 'ReduceLROnPlateau', 'params': {'mode': 'min', 'patience': 5, 'factor': 0.17003401623172362, 'min_lr': 1e-07}}",10,inception,data/gold/datasets/v8/train_val,inception_v3,0,Inception,0.4769985543459003,"{'architecture': 'inception_v3', 'pretrained': True, 'unfreeze_layers': 6, 'hidden_units': 1024, 'dropout': 0.4769985543459003, 'weights': 'IMAGENET1K_V1'}","[{'type': 'CutMix', 'params': {'alpha': 1.0, 'prob': 0.6}}, {'type': 'MixUp', 'params': {'alpha': 0.4, 'prob': 0.6}}]",32,auto,15,v8,1024,True,1.1310943530685131,73.20687611144042,0.00010289232996464779,0.0,0.014705882352941176,0.1111111111111111,0.0,0.41968911917098445,0.15576923076923077,0.0,0.0,0.025974025974025976,0.0,0.0,0.22720897615708274,0.0,0.0,0.4690265486725664,0.19030520646319568,0.04950495049504951,0.16393442622950818,0.05714285714285714,0.11538461538461539,0.0,0.00975609756097561,0.0,0.2707535121328225,0.07643312101910828,0.07604562737642585,0.1111111111111111,0.00510204081632653,0.0,0.0,0.14283943285767733,0.19367588932806323,0.11751324476330158,0.1558388676034351,0.5848854705342813,0.10127962680121545,0.07033594165198317,0.04041248597776556,0.03030822265259514,19.367588932806324,2.667387622594833,16.679841897233203,2.0,0.4739583177198628,0.24990539775386084,0.4067424417300622
8fb7c353cd044401b960d438ea109fa8,4,42,"{'data_dir': 'data/gold/datasets/v8/train_val', 'experiment_name': 'Inception', 'mlflow_uri': 'file:///mlruns', 'dataset_name': 'v8', 'seed': 42, 'max_epochs': 30, 'batch_size': 32, 'num_workers': 0, 'device': 'auto'}",30,"{'type': 'AdamW', 'params': {'lr': 0.0004069718158955968, 'weight_decay': 0.00010124137770478625}}","{'type': 'CrossEntropyLoss', 'params': {'label_smoothing': 0.1}}","[{'class_path': 'src.utils.callbacks.EarlyStopping', 'init_args': {'patience': 7, 'verbose': True}}, {'class_path': 'src.utils.callbacks.ModelCheckpoint', 'init_args': {'filepath': 'best_model_inception.pth', 'monitor': 'val_loss', 'save_best_only': True}}]",{'use_augmentation': False},file:///mlruns,IMAGENET1K_V1,"{'type': 'ReduceLROnPlateau', 'params': {'mode': 'min', 'patience': 3, 'factor': 0.2114585856946446, 'min_lr': 1e-07}}",10,inception,data/gold/datasets/v8/train_val,inception_v3,0,Inception,0.31106608420635984,"{'architecture': 'inception_v3', 'pretrained': True, 'unfreeze_layers': 4, 'hidden_units': 512, 'dropout': 0.31106608420635984, 'weights': 'IMAGENET1K_V1'}","[{'type': 'CutMix', 'params': {'alpha': 1.0, 'prob': 0.6}}, {'type': 'MixUp', 'params': {'alpha': 0.4, 'prob': 0.6}}]",32,auto,15,v8,512,True,1.2659960802636394,67.7138905354673,8.605768460686418e-05,0.038461538461538464,0.0,0.0,0.0,0.30569948186528495,0.15051020408163265,0.125,0.022727272727272728,0.0,0.0,0.0,0.20170940170940171,0.0,0.0,0.13274336283185842,0.2727272727272727,0.4900990099009901,0.1703958691910499,0.03333333333333333,0.18421052631578946,0.0,0.10429447852760736,0.0,0.17857142857142858,0.056451612903225805,0.25287356321839083,0.13076923076923078,0.08673469387755102,0.0,0.0,0.13937526677953158,0.18814229249011857,0.11546910055384876,0.14090991746441212,0.5833234133811943,0.11469360207881887,0.07913866106427295,0.03209650903960314,0.025424459902763985,18.814229249011856,2.606940770149231,16.83794466403162,5.0,0.47916665088161947,0.21608679561272734,0.40024269430095183
fa00b9751f8f45dd9e25ad41bde4ad73,6,42,"{'data_dir': 'data/gold/datasets/v8/train_val', 'experiment_name': 'Inception', 'mlflow_uri': 'file:///mlruns', 'dataset_name': 'v8', 'seed': 42, 'max_epochs': 30, 'batch_size': 32, 'num_workers': 0, 'device': 'auto'}",30,"{'type': 'AdamW', 'params': {'lr': 0.00025766793656986463, 'weight_decay': 5.8731723408683316e-05}}","{'type': 'CrossEntropyLoss', 'params': {'label_smoothing': 0.1}}","[{'class_path': 'src.utils.callbacks.EarlyStopping', 'init_args': {'patience': 7, 'verbose': True}}, {'class_path': 'src.utils.callbacks.ModelCheckpoint', 'init_args': {'filepath': 'best_model_inception.pth', 'monitor': 'val_loss', 'save_best_only': True}}]",{'use_augmentation': False},file:///mlruns,IMAGENET1K_V1,"{'type': 'ReduceLROnPlateau', 'params': {'mode': 'min', 'patience': 7, 'factor': 0.2984932149645029, 'min_lr': 1e-07}}",10,inception,data/gold/datasets/v8/train_val,inception_v3,0,Inception,0.5387683916122951,"{'architecture': 'inception_v3', 'pretrained': True, 'unfreeze_layers': 6, 'hidden_units': 1024, 'dropout': 0.5387683916122951, 'weights': 'IMAGENET1K_V1'}","[{'type': 'CutMix', 'params': {'alpha': 1.0, 'prob': 0.6}}, {'type': 'MixUp', 'params': {'alpha': 0.4, 'prob': 0.6}}]",32,auto,15,v8,1024,True,1.0003145920196275,80.77455048409405,0.00025766793656986463,0.0,0.0,0.0,0.0,0.0051813471502590676,0.2,0.0,0.0,0.0,0.0,0.0,0.010101010101010102,0.0,0.0,0.42035398230088494,0.1539708265802269,0.0049504950495049506,0.25,0.1380952380952381,0.19078947368421054,0.0,0.2208955223880597,0.0,0.22538552787663108,0.16022099447513813,0.009708737864077669,0.15611814345991562,0.37755102040816324,0.0,0.0,0.21361391802474886,0.19130434782608696,0.11052221693517077,0.1790721258824723,0.5945239904066011,0.09002268956989504,0.05673948726807443,0.03949377958103475,0.019427399763892073,19.130434782608695,2.5808145701885223,15.810276679841898,3.0,0.44531248533020074,0.2461692923814451,0.38556952744557405
10cc41be86fd47349e2e7ba00b798701,6,42,"{'data_dir': 'data/gold/datasets/v8/train_val', 'experiment_name': 'Inception', 'mlflow_uri': 'file:///mlruns', 'dataset_name': 'v8', 'seed': 42, 'max_epochs': 30, 'batch_size': 32, 'num_workers': 0, 'device': 'auto'}",30,"{'type': 'AdamW', 'params': {'lr': 0.0002449174141618366, 'weight_decay': 2.6290303268266586e-05}}","{'type': 'CrossEntropyLoss', 'params': {'label_smoothing': 0.1}}","[{'class_path': 'src.utils.callbacks.EarlyStopping', 'init_args': {'patience': 7, 'verbose': True}}, {'class_path': 'src.utils.callbacks.ModelCheckpoint', 'init_args': {'filepath': 'best_model_inception.pth', 'monitor': 'val_loss', 'save_best_only': True}}]",{'use_augmentation': False},file:///mlruns,IMAGENET1K_V1,"{'type': 'ReduceLROnPlateau', 'params': {'mode': 'min', 'patience': 4, 'factor': 0.13284280371802962, 'min_lr': 1e-07}}",10,inception,data/gold/datasets/v8/train_val,inception_v3,0,Inception,0.591479698128039,"{'architecture': 'inception_v3', 'pretrained': True, 'unfreeze_layers': 6, 'hidden_units': 1024, 'dropout': 0.591479698128039, 'weights': 'IMAGENET1K_V1'}","[{'type': 'CutMix', 'params': {'alpha': 1.0, 'prob': 0.6}}, {'type': 'MixUp', 'params': {'alpha': 0.4, 'prob': 0.6}}]",32,auto,15,v8,1024,True,1.078498816235785,76.86228018178225,3.2535515976628224e-05,0.0,0.22058823529411764,0.078125,0.0,0.16580310880829016,0.16080402010050251,0.0,0.0,0.11538461538461539,0.0,0.0,0.16326530612244897,0.0,0.0,0.5619469026548672,0.20287539936102236,0.0049504950495049506,0.045454545454545456,0.12380952380952381,0.17567567567567569,0.024390243902439025,0.05357142857142857,0.0,0.2981220657276995,0.1452513966480447,0.008928571428571428,0.21428571428571427,0.030612244897959183,0.041666666666666664,0.017241379310344827,0.2086602128836482,0.1992094861660079,0.12034003679325862,0.1398034295360394,0.5563918444071182,0.12714179142339882,0.08207730722570854,0.05016822000861961,0.03871486076332986,19.92094861660079,2.456419712305069,16.442687747035574,2.0,0.46614581797722765,0.2895790633060254,0.413175791575867
df1f575a91504a44b10b7fa814270cc8,4,42,"{'data_dir': 'data/gold/datasets/v8/train_val', 'experiment_name': 'Inception', 'mlflow_uri': 'file:///mlruns', 'dataset_name': 'v8', 'seed': 42, 'max_epochs': 30, 'batch_size': 32, 'num_workers': 0, 'device': 'auto'}",30,"{'type': 'AdamW', 'params': {'lr': 0.00019487290213568488, 'weight_decay': 2.101079931010355e-05}}","{'type': 'CrossEntropyLoss', 'params': {'label_smoothing': 0.1}}","[{'class_path': 'src.utils.callbacks.EarlyStopping', 'init_args': {'patience': 7, 'verbose': True}}, {'class_path': 'src.utils.callbacks.ModelCheckpoint', 'init_args': {'filepath': 'best_model_inception.pth', 'monitor': 'val_loss', 'save_best_only': True}}]",{'use_augmentation': False},file:///mlruns,IMAGENET1K_V1,"{'type': 'ReduceLROnPlateau', 'params': {'mode': 'min', 'patience': 8, 'factor': 0.4232481518257668, 'min_lr': 1e-07}}",10,inception,data/gold/datasets/v8/train_val,inception_v3,0,Inception,0.3230939729486379,"{'architecture': 'inception_v3', 'pretrained': True, 'unfreeze_layers': 4, 'hidden_units': 512, 'dropout': 0.3230939729486379, 'weights': 'IMAGENET1K_V1'}","[{'type': 'CutMix', 'params': {'alpha': 1.0, 'prob': 0.6}}, {'type': 'MixUp', 'params': {'alpha': 0.4, 'prob': 0.6}}]",32,auto,15,v8,512,True,1.3032865714141206,65.44161232957913,0.00019487290213568488,0.039603960396039604,0.07352941176470588,0.07042253521126761,0.0,0.5233160621761658,0.1396957123098202,0.03508771929824561,0.045454545454545456,0.07194244604316546,0.0,0.0,0.2205240174672489,0.06666666666666667,0.034482758620689655,0.0,0.0,0.13366336633663367,0.14594594594594595,0.014285714285714285,0.16666666666666666,0.05263157894736842,0.009708737864077669,0.045454545454545456,0.0,0.02631578947368421,0.13953488372093023,0.1,0.00510204081632653,0.03529411764705882,0.10344827586206896,0.1466784692956111,0.15889328063241107,0.10121489165941588,0.09722399558913228,0.5279157887586782,0.11929998569956826,0.07803526489479795,0.0037308087677185913,0.0033617178822659133,15.889328063241107,2.7455059945583344,11.541501976284586,4.0,0.30468748996276895,0.10073193844047083,0.2435008245060795
cbd62ff9f63f41df95683cb5f52fd5f7,6,42,"{'data_dir': 'data/gold/datasets/v8/train_val', 'experiment_name': 'Inception', 'mlflow_uri': 'file:///mlruns', 'dataset_name': 'v8', 'seed': 42, 'max_epochs': 30, 'batch_size': 32, 'num_workers': 0, 'device': 'auto'}",30,"{'type': 'AdamW', 'params': {'lr': 0.000471205534094692, 'weight_decay': 0.00010764447858677629}}","{'type': 'CrossEntropyLoss', 'params': {'label_smoothing': 0.1}}","[{'class_path': 'src.utils.callbacks.EarlyStopping', 'init_args': {'patience': 7, 'verbose': True}}, {'class_path': 'src.utils.callbacks.ModelCheckpoint', 'init_args': {'filepath': 'best_model_inception.pth', 'monitor': 'val_loss', 'save_best_only': True}}]",{'use_augmentation': False},file:///mlruns,IMAGENET1K_V1,"{'type': 'ReduceLROnPlateau', 'params': {'mode': 'min', 'patience': 3, 'factor': 0.24069554490788736, 'min_lr': 1e-07}}",10,inception,data/gold/datasets/v8/train_val,inception_v3,0,Inception,0.5597846259023038,"{'architecture': 'inception_v3', 'pretrained': True, 'unfreeze_layers': 6, 'hidden_units': 512, 'dropout': 0.5597846259023038, 'weights': 'IMAGENET1K_V1'}","[{'type': 'CutMix', 'params': {'alpha': 1.0, 'prob': 0.6}}, {'type': 'MixUp', 'params': {'alpha': 0.4, 'prob': 0.6}}]",32,auto,15,v8,512,True,1.3219151088452297,63.58427188302707,0.00011341707279253399,0.0,0.0,0.0,0.0,0.0,0.0,0.0,0.0,0.0,0.0,0.0,0.0,0.0,0.0,0.9867256637168141,0.17868589743589744,0.0,0.0,0.004761904761904762,0.2,0.0,0.0,0.0,0.30257801899592945,0.009302325581395349,0.0,0.0,0.0,0.0,0.0,0.1928216642146111,0.2189723320158103,0.13405345495419035,0.13960760518930757,0.6251602822666151,0.173203974772833,0.11278568450152951,0.07228251680572943,0.06605929360001561,21.897233201581027,2.870376539230347,17.707509881422926,8.0,0.5078124832712815,0.3795113238899102,0.46932213545687007
a3a922d0041349e696218bafdf12325b,2,42,"{'data_dir': 'data/gold/datasets/v8/train_val', 'experiment_name': 'Inception', 'mlflow_uri': 'file:///mlruns', 'dataset_name': 'v8', 'seed': 42, 'max_epochs': 30, 'batch_size': 32, 'num_workers': 0, 'device': 'auto'}",30,"{'type': 'AdamW', 'params': {'lr': 0.0006741204610702762, 'weight_decay': 5.170191786366994e-05}}","{'type': 'CrossEntropyLoss', 'params': {'label_smoothing': 0.1}}","[{'class_path': 'src.utils.callbacks.EarlyStopping', 'init_args': {'patience': 7, 'verbose': True}}, {'class_path': 'src.utils.callbacks.ModelCheckpoint', 'init_args': {'filepath': 'best_model_inception.pth', 'monitor': 'val_loss', 'save_best_only': True}}]",{'use_augmentation': False},file:///mlruns,IMAGENET1K_V1,"{'type': 'ReduceLROnPlateau', 'params': {'mode': 'min', 'patience': 4, 'factor': 0.31707843326329943, 'min_lr': 1e-07}}",10,inception,data/gold/datasets/v8/train_val,inception_v3,0,Inception,0.38140470953216876,"{'architecture': 'inception_v3', 'pretrained': True, 'unfreeze_layers': 2, 'hidden_units': 1024, 'dropout': 0.38140470953216876, 'weights': 'IMAGENET1K_V1'}","[{'type': 'CutMix', 'params': {'alpha': 1.0, 'prob': 0.6}}, {'type': 'MixUp', 'params': {'alpha': 0.4, 'prob': 0.6}}]",32,auto,15,v8,1024,True,2.1969424504297237,19.996048211815847,0.00021374905962689622,0.05194805194805195,0.0,0.0,0.13612565445026178,0.025906735751295335,0.1724137931034483,0.06060606060606061,0.045454545454545456,0.0,0.08552631578947369,0.3333333333333333,0.04504504504504504,0.05952380952380952,0.1724137931034483,0.4646017699115044,0.24822695035460993,0.06435643564356436,0.21311475409836064,0.009523809523809525,0.1,0.07758620689655173,0.1979381443298969,0.08849557522123894,0.3235747303543914,0.017391304347826087,0.09885931558935361,0.16608996539792387,0.24489795918367346,0.05172413793103448,0.15517241379310345,0.10682964006084614,0.17549407114624507,0.14387370723807696,0.084856619608026,0.5838180507241764,0.12398243631537018,0.09773278725354975,0.04573512197273851,0.04199023398500623,17.549407114624508,2.236257863044739,15.968379446640316,7.0,0.45052081849195746,0.2715509735406356,0.39682986500656087
10d2c48fefdf4349ab153914bd2c9a60,2,42,"{'data_dir': 'data/gold/datasets/v8/train_val', 'experiment_name': 'Inception', 'mlflow_uri': 'file:///mlruns', 'dataset_name': 'v8', 'seed': 42, 'max_epochs': 30, 'batch_size': 32, 'num_workers': 0, 'device': 'auto'}",30,"{'type': 'AdamW', 'params': {'lr': 0.00020594201378693752, 'weight_decay': 4.212783985615555e-05}}","{'type': 'CrossEntropyLoss', 'params': {'label_smoothing': 0.1}}","[{'class_path': 'src.utils.callbacks.EarlyStopping', 'init_args': {'patience': 7, 'verbose': True}}, {'class_path': 'src.utils.callbacks.ModelCheckpoint', 'init_args': {'filepath': 'best_model_inception.pth', 'monitor': 'val_loss', 'save_best_only': True}}]",{'use_augmentation': False},file:///mlruns,IMAGENET1K_V1,"{'type': 'ReduceLROnPlateau', 'params': {'mode': 'min', 'patience': 5, 'factor': 0.27469311405266944, 'min_lr': 1e-07}}",10,inception,data/gold/datasets/v8/train_val,inception_v3,0,Inception,0.4827221590301234,"{'architecture': 'inception_v3', 'pretrained': True, 'unfreeze_layers': 2, 'hidden_units': 1024, 'dropout': 0.4827221590301234, 'weights': 'IMAGENET1K_V1'}","[{'type': 'CutMix', 'params': {'alpha': 1.0, 'prob': 0.6}}, {'type': 'MixUp', 'params': {'alpha': 0.4, 'prob': 0.6}}]",32,auto,15,v8,1024,True,2.211893108988251,19.502074688796682,5.657085308141165e-05,0.0915032679738562,0.04411764705882353,0.05084745762711865,0.12612612612612611,0.0,0.0,0.06422018348623854,0.1590909090909091,0.047244094488188976,0.09722222222222222,0.1794871794871795,0.0,0.014705882352941176,0.034482758620689655,0.3805309734513274,0.2670807453416149,0.0594059405940594,0.24489795918367346,0.014285714285714285,0.10344827586206896,0.0,0.2903225806451613,0.020618556701030927,0.31386861313868614,0.02510460251046025,0.09561752988047809,0.19708029197080293,0.5510204081632653,0.0,0.0,0.14250960210808133,0.17944664031620552,0.1203588728463024,0.11538563444101216,0.5492250642865707,0.1476159584006765,0.10454693839124987,0.027559612767775608,0.026293855225846374,17.94466403162055,2.252413833141327,17.94466403162055,7.0,0.5156249830139166,0.1976365893274715,0.42022846490798305
7883617da9634c869e8edb8e374a8fca,2,42,"{'data_dir': 'data/gold/datasets/v8/train_val', 'experiment_name': 'Inception', 'mlflow_uri': 'file:///mlruns', 'dataset_name': 'v8', 'seed': 42, 'max_epochs': 30, 'batch_size': 32, 'num_workers': 0, 'device': 'auto'}",30,"{'type': 'AdamW', 'params': {'lr': 0.00039913058785616813, 'weight_decay': 0.0002607024758370766}}","{'type': 'CrossEntropyLoss', 'params': {'label_smoothing': 0.1}}","[{'class_path': 'src.utils.callbacks.EarlyStopping', 'init_args': {'patience': 7, 'verbose': True}}, {'class_path': 'src.utils.callbacks.ModelCheckpoint', 'init_args': {'filepath': 'best_model_inception.pth', 'monitor': 'val_loss', 'save_best_only': True}}]",{'use_augmentation': False},file:///mlruns,IMAGENET1K_V1,"{'type': 'ReduceLROnPlateau', 'params': {'mode': 'min', 'patience': 3, 'factor': 0.4879639408647978, 'min_lr': 1e-07}}",10,inception,data/gold/datasets/v8/train_val,inception_v3,0,Inception,0.5598528437324806,"{'architecture': 'inception_v3', 'pretrained': True, 'unfreeze_layers': 2, 'hidden_units': 512, 'dropout': 0.5598528437324806, 'weights': 'IMAGENET1K_V1'}","[{'type': 'CutMix', 'params': {'alpha': 1.0, 'prob': 0.6}}, {'type': 'MixUp', 'params': {'alpha': 0.4, 'prob': 0.6}}]",32,auto,15,v8,512,True,2.188897679008012,21.31989725350721,0.0001947613345699792,0.03278688524590164,0.058823529411764705,0.11428571428571428,0.07272727272727272,0.025906735751295335,0.38461538461538464,0.058823529411764705,0.022727272727272728,0.07766990291262135,0.125,0.05128205128205128,0.04854368932038835,0.05063291139240506,0.13793103448275862,0.7123893805309734,0.19754601226993865,0.0,0.0,0.0,0.0,0.0,0.2138364779874214,0.07407407407407407,0.30931796349663787,0.0,0.0,0.18149466192170818,0.2602040816326531,0.0,0.0,0.1171743037593075,0.183399209486166,0.143534350059257,0.10395009173801292,0.5841130592065198,0.09976166423202339,0.08819641290459974,0.04554366664053791,0.035039266870724006,18.3399209486166,2.222041493654251,18.023715415019762,9.0,0.5182291495947949,0.27077238171003815,0.4439921192293679
0cdb8d27ac5b481bbdeb68721b65273e,6,42,"{'data_dir': 'data/gold/datasets/v8/train_val', 'experiment_name': 'Inception', 'mlflow_uri': 'file:///mlruns', 'dataset_name': 'v8', 'seed': 42, 'max_epochs': 30, 'batch_size': 32, 'num_workers': 0, 'device': 'auto'}",30,"{'type': 'AdamW', 'params': {'lr': 0.00020797133276936357, 'weight_decay': 1.6599837974449204e-05}}","{'type': 'CrossEntropyLoss', 'params': {'label_smoothing': 0.1}}","[{'class_path': 'src.utils.callbacks.EarlyStopping', 'init_args': {'patience': 7, 'verbose': True}}, {'class_path': 'src.utils.callbacks.ModelCheckpoint', 'init_args': {'filepath': 'best_model_inception.pth', 'monitor': 'val_loss', 'save_best_only': True}}]",{'use_augmentation': False},file:///mlruns,IMAGENET1K_V1,"{'type': 'ReduceLROnPlateau', 'params': {'mode': 'min', 'patience': 4, 'factor': 0.27084311545050255, 'min_lr': 1e-07}}",10,inception,data/gold/datasets/v8/train_val,inception_v3,0,Inception,0.568827389977048,"{'architecture': 'inception_v3', 'pretrained': True, 'unfreeze_layers': 6, 'hidden_units': 1024, 'dropout': 0.568827389977048, 'weights': 'IMAGENET1K_V1'}","[{'type': 'CutMix', 'params': {'alpha': 1.0, 'prob': 0.6}}, {'type': 'MixUp', 'params': {'alpha': 0.4, 'prob': 0.6}}]",32,auto,15,v8,1024,True,1.0146463037455795,79.88539814265955,5.632760369164762e-05,0.0,0.0,0.0,0.0,0.05699481865284974,0.16176470588235295,0.0,0.0,0.0,0.0,0.0,0.0842911877394636,0.0,0.0,0.4424778761061947,0.2127659574468085,0.504950495049505,0.14030261348005502,0.0,0.0,0.0,0.0,0.0,0.28735632183908044,0.0,0.21959095801937567,0.0,0.0,0.0,0.0,0.23681244656481137,0.22134387351778656,0.16701856402068482,0.26992124734183126,0.6319249507180851,0.17062931821946203,0.14750309796051173,0.08315279708942712,0.07266416157051514,22.134387351778656,2.791875112056732,16.83794466403162,6.0,0.47916665088161947,0.4237175171983553,0.46253191077664024
31cf499f1ead42288378c551df40cc12,6,42,"{'data_dir': 'data/gold/datasets/v8/train_val', 'experiment_name': 'Inception', 'mlflow_uri': 'file:///mlruns', 'dataset_name': 'v8', 'seed': 42, 'max_epochs': 30, 'batch_size': 32, 'num_workers': 0, 'device': 'auto'}",30,"{'type': 'AdamW', 'params': {'lr': 0.00011737877635585711, 'weight_decay': 1.1384385639914809e-05}}","{'type': 'CrossEntropyLoss', 'params': {'label_smoothing': 0.1}}","[{'class_path': 'src.utils.callbacks.EarlyStopping', 'init_args': {'patience': 7, 'verbose': True}}, {'class_path': 'src.utils.callbacks.ModelCheckpoint', 'init_args': {'filepath': 'best_model_inception.pth', 'monitor': 'val_loss', 'save_best_only': True}}]",{'use_augmentation': False},file:///mlruns,IMAGENET1K_V1,"{'type': 'ReduceLROnPlateau', 'params': {'mode': 'min', 'patience': 4, 'factor': 0.17903641973456713, 'min_lr': 1e-07}}",10,inception,data/gold/datasets/v8/train_val,inception_v3,0,Inception,0.5998304601824052,"{'architecture': 'inception_v3', 'pretrained': True, 'unfreeze_layers': 6, 'hidden_units': 1024, 'dropout': 0.5998304601824052, 'weights': 'IMAGENET1K_V1'}","[{'type': 'CutMix', 'params': {'alpha': 1.0, 'prob': 0.6}}, {'type': 'MixUp', 'params': {'alpha': 0.4, 'prob': 0.6}}]",32,auto,15,v8,1024,True,1.2883592219344242,65.91582691167753,2.101507587157712e-05,0.07228915662650602,0.0,0.0,0.019184652278177457,0.08808290155440414,0.1504424778761062,0.041666666666666664,0.2727272727272727,0.0,0.010582010582010581,0.10256410256410256,0.1111111111111111,0.0,0.0,0.008849557522123894,0.08,0.15841584158415842,0.16494845360824742,0.009523809523809525,0.2,0.04411764705882353,0.15466666666666667,0.0,0.01593625498007968,0.01818181818181818,0.16161616161616163,0.16201117318435754,0.14795918367346939,0.038461538461538464,0.05172413793103448,0.07185465238395294,0.17628458498023716,0.09872513800052571,0.042874396135265704,0.4984791988294833,0.0555852873373804,0.031216105394037196,-0.0021003527257659137,-0.0004485635719320147,17.628458498023715,2.7860889613628386,7.984189723320158,3.0,0.1874999938232424,0.07701834086375296,0.15435549793539555
e03525628ca44131b0ebe348bea176c5,5,42,"{'data_dir': 'data/gold/datasets/v8/train_val', 'experiment_name': 'Inception', 'mlflow_uri': 'file:///mlruns', 'dataset_name': 'v8', 'seed': 42, 'max_epochs': 30, 'batch_size': 32, 'num_workers': 0, 'device': 'auto'}",30,"{'type': 'AdamW', 'params': {'lr': 0.0006883558691299948, 'weight_decay': 1.4003301622190733e-05}}","{'type': 'CrossEntropyLoss', 'params': {'label_smoothing': 0.1}}","[{'class_path': 'src.utils.callbacks.EarlyStopping', 'init_args': {'patience': 7, 'verbose': True}}, {'class_path': 'src.utils.callbacks.ModelCheckpoint', 'init_args': {'filepath': 'best_model_inception.pth', 'monitor': 'val_loss', 'save_best_only': True}}]",{'use_augmentation': False},file:///mlruns,IMAGENET1K_V1,"{'type': 'ReduceLROnPlateau', 'params': {'mode': 'min', 'patience': 6, 'factor': 0.3066938207763588, 'min_lr': 1e-07}}",10,inception,data/gold/datasets/v8/train_val,inception_v3,0,Inception,0.44684637263212046,"{'architecture': 'inception_v3', 'pretrained': True, 'unfreeze_layers': 5, 'hidden_units': 1024, 'dropout': 0.44684637263212046, 'weights': 'IMAGENET1K_V1'}","[{'type': 'CutMix', 'params': {'alpha': 1.0, 'prob': 0.6}}, {'type': 'MixUp', 'params': {'alpha': 0.4, 'prob': 0.6}}]",32,auto,15,v8,1024,True,1.2322521816480538,69.31436475004939,0.0006883558691299948,0.03773584905660377,0.0,0.0,0.007246376811594203,0.010362694300518135,0.13333333333333333,0.03225806451612903,0.045454545454545456,0.0,0.004219409282700422,0.02564102564102564,0.019230769230769232,0.0,0.0,0.05752212389380531,0.1,0.3811881188118812,0.15461847389558234,0.23809523809523808,0.16666666666666666,0.0,0.0,0.0,0.07303370786516854,0.19607843137254902,0.22,0.0,0.0,0.0,0.0,0.1374744024294249,0.18498023715415018,0.1051799658116098,0.08372152466980054,0.5630648518508802,0.10024356277177038,0.058539424507790275,0.02795716979096412,0.01836572794547109,18.49802371541502,2.579349160194397,11.462450592885375,5.0,0.30208332338189053,0.19925333536892897,0.27123432697800204
c6235a3843aa4e25a6e2431c54d9fb2a,6,42,"{'data_dir': 'data/gold/datasets/v8/train_val', 'experiment_name': 'Inception', 'mlflow_uri': 'file:///mlruns', 'dataset_name': 'v8', 'seed': 42, 'max_epochs': 30, 'batch_size': 32, 'num_workers': 0, 'device': 'auto'}",30,"{'type': 'AdamW', 'params': {'lr': 0.00018975854412915492, 'weight_decay': 0.0007432308912830177}}","{'type': 'CrossEntropyLoss', 'params': {'label_smoothing': 0.1}}","[{'class_path': 'src.utils.callbacks.EarlyStopping', 'init_args': {'patience': 7, 'verbose': True}}, {'class_path': 'src.utils.callbacks.ModelCheckpoint', 'init_args': {'filepath': 'best_model_inception.pth', 'monitor': 'val_loss', 'save_best_only': True}}]","{'use_augmentation': True, 'per_image_aug_method': 'basic', 'basic_params': {'n_augments': 3, 'rotation_range': 42, 'horizontal_flip_prob': 0.9708540830377069, 'brightness_range': 0.011617559988354925, 'contrast_range': 0.004678439897536801, 'width_shift_range': 0.003944548998373848}, 'batch_level_aug_method': 'mixup', 'mix_alpha': 0.20984893565194995}",file:///mlruns,IMAGENET1K_V1,"{'type': 'ReduceLROnPlateau', 'params': {'mode': 'min', 'patience': 5, 'factor': 0.2559139366645094, 'min_lr': 1e-07}}",10,inception,data/gold/datasets/v8/train_val,inception_v3,0,Inception,0.5088034388248736,"{'architecture': 'inception_v3', 'pretrained': True, 'unfreeze_layers': 6, 'hidden_units': 1024, 'dropout': 0.5088034388248736, 'weights': 'IMAGENET1K_V1'}","[{'type': 'CutMix', 'params': {'alpha': 1.0, 'prob': 0.6}}, {'type': 'MixUp', 'params': {'alpha': 0.4, 'prob': 0.6}}]",32,auto,15,v8,1024,True,2.305557942583589,10.01778304682869,4.8561856043818064e-05,0.0,0.0,0.0,0.059861857252494245,0.0,0.0,0.0,0.0,0.0,0.030854430379746837,1.0,0.0,0.0,0.0,0.0,0.0,0.0,0.0,0.0,0.0,0.0,0.0,0.0,0.0,0.0,0.0,0.0,0.0,0.0,0.0,0.03191801152962864,0.17865612648221343,0.1,0.017865612648221344,0.4998632657343739,0.05416000615020824,0.030315224681421865,0.0,0.0,17.865612648221344,2.304190677404404,3.08300395256917,4.0,0.02604166580878366,0.08555985002339937,0.04389712107316837
32f656c5b60345e388d2928d493d42f0,4,42,"{'data_dir': 'data/gold/datasets/v8/train_val', 'experiment_name': 'Inception', 'mlflow_uri': 'file:///mlruns', 'dataset_name': 'v8', 'seed': 42, 'max_epochs': 30, 'batch_size': 32, 'num_workers': 0, 'device': 'auto'}",30,"{'type': 'AdamW', 'params': {'lr': 0.00016204865369178484, 'weight_decay': 2.5374945701072006e-05}}","{'type': 'CrossEntropyLoss', 'params': {'label_smoothing': 0.1}}","[{'class_path': 'src.utils.callbacks.EarlyStopping', 'init_args': {'patience': 7, 'verbose': True}}, {'class_path': 'src.utils.callbacks.ModelCheckpoint', 'init_args': {'filepath': 'best_model_inception.pth', 'monitor': 'val_loss', 'save_best_only': True}}]","{'use_augmentation': True, 'per_image_aug_method': 'none', 'batch_level_aug_method': 'cutmix', 'mix_alpha': 0.20204128918753816}",file:///mlruns,IMAGENET1K_V1,"{'type': 'ReduceLROnPlateau', 'params': {'mode': 'min', 'patience': 4, 'factor': 0.3350759073875751, 'min_lr': 1e-07}}",10,inception,data/gold/datasets/v8/train_val,inception_v3,0,Inception,0.48221716736731,"{'architecture': 'inception_v3', 'pretrained': True, 'unfreeze_layers': 4, 'hidden_units': 512, 'dropout': 0.48221716736731, 'weights': 'IMAGENET1K_V1'}","[{'type': 'CutMix', 'params': {'alpha': 1.0, 'prob': 0.6}}, {'type': 'MixUp', 'params': {'alpha': 0.4, 'prob': 0.6}}]",32,auto,15,v8,512,True,1.9520827778901209,34.79549496147006,5.4298599676709725e-05,0.0,0.0,0.0,0.0,0.0,0.0,0.0,0.0,0.0,0.0,0.0,0.0,0.05555555555555555,0.034482758620689655,0.6017699115044248,0.16037735849056603,0.04455445544554455,0.15517241379310345,0.0,0.0,0.0,0.199203187250996,0.0425531914893617,0.2532588454376164,0.0,0.06923076923076923,0.16339869281045752,0.25510204081632654,0.0,0.0,0.0317610891523935,0.17707509881422925,0.09911504424778761,0.017777777777777778,0.5537927416776446,0.05386133557471845,0.030148048452220726,-0.015785083607437075,-0.0015820077046817538,17.707509881422926,2.3399832606315614,15.494071146245059,8.0,0.4348958190066872,0.021366614970681375,0.31083705779588544
8ddafbb8fb804a7a8a28302b99278b3f,4,42,"{'data_dir': 'data/gold/datasets/v8/train_val', 'experiment_name': 'Inception', 'mlflow_uri': 'file:///mlruns', 'dataset_name': 'v8', 'seed': 42, 'max_epochs': 30, 'batch_size': 32, 'num_workers': 0, 'device': 'auto'}",30,"{'type': 'AdamW', 'params': {'lr': 0.0008768184989765533, 'weight_decay': 4.4300218067679785e-05}}","{'type': 'CrossEntropyLoss', 'params': {'label_smoothing': 0.1}}","[{'class_path': 'src.utils.callbacks.EarlyStopping', 'init_args': {'patience': 7, 'verbose': True}}, {'class_path': 'src.utils.callbacks.ModelCheckpoint', 'init_args': {'filepath': 'best_model_inception.pth', 'monitor': 'val_loss', 'save_best_only': True}}]",{'use_augmentation': False},file:///mlruns,IMAGENET1K_V1,"{'type': 'ReduceLROnPlateau', 'params': {'mode': 'min', 'patience': 6, 'factor': 0.38120758355807116, 'min_lr': 1e-07}}",10,inception,data/gold/datasets/v8/train_val,inception_v3,0,Inception,0.4012845514210884,"{'architecture': 'inception_v3', 'pretrained': True, 'unfreeze_layers': 4, 'hidden_units': 512, 'dropout': 0.4012845514210884, 'weights': 'IMAGENET1K_V1'}","[{'type': 'CutMix', 'params': {'alpha': 1.0, 'prob': 0.6}}, {'type': 'MixUp', 'params': {'alpha': 0.4, 'prob': 0.6}}]",32,auto,15,v8,512,True,1.5652643887569395,52.459988144635446,0.0008768184989765533,0.03508771929824561,0.0,0.0,0.0,0.0051813471502590676,0.0625,0.07692307692307693,0.022727272727272728,0.0,0.0,0.0,0.009569377990430622,0.14285714285714285,0.034482758620689655,0.9203539823008849,0.18071242397914858,0.01485148514851485,0.07894736842105263,0.004761904761904762,0.2,0.0,0.018604651162790697,0.05555555555555555,0.3021060275962237,0.009302325581395349,0.025,0.10526315789473684,0.01020408163265306,0.0,0.0,0.10988927092109183,0.1715415019762846,0.10125628323421791,0.08472031700751577,0.5316236934557002,0.0663461050981293,0.04552256571846415,-0.0046561629743414705,-0.0021574369588452935,17.15415019762846,2.3371554017066956,17.15415019762846,7.0,0.489583317205133,0.06662462157045396,0.36269570851472926
8e8c41ee28dd4871931db20892ca6cce,5,42,"{'data_dir': 'data/gold/datasets/v8/train_val', 'experiment_name': 'Inception', 'mlflow_uri': 'file:///mlruns', 'dataset_name': 'v8', 'seed': 42, 'max_epochs': 30, 'batch_size': 32, 'num_workers': 0, 'device': 'auto'}",30,"{'type': 'AdamW', 'params': {'lr': 0.0003102844154300438, 'weight_decay': 2.636099284280938e-05}}","{'type': 'CrossEntropyLoss', 'params': {'label_smoothing': 0.1}}","[{'class_path': 'src.utils.callbacks.EarlyStopping', 'init_args': {'patience': 7, 'verbose': True}}, {'class_path': 'src.utils.callbacks.ModelCheckpoint', 'init_args': {'filepath': 'best_model_inception.pth', 'monitor': 'val_loss', 'save_best_only': True}}]",{'use_augmentation': False},file:///mlruns,IMAGENET1K_V1,"{'type': 'ReduceLROnPlateau', 'params': {'mode': 'min', 'patience': 4, 'factor': 0.2700895824383838, 'min_lr': 1e-07}}",10,inception,data/gold/datasets/v8/train_val,inception_v3,0,Inception,0.5793777694866922,"{'architecture': 'inception_v3', 'pretrained': True, 'unfreeze_layers': 5, 'hidden_units': 1024, 'dropout': 0.5793777694866922, 'weights': 'IMAGENET1K_V1'}","[{'type': 'CutMix', 'params': {'alpha': 1.0, 'prob': 0.6}}, {'type': 'MixUp', 'params': {'alpha': 0.4, 'prob': 0.6}}]",32,auto,15,v8,1024,True,1.1849756091273695,71.48784825133373,8.380458820063855e-05,0.041666666666666664,0.029411764705882353,0.2,0.037037037037037035,0.14507772020725387,0.18064516129032257,0.25,0.022727272727272728,0.05128205128205128,0.06666666666666667,0.02564102564102564,0.16091954022988506,0.09090909090909091,0.06896551724137931,0.6592920353982301,0.24833333333333332,0.10396039603960396,0.16666666666666666,0.2523809523809524,0.2054263565891473,0.075,0.12048192771084337,0.0784313725490196,0.36077481840193704,0.2264957264957265,0.12804878048780488,0.2830188679245283,0.07653061224489796,0.13636363636363635,0.05172413793103448,0.20633296732918202,0.21739130434782608,0.14357114345175326,0.18280297797433917,0.6089538286030056,0.17630550304035483,0.12801379208609714,0.07136590557023509,0.06634062333421553,21.73913043478261,2.3444012343883514,21.73913043478261,7.0,0.6406249788960782,0.37578373891441297,0.5611726069015786
0b665f85f1a243cf97c09d477630c506,1,42,"{'data_dir': 'data/gold/datasets/v8/train_val', 'experiment_name': 'ResNet', 'mlflow_uri': 'file:///mlruns', 'dataset_name': 'v8', 'seed': 42, 'max_epochs': 30, 'batch_size': 32, 'num_workers': 0, 'device': 'auto'}",30,"{'type': 'AdamW', 'params': {'lr': 0.0001583703155911876, 'weight_decay': 0.00010677482709481354}}","{'type': 'CrossEntropyLoss', 'params': {'label_smoothing': 0.1}}","[{'class_path': 'src.utils.callbacks.EarlyStopping', 'init_args': {'patience': 7, 'verbose': True}}, {'class_path': 'src.utils.callbacks.ModelCheckpoint', 'init_args': {'filepath': 'best_model_restnet.pth', 'monitor': 'val_loss', 'save_best_only': True}}]","{'use_augmentation': True, 'per_image_aug_method': 'advanced', 'advanced_params': {'p_distort': 0.41242177333881364, 'p_noise': 0.10617534828874074, 'p_dropout': 0.2939819704323989, 'num_holes': 11, 'crop_scale_min': 0.6424678221356552}, 'batch_level_aug_method': 'none'}",file:///mlruns,IMAGENET1K_V1,"{'type': 'StepLR', 'params': {'step_size': 11, 'gamma': 0.1}}",10,resnet,data/gold/datasets/v8/train_val,resnet34,0,ResNet,0.5355527884179041,"{'architecture': 'resnet34', 'pretrained': True, 'unfreeze_layers': 1, 'hidden_units': 512, 'dropout': 0.5355527884179041, 'weights': 'IMAGENET1K_V1'}","[{'type': 'CutMix', 'params': {'alpha': 1.0, 'prob': 0.6}}, {'type': 'MixUp', 'params': {'alpha': 0.4, 'prob': 0.6}}]",32,auto,15,v8,512,True,2.301689559775976,9.760916814858724,0.0001583703155911876,0.0,0.0,0.0,0.0,0.0,0.0,0.0,0.0,0.0,0.0,0.0,0.0,0.022943037974683545,1.0,0.0,0.0,0.0,0.0,0.0,0.0,0.0,0.0,0.0448569218870843,0.0,0.0,0.0,0.0,0.0,0.0,0.0,0.02549891421518849,0.15968379446640316,0.1,0.015968379446640316,0.5006663078721301,0.04397563255925486,0.027539195637355147,0.0,0.0,15.968379446640316,2.307084596157074,2.292490118577075,0.0,0.0,0.08555985002339937,0.02566795500701981
60ad29a92eca4ceda8753a3949f6e0e2,2,42,"{'data_dir': 'data/gold/datasets/v8/train_val', 'experiment_name': 'ResNet', 'mlflow_uri': 'file:///mlruns', 'dataset_name': 'v8', 'seed': 42, 'max_epochs': 30, 'batch_size': 32, 'num_workers': 0, 'device': 'auto'}",30,"{'type': 'SGD', 'params': {'lr': 0.003092517800742374, 'weight_decay': 3.866077596728787e-05, 'momentum': 0.9}}","{'type': 'CrossEntropyLoss', 'params': {'label_smoothing': 0.1}}","[{'class_path': 'src.utils.callbacks.EarlyStopping', 'init_args': {'patience': 7, 'verbose': True}}, {'class_path': 'src.utils.callbacks.ModelCheckpoint', 'init_args': {'filepath': 'best_model_restnet.pth', 'monitor': 'val_loss', 'save_best_only': True}}]",{'use_augmentation': False},file:///mlruns,IMAGENET1K_V1,"{'type': 'ReduceLROnPlateau', 'params': {'mode': 'min', 'patience': 3, 'factor': 0.13017231261192336, 'min_lr': 1e-07}}",10,resnet,data/gold/datasets/v8/train_val,resnet50,0,ResNet,0.4627546230871771,"{'architecture': 'resnet50', 'pretrained': True, 'unfreeze_layers': 2, 'hidden_units': 256, 'dropout': 0.4627546230871771, 'weights': 'IMAGENET1K_V1'}","[{'type': 'CutMix', 'params': {'alpha': 1.0, 'prob': 0.6}}, {'type': 'MixUp', 'params': {'alpha': 0.4, 'prob': 0.6}}]",32,auto,15,v8,256,True,2.2066308604566225,18.830270697490615,0.00040256019391617397,0.0,0.0,0.0,0.0,0.0,0.0,0.0,0.0,0.0,0.0,0.0,0.0,0.0,0.0,0.9911504424778761,0.1774960380348653,0.0,0.0,0.0,0.0,0.0,0.0,0.0,0.3010752688172043,0.0,0.0,0.0,0.0,0.0,0.0,0.0651574917574413,0.19288537549407114,0.11264347673705424,0.038146664210493994,0.5864163281551391,0.09737153032850096,0.05696991564789744,0.035985025136081775,0.028436090259499447,19.288537549407113,2.218639314174652,17.707509881422926,5.0,0.5078124832712815,0.23190023277880767,0.4250388081235393
5b055f97815745fea6c8659390aa21dc,3,42,"{'data_dir': 'data/gold/datasets/v8/train_val', 'experiment_name': 'ResNet', 'mlflow_uri': 'file:///mlruns', 'dataset_name': 'v8', 'seed': 42, 'max_epochs': 30, 'batch_size': 32, 'num_workers': 0, 'device': 'auto'}",30,"{'type': 'SGD', 'params': {'lr': 0.013696739838480059, 'weight_decay': 1.539393100214084e-05, 'momentum': 0.9}}","{'type': 'CrossEntropyLoss', 'params': {'label_smoothing': 0.1}}","[{'class_path': 'src.utils.callbacks.EarlyStopping', 'init_args': {'patience': 7, 'verbose': True}}, {'class_path': 'src.utils.callbacks.ModelCheckpoint', 'init_args': {'filepath': 'best_model_restnet.pth', 'monitor': 'val_loss', 'save_best_only': True}}]","{'use_augmentation': True, 'per_image_aug_method': 'basic', 'basic_params': {'n_augments': 3, 'rotation_range': 27, 'horizontal_flip_prob': 0.009197051616629648, 'brightness_range': 0.03044146285980963, 'contrast_range': 0.19905053073241674, 'width_shift_range': 0.0010123167692437374}, 'batch_level_aug_method': 'none'}",file:///mlruns,IMAGENET1K_V1,"{'type': 'StepLR', 'params': {'step_size': 9, 'gamma': 0.1}}",10,resnet,data/gold/datasets/v8/train_val,resnet18,0,ResNet,0.49728386769010297,"{'architecture': 'resnet18', 'pretrained': True, 'unfreeze_layers': 3, 'hidden_units': 512, 'dropout': 0.49728386769010297, 'weights': 'IMAGENET1K_V1'}","[{'type': 'CutMix', 'params': {'alpha': 1.0, 'prob': 0.6}}, {'type': 'MixUp', 'params': {'alpha': 0.4, 'prob': 0.6}}]",32,auto,15,v8,512,True,2.3041059794197016,10.156095633274056,0.013696739838480059,0.0,0.0,0.0,0.0598159509202454,0.0,0.0,0.0,0.0,0.0,0.0308300395256917,1.0,0.0,0.0,0.0,0.0,0.0,0.0,0.0,0.0,0.0,0.0,0.0,0.0,0.0,0.0,0.0,0.0,0.0,0.0,0.0,0.027558624568420065,0.16600790513833993,0.1,0.016600790513833993,0.5014490537633555,0.04727004756481544,0.028474576271186443,0.0,0.0,16.600790513833992,2.308484011888504,3.08300395256917,6.0,0.02604166580878366,0.08555985002339937,0.04389712107316837
970d2f46feae4aa5a70216033268eab3,3,42,"{'data_dir': 'data/gold/datasets/v8/train_val', 'experiment_name': 'ResNet', 'mlflow_uri': 'file:///mlruns', 'dataset_name': 'v8', 'seed': 42, 'max_epochs': 30, 'batch_size': 32, 'num_workers': 0, 'device': 'auto'}",30,"{'type': 'AdamW', 'params': {'lr': 0.00023322931283542675, 'weight_decay': 0.00018391267498288997}}","{'type': 'CrossEntropyLoss', 'params': {'label_smoothing': 0.1}}","[{'class_path': 'src.utils.callbacks.EarlyStopping', 'init_args': {'patience': 7, 'verbose': True}}, {'class_path': 'src.utils.callbacks.ModelCheckpoint', 'init_args': {'filepath': 'best_model_restnet.pth', 'monitor': 'val_loss', 'save_best_only': True}}]","{'use_augmentation': True, 'per_image_aug_method': 'none', 'batch_level_aug_method': 'cutmix', 'mix_alpha': 0.926612708773323}",file:///mlruns,IMAGENET1K_V1,"{'type': 'StepLR', 'params': {'step_size': 11, 'gamma': 0.1}}",10,resnet,data/gold/datasets/v8/train_val,resnet34,0,ResNet,0.5184649045835579,"{'architecture': 'resnet34', 'pretrained': True, 'unfreeze_layers': 3, 'hidden_units': 256, 'dropout': 0.5184649045835579, 'weights': 'IMAGENET1K_V1'}","[{'type': 'CutMix', 'params': {'alpha': 1.0, 'prob': 0.6}}, {'type': 'MixUp', 'params': {'alpha': 0.4, 'prob': 0.6}}]",32,auto,15,v8,256,True,1.741443683945174,45.48508199960482,0.00023322931283542675,0.0,0.0,0.0,0.0,0.0,0.0,0.0,0.0,0.0,0.0,0.0,0.0,0.0,0.0,0.995575221238938,0.17800632911392406,0.0,0.0,0.0,0.0,0.0,0.0,0.0,0.30201342281879195,0.0,0.0,0.0,0.0,0.0,0.0,0.24953175778831885,0.1865612648221344,0.1100124934353964,0.17823636962006803,0.6106097640964275,0.07414308392372086,0.05032742539459326,0.03642226080005965,0.013883217639853007,18.656126482213438,2.5893643736839294,17.786561264822133,8.0,0.5104166498521598,0.23367834003811536,0.4273951569079465
01dce752f1c44e8cbec112eed9124a5e,1,42,"{'data_dir': 'data/gold/datasets/v8/train_val', 'experiment_name': 'ResNet', 'mlflow_uri': 'file:///mlruns', 'dataset_name': 'v8', 'seed': 42, 'max_epochs': 30, 'batch_size': 32, 'num_workers': 0, 'device': 'auto'}",30,"{'type': 'AdamW', 'params': {'lr': 0.00018145961353490273, 'weight_decay': 0.00021137059440645722}}","{'type': 'CrossEntropyLoss', 'params': {'label_smoothing': 0.1}}","[{'class_path': 'src.utils.callbacks.EarlyStopping', 'init_args': {'patience': 7, 'verbose': True}}, {'class_path': 'src.utils.callbacks.ModelCheckpoint', 'init_args': {'filepath': 'best_model_restnet.pth', 'monitor': 'val_loss', 'save_best_only': True}}]",{'use_augmentation': False},file:///mlruns,IMAGENET1K_V1,"{'type': 'StepLR', 'params': {'step_size': 8, 'gamma': 0.1}}",10,resnet,data/gold/datasets/v8/train_val,resnet34,0,ResNet,0.5727961206236346,"{'architecture': 'resnet34', 'pretrained': True, 'unfreeze_layers': 1, 'hidden_units': 256, 'dropout': 0.5727961206236346, 'weights': 'IMAGENET1K_V1'}","[{'type': 'CutMix', 'params': {'alpha': 1.0, 'prob': 0.6}}, {'type': 'MixUp', 'params': {'alpha': 0.4, 'prob': 0.6}}]",32,auto,15,v8,256,True,2.1693631655329937,22.169531713100177,0.00018145961353490273,0.0,0.0,0.0,0.0,0.0,0.0,0.0,0.0,0.0,0.0,0.0,0.0,0.0,0.0,0.9911504424778761,0.17834394904458598,0.0,0.0,0.0,0.0,0.0,0.0,0.0,0.30229419703103916,0.0,0.0,0.0,0.0,0.0,0.0,0.08943735512865209,0.19683794466403162,0.14801060567783028,0.09864405637750288,0.5989527817061464,0.10517106099456304,0.08979447582534267,0.062167292124323516,0.048759547634555034,19.683794466403164,2.2594030261039735,17.707509881422926,4.0,0.5078124832712815,0.3383757168996111,0.45698145335978035
21491389fb9a44d9be5472de2e95ca29,3,42,"{'data_dir': 'data/gold/datasets/v8/train_val', 'experiment_name': 'ResNet', 'mlflow_uri': 'file:///mlruns', 'dataset_name': 'v8', 'seed': 42, 'max_epochs': 30, 'batch_size': 32, 'num_workers': 0, 'device': 'auto'}",30,"{'type': 'AdamW', 'params': {'lr': 0.0001536632657612503, 'weight_decay': 0.0006097025297491432}}","{'type': 'CrossEntropyLoss', 'params': {'label_smoothing': 0.1}}","[{'class_path': 'src.utils.callbacks.EarlyStopping', 'init_args': {'patience': 7, 'verbose': True}}, {'class_path': 'src.utils.callbacks.ModelCheckpoint', 'init_args': {'filepath': 'best_model_restnet.pth', 'monitor': 'val_loss', 'save_best_only': True}}]","{'use_augmentation': True, 'per_image_aug_method': 'basic', 'basic_params': {'n_augments': 1, 'rotation_range': 1, 'horizontal_flip_prob': 0.6364104112637804, 'brightness_range': 0.094306794322898, 'contrast_range': 0.15257120734941082, 'width_shift_range': 0.1815132947852186}, 'batch_level_aug_method': 'none'}",file:///mlruns,IMAGENET1K_V1,"{'type': 'StepLR', 'params': {'step_size': 10, 'gamma': 0.1}}",10,resnet,data/gold/datasets/v8/train_val,resnet50,0,ResNet,0.5411016230697343,"{'architecture': 'resnet50', 'pretrained': True, 'unfreeze_layers': 3, 'hidden_units': 512, 'dropout': 0.5411016230697343, 'weights': 'IMAGENET1K_V1'}","[{'type': 'CutMix', 'params': {'alpha': 1.0, 'prob': 0.6}}, {'type': 'MixUp', 'params': {'alpha': 0.4, 'prob': 0.6}}]",32,auto,15,v8,512,True,2.303477821367057,10.472238688006323,0.0001536632657612503,0.0,0.0,0.0,0.0,0.0,0.0,0.0,0.0,0.0,0.0,0.0,0.0,0.02292490118577075,1.0,0.0,0.0,0.0,0.0,0.0,0.0,0.0,0.0,0.04482225656877898,0.0,0.0,0.0,0.0,0.0,0.0,0.0,0.024006624068490367,0.1549407114624506,0.1,0.01549407114624506,0.48615881700826724,0.041572045785955254,0.026830937713894592,0.0,0.0,15.494071146245059,2.3115057826042174,2.292490118577075,1.0,0.0,0.08555985002339937,0.02566795500701981
0f5f22904c314783963d64057d21665d,1,42,"{'data_dir': 'data/gold/datasets/v8/train_val', 'experiment_name': 'ResNet', 'mlflow_uri': 'file:///mlruns', 'dataset_name': 'v8', 'seed': 42, 'max_epochs': 30, 'batch_size': 32, 'num_workers': 0, 'device': 'auto'}",30,"{'type': 'AdamW', 'params': {'lr': 0.0005365450324352025, 'weight_decay': 0.00018841476921545086}}","{'type': 'CrossEntropyLoss', 'params': {'label_smoothing': 0.1}}","[{'class_path': 'src.utils.callbacks.EarlyStopping', 'init_args': {'patience': 7, 'verbose': True}}, {'class_path': 'src.utils.callbacks.ModelCheckpoint', 'init_args': {'filepath': 'best_model_restnet.pth', 'monitor': 'val_loss', 'save_best_only': True}}]","{'use_augmentation': True, 'per_image_aug_method': 'none', 'batch_level_aug_method': 'none'}",file:///mlruns,IMAGENET1K_V1,"{'type': 'ReduceLROnPlateau', 'params': {'mode': 'min', 'patience': 8, 'factor': 0.28888597006477973, 'min_lr': 1e-07}}",10,resnet,data/gold/datasets/v8/train_val,resnet34,0,ResNet,0.3975549966080241,"{'architecture': 'resnet34', 'pretrained': True, 'unfreeze_layers': 1, 'hidden_units': 512, 'dropout': 0.3975549966080241, 'weights': 'IMAGENET1K_V1'}","[{'type': 'CutMix', 'params': {'alpha': 1.0, 'prob': 0.6}}, {'type': 'MixUp', 'params': {'alpha': 0.4, 'prob': 0.6}}]",32,auto,15,v8,512,True,2.1534719069092154,22.465915826911676,0.0005365450324352025,0.0,0.0,0.0,0.0,0.0,0.0,0.0,0.0,0.0,0.0,0.0,0.0,0.010526315789473684,0.034482758620689655,0.9690265486725663,0.19010416666666666,0.0049504950495049506,1.0,0.0,0.0,0.0,0.00980392156862745,0.016129032258064516,0.3178519593613933,0.0,0.009852216748768473,0.125,0.00510204081632653,0.0,0.0,0.0755249591496731,0.19604743083003953,0.1256806872886475,0.05748627980206927,0.6179813425735758,0.09517294129310575,0.06830765950029831,0.05441505883180389,0.03444536175322732,19.604743083003953,2.2171535015106203,17.549407114624508,2.0,0.5026041501095249,0.3068496923117048,0.4438778127701788
42046dc1bd01429988fced8d56227ea8,2,42,"{'data_dir': 'data/gold/datasets/v8/train_val', 'experiment_name': 'ResNet', 'mlflow_uri': 'file:///mlruns', 'dataset_name': 'v8', 'seed': 42, 'max_epochs': 30, 'batch_size': 32, 'num_workers': 0, 'device': 'auto'}",30,"{'type': 'AdamW', 'params': {'lr': 0.0003062824745335942, 'weight_decay': 8.032840069898005e-05}}","{'type': 'CrossEntropyLoss', 'params': {'label_smoothing': 0.1}}","[{'class_path': 'src.utils.callbacks.EarlyStopping', 'init_args': {'patience': 7, 'verbose': True}}, {'class_path': 'src.utils.callbacks.ModelCheckpoint', 'init_args': {'filepath': 'best_model_restnet.pth', 'monitor': 'val_loss', 'save_best_only': True}}]","{'use_augmentation': True, 'per_image_aug_method': 'none', 'batch_level_aug_method': 'cutmix', 'mix_alpha': 0.3851352463702456}",file:///mlruns,IMAGENET1K_V1,"{'type': 'ReduceLROnPlateau', 'params': {'mode': 'min', 'patience': 3, 'factor': 0.42511213204333065, 'min_lr': 1e-07}}",10,resnet,data/gold/datasets/v8/train_val,resnet34,0,ResNet,0.5863628416688449,"{'architecture': 'resnet34', 'pretrained': True, 'unfreeze_layers': 2, 'hidden_units': 512, 'dropout': 0.5863628416688449, 'weights': 'IMAGENET1K_V1'}","[{'type': 'CutMix', 'params': {'alpha': 1.0, 'prob': 0.6}}, {'type': 'MixUp', 'params': {'alpha': 0.4, 'prob': 0.6}}]",32,auto,15,v8,512,True,2.2443736711289897,17.26931436475005,5.535146828145222e-05,0.0,0.0,0.0,0.0,0.0,0.0,0.0,0.0,0.0,0.0,0.0,0.0,0.0,0.0,0.9911504424778761,0.17820206841686556,0.0,0.0,0.0,0.0,0.0,0.0,0.0,0.30209035738368173,0.0,0.0,0.0,0.0,0.0,0.0,0.12721161236889472,0.18972332015810275,0.13422315421235834,0.1329045177497735,0.5902612890193397,0.07959631250717011,0.0779208199585279,0.05907349010375868,0.028740953142860515,18.972332015810274,2.1885379195213317,17.707509881422926,10.0,0.5078124832712815,0.3257941452556622,0.45320698186659564
69358655ed9641449664a9da7e7cd811,2,42,"{'data_dir': 'data/gold/datasets/v8/train_val', 'experiment_name': 'ResNet', 'mlflow_uri': 'file:///mlruns', 'dataset_name': 'v8', 'seed': 42, 'max_epochs': 30, 'batch_size': 32, 'num_workers': 0, 'device': 'auto'}",30,"{'type': 'SGD', 'params': {'lr': 0.018536425291146703, 'weight_decay': 7.577765880859199e-05, 'momentum': 0.9}}","{'type': 'CrossEntropyLoss', 'params': {'label_smoothing': 0.1}}","[{'class_path': 'src.utils.callbacks.EarlyStopping', 'init_args': {'patience': 7, 'verbose': True}}, {'class_path': 'src.utils.callbacks.ModelCheckpoint', 'init_args': {'filepath': 'best_model_restnet.pth', 'monitor': 'val_loss', 'save_best_only': True}}]",{'use_augmentation': False},file:///mlruns,IMAGENET1K_V1,"{'type': 'ReduceLROnPlateau', 'params': {'mode': 'min', 'patience': 5, 'factor': 0.2271105740806702, 'min_lr': 1e-07}}",10,resnet,data/gold/datasets/v8/train_val,resnet50,0,ResNet,0.34705235312240823,"{'architecture': 'resnet50', 'pretrained': True, 'unfreeze_layers': 2, 'hidden_units': 256, 'dropout': 0.34705235312240823, 'weights': 'IMAGENET1K_V1'}","[{'type': 'CutMix', 'params': {'alpha': 1.0, 'prob': 0.6}}, {'type': 'MixUp', 'params': {'alpha': 0.4, 'prob': 0.6}}]",32,auto,15,v8,256,True,2.1940924195615796,19.482315747875912,0.004209818189275782,0.0,0.0,0.0,0.0,0.0051813471502590676,0.2,0.0,0.0,0.0,0.0,0.0,0.010101010101010102,0.0380952380952381,0.27586206896551724,0.9070796460176991,0.2015732546705998,0.0,0.0,0.0,0.0,0.0,0.0,0.06694560669456066,0.32984714400643605,0.0,0.0,0.0,0.0,0.0,0.0,0.2177274479417857,0.1865612648221344,0.11370579313023646,0.15141570451477349,0.5758151673279635,0.08643674456233576,0.05701298619692217,0.04362031964892919,0.02586643656983101,18.656126482213438,2.1970160841941833,16.91699604743083,6.0,0.4817708174624978,0.26295070216808714,0.4161247828741746
e4fe089ee1ab4327b3f86c9c2e7226fc,2,42,"{'data_dir': 'data/gold/datasets/v8/train_val', 'experiment_name': 'ResNet', 'mlflow_uri': 'file:///mlruns', 'dataset_name': 'v8', 'seed': 42, 'max_epochs': 30, 'batch_size': 32, 'num_workers': 0, 'device': 'auto'}",30,"{'type': 'SGD', 'params': {'lr': 0.002323089841417065, 'weight_decay': 4.1819500324607076e-05, 'momentum': 0.9}}","{'type': 'CrossEntropyLoss', 'params': {'label_smoothing': 0.1}}","[{'class_path': 'src.utils.callbacks.EarlyStopping', 'init_args': {'patience': 7, 'verbose': True}}, {'class_path': 'src.utils.callbacks.ModelCheckpoint', 'init_args': {'filepath': 'best_model_restnet.pth', 'monitor': 'val_loss', 'save_best_only': True}}]","{'use_augmentation': True, 'per_image_aug_method': 'none', 'batch_level_aug_method': 'cutmix', 'mix_alpha': 0.26132509758540307}",file:///mlruns,IMAGENET1K_V1,"{'type': 'ReduceLROnPlateau', 'params': {'mode': 'min', 'patience': 3, 'factor': 0.10527168575236939, 'min_lr': 1e-07}}",10,resnet,data/gold/datasets/v8/train_val,resnet34,0,ResNet,0.4353330428792929,"{'architecture': 'resnet34', 'pretrained': True, 'unfreeze_layers': 2, 'hidden_units': 512, 'dropout': 0.4353330428792929, 'weights': 'IMAGENET1K_V1'}","[{'type': 'CutMix', 'params': {'alpha': 1.0, 'prob': 0.6}}, {'type': 'MixUp', 'params': {'alpha': 0.4, 'prob': 0.6}}]",32,auto,15,v8,512,True,2.202288374884801,19.79845880260818,0.002323089841417065,0.0,0.0,0.0,0.08333333333333333,0.010362694300518135,0.3333333333333333,0.0,0.0,0.0,0.2222222222222222,0.05128205128205128,0.020100502512562814,0.0,0.0,0.9911504424778761,0.1862011637572735,0.009900990099009901,0.08695652173913043,0.0,0.0,0.0,0.03864734299516908,0.0,0.31350594821553535,0.0,0.017777777777777778,0.36363636363636365,0.02040816326530612,0.0,0.0,0.32103011807144527,0.20790513833992094,0.2161549080302502,0.2462503081997261,0.6465624739012685,0.1302667306590142,0.13304212087516132,0.11401062461155864,0.09564077061711873,20.790513833992094,2.1712321519851683,18.49802371541502,25.0,0.5338541490800651,0.5492071138712006,0.5384600385174058
a425df03aae244689ecc4a3b56719ca4,1,42,"{'data_dir': 'data/gold/datasets/v8/train_val', 'experiment_name': 'ResNet', 'mlflow_uri': 'file:///mlruns', 'dataset_name': 'v8', 'seed': 42, 'max_epochs': 30, 'batch_size': 32, 'num_workers': 0, 'device': 'auto'}",30,"{'type': 'AdamW', 'params': {'lr': 0.0005589232539434305, 'weight_decay': 8.520956153534852e-05}}","{'type': 'CrossEntropyLoss', 'params': {'label_smoothing': 0.1}}","[{'class_path': 'src.utils.callbacks.EarlyStopping', 'init_args': {'patience': 7, 'verbose': True}}, {'class_path': 'src.utils.callbacks.ModelCheckpoint', 'init_args': {'filepath': 'best_model_restnet.pth', 'monitor': 'val_loss', 'save_best_only': True}}]","{'use_augmentation': True, 'per_image_aug_method': 'none', 'batch_level_aug_method': 'cutmix', 'mix_alpha': 0.39844439625371025}",file:///mlruns,IMAGENET1K_V1,"{'type': 'ReduceLROnPlateau', 'params': {'mode': 'min', 'patience': 3, 'factor': 0.40324818700398424, 'min_lr': 1e-07}}",10,resnet,data/gold/datasets/v8/train_val,resnet34,0,ResNet,0.5995490062648262,"{'architecture': 'resnet34', 'pretrained': True, 'unfreeze_layers': 1, 'hidden_units': 512, 'dropout': 0.5995490062648262, 'weights': 'IMAGENET1K_V1'}","[{'type': 'CutMix', 'params': {'alpha': 1.0, 'prob': 0.6}}, {'type': 'MixUp', 'params': {'alpha': 0.4, 'prob': 0.6}}]",32,auto,15,v8,512,True,2.2255755334332914,18.672199170124482,0.00022538478882705584,0.0,0.04411764705882353,0.04054054054054054,0.0,0.031088082901554404,0.1111111111111111,0.0,0.0,0.04225352112676056,0.0,0.0,0.048582995951417005,0.04060913705583756,0.27586206896551724,0.7610619469026548,0.20093457943925233,0.0,0.0,0.03333333333333333,0.28,0.02247191011235955,0.028708133971291867,0.07079646017699115,0.3179297597042514,0.059574468085106386,0.0,0.23076923076923078,0.015306122448979591,0.03225806451612903,0.017241379310344827,0.2157174773417396,0.20237154150197628,0.1323530734471041,0.16512012854740146,0.5890344420035017,0.12166419432800704,0.09157540541401914,0.06228439273774046,0.04216432583004903,20.23715415019763,2.247864043712616,15.810276679841898,14.0,0.44531248533020074,0.3388519302278921,0.41337431879950814
4367a5e56a124befa2fc41f266c44bc1,2,42,"{'data_dir': 'data/gold/datasets/v8/train_val', 'experiment_name': 'ResNet', 'mlflow_uri': 'file:///mlruns', 'dataset_name': 'v8', 'seed': 42, 'max_epochs': 30, 'batch_size': 32, 'num_workers': 0, 'device': 'auto'}",30,"{'type': 'AdamW', 'params': {'lr': 0.0005332792132127028, 'weight_decay': 0.00034921944350234266}}","{'type': 'CrossEntropyLoss', 'params': {'label_smoothing': 0.1}}","[{'class_path': 'src.utils.callbacks.EarlyStopping', 'init_args': {'patience': 7, 'verbose': True}}, {'class_path': 'src.utils.callbacks.ModelCheckpoint', 'init_args': {'filepath': 'best_model_restnet.pth', 'monitor': 'val_loss', 'save_best_only': True}}]","{'use_augmentation': True, 'per_image_aug_method': 'none', 'batch_level_aug_method': 'none'}",file:///mlruns,IMAGENET1K_V1,"{'type': 'ReduceLROnPlateau', 'params': {'mode': 'min', 'patience': 7, 'factor': 0.26769113828565927, 'min_lr': 1e-07}}",10,resnet,data/gold/datasets/v8/train_val,resnet34,0,ResNet,0.43566307453853886,"{'architecture': 'resnet34', 'pretrained': True, 'unfreeze_layers': 2, 'hidden_units': 512, 'dropout': 0.43566307453853886, 'weights': 'IMAGENET1K_V1'}","[{'type': 'CutMix', 'params': {'alpha': 1.0, 'prob': 0.6}}, {'type': 'MixUp', 'params': {'alpha': 0.4, 'prob': 0.6}}]",32,auto,15,v8,512,True,2.0964213359311175,25.92373048804584,0.0005332792132127028,0.0,0.0,0.0,0.0,0.0,0.0,0.0,0.0,0.0,0.0,0.0,0.0,0.06451612903225806,0.06896551724137931,0.9646017699115044,0.18106312292358803,0.0,0.0,0.0,0.0,0.029850746268656716,0.02843601895734597,0.06666666666666667,0.3048951048951049,0.0,0.0,0.2,0.015306122448979591,0.1111111111111111,0.017241379310344827,0.05781303810706376,0.17786561264822134,0.09962524832942025,0.03457234212629896,0.5980544765420869,0.05572360244472831,0.03132185256440336,0.0012637244928501562,0.0002112657860381395,17.786561264822133,2.308865821361542,17.707509881422926,8.0,0.5078124832712815,0.09069904126424819,0.38267845066917144
0d63bbbef734494691895e93c0937a92,1,42,"{'data_dir': 'data/gold/datasets/v8/train_val', 'experiment_name': 'ResNet', 'mlflow_uri': 'file:///mlruns', 'dataset_name': 'v8', 'seed': 42, 'max_epochs': 30, 'batch_size': 32, 'num_workers': 0, 'device': 'auto'}",30,"{'type': 'AdamW', 'params': {'lr': 0.00021047616983326135, 'weight_decay': 0.00010903884523201111}}","{'type': 'CrossEntropyLoss', 'params': {'label_smoothing': 0.1}}","[{'class_path': 'src.utils.callbacks.EarlyStopping', 'init_args': {'patience': 7, 'verbose': True}}, {'class_path': 'src.utils.callbacks.ModelCheckpoint', 'init_args': {'filepath': 'best_model_restnet.pth', 'monitor': 'val_loss', 'save_best_only': True}}]",{'use_augmentation': False},file:///mlruns,IMAGENET1K_V1,"{'type': 'StepLR', 'params': {'step_size': 12, 'gamma': 0.1}}",10,resnet,data/gold/datasets/v8/train_val,resnet34,0,ResNet,0.5828729111737557,"{'architecture': 'resnet34', 'pretrained': True, 'unfreeze_layers': 1, 'hidden_units': 512, 'dropout': 0.5828729111737557, 'weights': 'IMAGENET1K_V1'}","[{'type': 'CutMix', 'params': {'alpha': 1.0, 'prob': 0.6}}, {'type': 'MixUp', 'params': {'alpha': 0.4, 'prob': 0.6}}]",32,auto,15,v8,512,True,2.0655567157506423,27.267338470657972,0.00021047616983326135,0.07272727272727272,0.0,0.0,0.0,0.02072538860103627,0.36363636363636365,0.18181818181818182,0.045454545454545456,0.0,0.0,0.0,0.0392156862745098,0.0,0.0,0.9867256637168141,0.1817440912795436,0.0,0.0,0.0,0.0,0.0,0.00980392156862745,0.0,0.3069511355815554,0.0,0.0,0.125,0.00510204081632653,0.0,0.0,0.17866085957683417,0.18735177865612648,0.11464243693190435,0.14487148619171092,0.6209067694795998,0.07953581126315361,0.058777323947540094,0.040804907130752646,0.018362024389599774,18.73517786561265,2.1961732268333436,18.181818181818183,14.0,0.5234374827565518,0.2515012577404047,0.4418566152517076
44702319e17f46d38eef75dea4ba74ae,1,42,"{'data_dir': 'data/gold/datasets/v8/train_val', 'experiment_name': 'ResNet', 'mlflow_uri': 'file:///mlruns', 'dataset_name': 'v8', 'seed': 42, 'max_epochs': 30, 'batch_size': 32, 'num_workers': 0, 'device': 'auto'}",30,"{'type': 'AdamW', 'params': {'lr': 0.0003029869568913073, 'weight_decay': 4.717934881815398e-05}}","{'type': 'CrossEntropyLoss', 'params': {'label_smoothing': 0.1}}","[{'class_path': 'src.utils.callbacks.EarlyStopping', 'init_args': {'patience': 7, 'verbose': True}}, {'class_path': 'src.utils.callbacks.ModelCheckpoint', 'init_args': {'filepath': 'best_model_restnet.pth', 'monitor': 'val_loss', 'save_best_only': True}}]","{'use_augmentation': True, 'per_image_aug_method': 'none', 'batch_level_aug_method': 'cutmix', 'mix_alpha': 0.8999985011671651}",file:///mlruns,IMAGENET1K_V1,"{'type': 'ReduceLROnPlateau', 'params': {'mode': 'min', 'patience': 5, 'factor': 0.46357002583253065, 'min_lr': 1e-07}}",10,resnet,data/gold/datasets/v8/train_val,resnet34,0,ResNet,0.4771685293192371,"{'architecture': 'resnet34', 'pretrained': True, 'unfreeze_layers': 1, 'hidden_units': 512, 'dropout': 0.4771685293192371, 'weights': 'IMAGENET1K_V1'}","[{'type': 'CutMix', 'params': {'alpha': 1.0, 'prob': 0.6}}, {'type': 'MixUp', 'params': {'alpha': 0.4, 'prob': 0.6}}]",32,auto,15,v8,512,True,2.2274578596098906,18.356056115392214,0.00014045567143302316,0.044444444444444446,0.014705882352941176,0.09090909090909091,0.0,0.0,0.0,1.0,0.022727272727272728,0.02531645569620253,0.0,0.0,0.0,0.07692307692307693,0.06896551724137931,0.9911504424778761,0.1883936080740118,0.0,0.0,0.004761904761904762,0.3333333333333333,0.0,0.055299539170506916,0.07272727272727272,0.3166077738515901,0.009389671361502348,0.0,0.2857142857142857,0.030612244897959183,0.0,0.0,0.22100951264254776,0.1857707509881423,0.112862777780029,0.17751196172248804,0.6134138117993435,0.07131844773866271,0.054699141270120696,0.043896708544168654,0.013569803024360838,18.57707509881423,2.2067992448806764,18.57707509881423,7.0,0.5364583156609436,0.26407469351075624,0.4547432290158874
cb660f57e6eb4233b9bd9f24b66a61fa,2,42,"{'data_dir': 'data/gold/datasets/v8/train_val', 'experiment_name': 'ResNet', 'mlflow_uri': 'file:///mlruns', 'dataset_name': 'v8', 'seed': 42, 'max_epochs': 30, 'batch_size': 32, 'num_workers': 0, 'device': 'auto'}",30,"{'type': 'SGD', 'params': {'lr': 0.005652576920567557, 'weight_decay': 2.264735655783341e-05, 'momentum': 0.9}}","{'type': 'CrossEntropyLoss', 'params': {'label_smoothing': 0.1}}","[{'class_path': 'src.utils.callbacks.EarlyStopping', 'init_args': {'patience': 7, 'verbose': True}}, {'class_path': 'src.utils.callbacks.ModelCheckpoint', 'init_args': {'filepath': 'best_model_restnet.pth', 'monitor': 'val_loss', 'save_best_only': True}}]",{'use_augmentation': False},file:///mlruns,IMAGENET1K_V1,"{'type': 'ReduceLROnPlateau', 'params': {'mode': 'min', 'patience': 3, 'factor': 0.1696889152249999, 'min_lr': 1e-07}}",10,resnet,data/gold/datasets/v8/train_val,resnet34,0,ResNet,0.41688642750015314,"{'architecture': 'resnet34', 'pretrained': True, 'unfreeze_layers': 2, 'hidden_units': 256, 'dropout': 0.41688642750015314, 'weights': 'IMAGENET1K_V1'}","[{'type': 'CutMix', 'params': {'alpha': 1.0, 'prob': 0.6}}, {'type': 'MixUp', 'params': {'alpha': 0.4, 'prob': 0.6}}]",32,auto,15,v8,256,True,2.1312611840313496,24.184943687018375,0.0009591796458769793,0.0,0.0,0.0,0.0,0.0051813471502590676,0.07142857142857142,0.0,0.0,0.0,0.0,0.0,0.00966183574879227,0.034482758620689655,0.034482758620689655,0.9778761061946902,0.18697123519458544,0.019801980198019802,0.23529411764705882,0.0,0.0,0.030303030303030304,0.0,0.034482758620689655,0.31392045454545453,0.0,0.0365296803652968,0.0,0.0,0.125,0.017241379310344827,0.10037771187712394,0.19367588932806323,0.1119966610294704,0.067609087451285,0.5554888750204483,0.09977611805656103,0.06107487243442396,0.03989276873570155,0.024739405199122433,19.367588932806324,2.227212870121002,18.023715415019762,9.0,0.5182291495947949,0.24779186247521037,0.43709796345891955
9bf7b5e3b855401489c1b51505f9451c,3,42,"{'data_dir': 'data/gold/datasets/v8/train_val', 'experiment_name': 'ResNet', 'mlflow_uri': 'file:///mlruns', 'dataset_name': 'v8', 'seed': 42, 'max_epochs': 30, 'batch_size': 32, 'num_workers': 0, 'device': 'auto'}",30,"{'type': 'SGD', 'params': {'lr': 0.0015070118794634285, 'weight_decay': 2.712627059307987e-05, 'momentum': 0.9}}","{'type': 'CrossEntropyLoss', 'params': {'label_smoothing': 0.1}}","[{'class_path': 'src.utils.callbacks.EarlyStopping', 'init_args': {'patience': 7, 'verbose': True}}, {'class_path': 'src.utils.callbacks.ModelCheckpoint', 'init_args': {'filepath': 'best_model_restnet.pth', 'monitor': 'val_loss', 'save_best_only': True}}]","{'use_augmentation': True, 'per_image_aug_method': 'advanced', 'advanced_params': {'p_distort': 0.22881338672229512, 'p_noise': 0.37167877083837103, 'p_dropout': 0.11583142388445075, 'num_holes': 12, 'crop_scale_min': 0.7740608042386219}, 'batch_level_aug_method': 'cutmix', 'mix_alpha': 0.3876735360039953}",file:///mlruns,IMAGENET1K_V1,"{'type': 'ReduceLROnPlateau', 'params': {'mode': 'min', 'patience': 4, 'factor': 0.35268469966042826, 'min_lr': 1e-07}}",10,resnet,data/gold/datasets/v8/train_val,resnet34,0,ResNet,0.5997083843057059,"{'architecture': 'resnet34', 'pretrained': True, 'unfreeze_layers': 3, 'hidden_units': 512, 'dropout': 0.5997083843057059, 'weights': 'IMAGENET1K_V1'}","[{'type': 'CutMix', 'params': {'alpha': 1.0, 'prob': 0.6}}, {'type': 'MixUp', 'params': {'alpha': 0.4, 'prob': 0.6}}]",32,auto,15,v8,512,True,2.304178234947173,10.274649278798657,0.0005315000320932567,0.0,0.0,0.0,0.0,1.0,0.15256916996047432,0.0,0.0,0.0,0.0,0.0,0.26474622770919065,0.0,0.0,0.0,0.0,0.0,0.0,0.0,0.0,0.0,0.0,0.0,0.0,0.0,0.0,0.0,0.0,0.0,0.0,0.027558624568420065,0.16600790513833993,0.1,0.016600790513833993,0.49527344157536807,0.04727004756481544,0.028474576271186443,0.0,0.0,16.600790513833992,2.301225256919861,15.256916996047432,1.0,0.42708331926405213,0.08555985002339937,0.32462627849185627
ab4acc73ea8c4c33ac7b15f6d5a70eed,1,42,"{'data_dir': 'data/gold/datasets/v8/train_val', 'experiment_name': 'ResNet', 'mlflow_uri': 'file:///mlruns', 'dataset_name': 'v8', 'seed': 42, 'max_epochs': 30, 'batch_size': 32, 'num_workers': 0, 'device': 'auto'}",30,"{'type': 'AdamW', 'params': {'lr': 0.0006253631777345166, 'weight_decay': 1.8134455250172818e-05}}","{'type': 'CrossEntropyLoss', 'params': {'label_smoothing': 0.1}}","[{'class_path': 'src.utils.callbacks.EarlyStopping', 'init_args': {'patience': 7, 'verbose': True}}, {'class_path': 'src.utils.callbacks.ModelCheckpoint', 'init_args': {'filepath': 'best_model_restnet.pth', 'monitor': 'val_loss', 'save_best_only': True}}]","{'use_augmentation': True, 'per_image_aug_method': 'none', 'batch_level_aug_method': 'cutmix', 'mix_alpha': 0.5533500928640032}",file:///mlruns,IMAGENET1K_V1,"{'type': 'ReduceLROnPlateau', 'params': {'mode': 'min', 'patience': 3, 'factor': 0.38013311729520244, 'min_lr': 1e-07}}",10,resnet,data/gold/datasets/v8/train_val,resnet50,0,ResNet,0.5240970123348518,"{'architecture': 'resnet50', 'pretrained': True, 'unfreeze_layers': 1, 'hidden_units': 512, 'dropout': 0.5240970123348518, 'weights': 'IMAGENET1K_V1'}","[{'type': 'CutMix', 'params': {'alpha': 1.0, 'prob': 0.6}}, {'type': 'MixUp', 'params': {'alpha': 0.4, 'prob': 0.6}}]",32,auto,15,v8,512,True,2.2800902465284403,13.633669235328986,0.00023772125419385554,0.06896551724137931,0.0,0.0,0.08934707903780069,0.0,0.0,0.0425531914893617,0.18181818181818182,0.0,0.051587301587301584,0.3333333333333333,0.0,0.0,0.0,0.12389380530973451,0.2014388489208633,0.5099009900990099,0.1614420062695925,0.04285714285714286,0.1875,0.0,0.0,0.0,0.15342465753424658,0.06976744186046512,0.24523809523809523,0.0,0.0,0.0,0.0,0.30571495019475964,0.18023715415019761,0.12309522744099441,0.2058677628672338,0.5650363324294811,0.10406648947995792,0.07613952729930296,0.03270784947288583,0.02750018533619991,18.023715415019762,2.298913049697876,12.727272727272727,5.0,0.34374998867594436,0.21857293512943263,0.3061968726119908
556781242ab548228b1a7ab6bfc559b7,3,42,"{'data_dir': 'data/gold/datasets/v8/train_val', 'experiment_name': 'ResNet', 'mlflow_uri': 'file:///mlruns', 'dataset_name': 'v8', 'seed': 42, 'max_epochs': 30, 'batch_size': 32, 'num_workers': 0, 'device': 'auto'}",30,"{'type': 'AdamW', 'params': {'lr': 0.00012390897596565415, 'weight_decay': 0.0006229189113188557}}","{'type': 'CrossEntropyLoss', 'params': {'label_smoothing': 0.1}}","[{'class_path': 'src.utils.callbacks.EarlyStopping', 'init_args': {'patience': 7, 'verbose': True}}, {'class_path': 'src.utils.callbacks.ModelCheckpoint', 'init_args': {'filepath': 'best_model_restnet.pth', 'monitor': 'val_loss', 'save_best_only': True}}]","{'use_augmentation': True, 'per_image_aug_method': 'advanced', 'advanced_params': {'p_distort': 0.3536279174897843, 'p_noise': 0.1679487325593814, 'p_dropout': 0.22903455808188997, 'num_holes': 5, 'crop_scale_min': 0.7381875476204932}, 'batch_level_aug_method': 'mixup', 'mix_alpha': 0.47285308084020683}",file:///mlruns,IMAGENET1K_V1,"{'type': 'ReduceLROnPlateau', 'params': {'mode': 'min', 'patience': 8, 'factor': 0.3532405829093072, 'min_lr': 1e-07}}",10,resnet,data/gold/datasets/v8/train_val,resnet18,0,ResNet,0.3725556872701355,"{'architecture': 'resnet18', 'pretrained': True, 'unfreeze_layers': 3, 'hidden_units': 256, 'dropout': 0.3725556872701355, 'weights': 'IMAGENET1K_V1'}","[{'type': 'CutMix', 'params': {'alpha': 1.0, 'prob': 0.6}}, {'type': 'MixUp', 'params': {'alpha': 0.4, 'prob': 0.6}}]",32,auto,15,v8,256,True,2.3044117899474315,9.998024105907923,0.00012390897596565415,0.0,0.0,0.0,0.0,0.0,0.0,0.0,0.0,0.0,0.0,0.0,0.0,0.0,0.0,1.0,0.17865612648221343,0.0,0.0,0.0,0.0,0.0,0.0,0.0,0.30315224681421865,0.0,0.0,0.0,0.0,0.0,0.0,0.03191801152962864,0.17865612648221343,0.1,0.017865612648221344,0.5178007286107602,0.05416000615020824,0.030315224681421865,0.0,0.0,17.865612648221344,2.3098371028900146,17.865612648221344,9.0,0.5130208164330382,0.08555985002339937,0.3847825265101465
319e7bfb4e2f4dc99784409e592c014c,2,42,"{'data_dir': 'data/gold/datasets/v8/train_val', 'experiment_name': 'ResNet', 'mlflow_uri': 'file:///mlruns', 'dataset_name': 'v8', 'seed': 42, 'max_epochs': 30, 'batch_size': 32, 'num_workers': 0, 'device': 'auto'}",30,"{'type': 'SGD', 'params': {'lr': 0.0018328914761144258, 'weight_decay': 6.236676314021707e-05, 'momentum': 0.9}}","{'type': 'CrossEntropyLoss', 'params': {'label_smoothing': 0.1}}","[{'class_path': 'src.utils.callbacks.EarlyStopping', 'init_args': {'patience': 7, 'verbose': True}}, {'class_path': 'src.utils.callbacks.ModelCheckpoint', 'init_args': {'filepath': 'best_model_restnet.pth', 'monitor': 'val_loss', 'save_best_only': True}}]","{'use_augmentation': True, 'per_image_aug_method': 'none', 'batch_level_aug_method': 'cutmix', 'mix_alpha': 0.21649138102392637}",file:///mlruns,IMAGENET1K_V1,"{'type': 'ReduceLROnPlateau', 'params': {'mode': 'min', 'patience': 4, 'factor': 0.10515764268758593, 'min_lr': 1e-07}}",10,resnet,data/gold/datasets/v8/train_val,resnet18,0,ResNet,0.4926289430333554,"{'architecture': 'resnet18', 'pretrained': True, 'unfreeze_layers': 2, 'hidden_units': 512, 'dropout': 0.4926289430333554, 'weights': 'IMAGENET1K_V1'}","[{'type': 'CutMix', 'params': {'alpha': 1.0, 'prob': 0.6}}, {'type': 'MixUp', 'params': {'alpha': 0.4, 'prob': 0.6}}]",32,auto,15,v8,512,True,2.240375893315268,17.328591187512348,0.0001927425469303627,0.0,0.0,0.0,0.0,0.0,0.0,0.0,0.0,0.0,0.0,0.0,0.0,0.0,0.0,0.9690265486725663,0.17950819672131146,0.04455445544554455,0.25,0.0,0.0,0.0,0.0,0.0,0.3029045643153527,0.0,0.07563025210084033,0.0,0.0,0.0,0.0,0.13534748472871003,0.19446640316205532,0.11495744086849469,0.0847289420756235,0.5449391858689333,0.11311695237418044,0.0697810913694857,0.04098057481805583,0.030590834707064363,19.44664031620553,2.216982126235962,18.023715415019762,15.0,0.5182291495947949,0.2522156459199458,0.4384250984923402
4b824f26bd8948a8a80eb6e28881ebb5,1,42,"{'data_dir': 'data/gold/datasets/v8/train_val', 'experiment_name': 'ResNet', 'mlflow_uri': 'file:///mlruns', 'dataset_name': 'v8', 'seed': 42, 'max_epochs': 30, 'batch_size': 32, 'num_workers': 0, 'device': 'auto'}",30,"{'type': 'AdamW', 'params': {'lr': 0.0003774058530493914, 'weight_decay': 0.0001310562090701411}}","{'type': 'CrossEntropyLoss', 'params': {'label_smoothing': 0.1}}","[{'class_path': 'src.utils.callbacks.EarlyStopping', 'init_args': {'patience': 7, 'verbose': True}}, {'class_path': 'src.utils.callbacks.ModelCheckpoint', 'init_args': {'filepath': 'best_model_restnet.pth', 'monitor': 'val_loss', 'save_best_only': True}}]","{'use_augmentation': True, 'per_image_aug_method': 'none', 'batch_level_aug_method': 'mixup', 'mix_alpha': 0.5926659463259882}",file:///mlruns,IMAGENET1K_V1,"{'type': 'ReduceLROnPlateau', 'params': {'mode': 'min', 'patience': 7, 'factor': 0.299276321474983, 'min_lr': 1e-07}}",10,resnet,data/gold/datasets/v8/train_val,resnet34,0,ResNet,0.41158426176364843,"{'architecture': 'resnet34', 'pretrained': True, 'unfreeze_layers': 1, 'hidden_units': 512, 'dropout': 0.41158426176364843, 'weights': 'IMAGENET1K_V1'}","[{'type': 'CutMix', 'params': {'alpha': 1.0, 'prob': 0.6}}, {'type': 'MixUp', 'params': {'alpha': 0.4, 'prob': 0.6}}]",32,auto,15,v8,512,True,2.175532057831302,20.885200553250346,0.0003774058530493914,0.0,0.0,0.0,0.0,0.0,0.0,0.0,0.0,0.0,0.0,0.0,0.0,0.0,0.0,0.9911504424778761,0.17848605577689244,0.0,0.0,0.0,0.0,0.0,0.0,0.0,0.3024983119513842,0.0,0.0,0.0,0.0,0.0,0.0,0.06911901317292317,0.18498023715415018,0.11058195912810324,0.05089047554896943,0.6012312261444989,0.07316634560146308,0.04967079205205008,0.04017499918144011,0.019136470977543008,18.49802371541502,2.243251693248749,17.707509881422926,6.0,0.5078124832712815,0.24893960966444872,0.43015062118923164
a6d93d00636145e9994757e4a1845422,3,42,"{'data_dir': 'data/gold/datasets/v8/train_val', 'experiment_name': 'ResNet', 'mlflow_uri': 'file:///mlruns', 'dataset_name': 'v8', 'seed': 42, 'max_epochs': 30, 'batch_size': 32, 'num_workers': 0, 'device': 'auto'}",30,"{'type': 'AdamW', 'params': {'lr': 0.0002427156212766501, 'weight_decay': 0.0005038176096019998}}","{'type': 'CrossEntropyLoss', 'params': {'label_smoothing': 0.1}}","[{'class_path': 'src.utils.callbacks.EarlyStopping', 'init_args': {'patience': 7, 'verbose': True}}, {'class_path': 'src.utils.callbacks.ModelCheckpoint', 'init_args': {'filepath': 'best_model_restnet.pth', 'monitor': 'val_loss', 'save_best_only': True}}]","{'use_augmentation': True, 'per_image_aug_method': 'basic', 'basic_params': {'n_augments': 2, 'rotation_range': 8, 'horizontal_flip_prob': 0.7224521152615053, 'brightness_range': 0.08423170873225673, 'contrast_range': 0.007294789929436152, 'width_shift_range': 0.12909445918143356}, 'batch_level_aug_method': 'none'}",file:///mlruns,IMAGENET1K_V1,"{'type': 'ReduceLROnPlateau', 'params': {'mode': 'min', 'patience': 4, 'factor': 0.167797098674437, 'min_lr': 1e-07}}",10,resnet,data/gold/datasets/v8/train_val,resnet34,0,ResNet,0.3883346676208757,"{'architecture': 'resnet34', 'pretrained': True, 'unfreeze_layers': 3, 'hidden_units': 256, 'dropout': 0.3883346676208757, 'weights': 'IMAGENET1K_V1'}","[{'type': 'CutMix', 'params': {'alpha': 1.0, 'prob': 0.6}}, {'type': 'MixUp', 'params': {'alpha': 0.4, 'prob': 0.6}}]",32,auto,15,v8,256,True,2.303022119561289,9.800434696700258,4.0726977053185336e-05,0.0,0.0,0.0,0.0,0.0,0.0,0.0,0.0,0.0,0.0,0.0,0.0,0.02292490118577075,1.0,0.0,0.0,0.0,0.0,0.0,0.0,0.0,0.0,0.04482225656877898,0.0,0.0,0.0,0.0,0.0,0.0,0.0,0.027558624568420065,0.16600790513833993,0.1,0.016600790513833993,0.5001060717855326,0.04727004756481544,0.028474576271186443,0.0,0.0,16.600790513833992,2.3030617356300356,2.292490118577075,4.0,0.0,0.08555985002339937,0.02566795500701981
46e7575bb3e6441ea88d88db2f96dfd2,2,42,"{'data_dir': 'data/gold/datasets/v8/train_val', 'experiment_name': 'ResNet', 'mlflow_uri': 'file:///mlruns', 'dataset_name': 'v8', 'seed': 42, 'max_epochs': 30, 'batch_size': 32, 'num_workers': 0, 'device': 'auto'}",30,"{'type': 'SGD', 'params': {'lr': 0.0023922842493091117, 'weight_decay': 3.2436345011666194e-05, 'momentum': 0.9}}","{'type': 'CrossEntropyLoss', 'params': {'label_smoothing': 0.1}}","[{'class_path': 'src.utils.callbacks.EarlyStopping', 'init_args': {'patience': 7, 'verbose': True}}, {'class_path': 'src.utils.callbacks.ModelCheckpoint', 'init_args': {'filepath': 'best_model_restnet.pth', 'monitor': 'val_loss', 'save_best_only': True}}]",{'use_augmentation': False},file:///mlruns,IMAGENET1K_V1,"{'type': 'ReduceLROnPlateau', 'params': {'mode': 'min', 'patience': 8, 'factor': 0.47832388798948533, 'min_lr': 1e-07}}",10,resnet,data/gold/datasets/v8/train_val,resnet50,0,ResNet,0.3058180007711607,"{'architecture': 'resnet50', 'pretrained': True, 'unfreeze_layers': 2, 'hidden_units': 512, 'dropout': 0.3058180007711607, 'weights': 'IMAGENET1K_V1'}","[{'type': 'CutMix', 'params': {'alpha': 1.0, 'prob': 0.6}}, {'type': 'MixUp', 'params': {'alpha': 0.4, 'prob': 0.6}}]",32,auto,15,v8,512,True,2.1407740465196974,22.92037146808931,0.0023922842493091117,0.0,0.0,0.0,0.0,0.0,0.0,0.0,0.0,0.0,0.0,0.0,0.0,0.0,0.0,0.9911504424778761,0.17891373801916932,0.0,0.0,0.0,0.0,0.0,0.019138755980861243,0.0,0.30311231393775373,0.0,0.0,0.15384615384615385,0.01020408163265306,0.0,0.0,0.0640698708544238,0.1865612648221344,0.10706610077659381,0.03847675997342346,0.5677144154601682,0.08588178800743226,0.050698915099034535,0.025134652091192485,0.015138905071824582,18.656126482213438,2.217487096786499,17.865612648221344,22.0,0.5130208164330382,0.18777499628325364,0.4154470703881028
f951e1b41e5f4d4db81edfca77d5bb2f,1,42,"{'data_dir': 'data/gold/datasets/v8/train_val', 'experiment_name': 'ResNet', 'mlflow_uri': 'file:///mlruns', 'dataset_name': 'v8', 'seed': 42, 'max_epochs': 30, 'batch_size': 32, 'num_workers': 0, 'device': 'auto'}",30,"{'type': 'AdamW', 'params': {'lr': 0.0004332074611673469, 'weight_decay': 0.00025592383720396134}}","{'type': 'CrossEntropyLoss', 'params': {'label_smoothing': 0.1}}","[{'class_path': 'src.utils.callbacks.EarlyStopping', 'init_args': {'patience': 7, 'verbose': True}}, {'class_path': 'src.utils.callbacks.ModelCheckpoint', 'init_args': {'filepath': 'best_model_restnet.pth', 'monitor': 'val_loss', 'save_best_only': True}}]",{'use_augmentation': False},file:///mlruns,IMAGENET1K_V1,"{'type': 'ReduceLROnPlateau', 'params': {'mode': 'min', 'patience': 6, 'factor': 0.35106843998705073, 'min_lr': 1e-07}}",10,resnet,data/gold/datasets/v8/train_val,resnet34,0,ResNet,0.4460613159735635,"{'architecture': 'resnet34', 'pretrained': True, 'unfreeze_layers': 1, 'hidden_units': 256, 'dropout': 0.4460613159735635, 'weights': 'IMAGENET1K_V1'}","[{'type': 'CutMix', 'params': {'alpha': 1.0, 'prob': 0.6}}, {'type': 'MixUp', 'params': {'alpha': 0.4, 'prob': 0.6}}]",32,auto,15,v8,256,True,2.1320036248570964,22.52519264967398,0.0004332074611673469,0.0,0.0,0.0,0.0,0.0,0.0,0.0,0.0,0.0,0.0,0.0,0.0,0.0,0.0,0.9911504424778761,0.17862838915470494,0.0,0.0,0.0,0.0,0.0,0.0,0.0,0.3027027027027027,0.0,0.0,0.0,0.0,0.0,0.0,0.06777744981489825,0.17944664031620552,0.10084883510926494,0.04100068625616071,0.5726246633947304,0.06249855118347535,0.035700127818016784,0.00959100399899373,0.0024061016367110666,17.94466403162055,2.2084999442100526,17.707509881422926,6.0,0.5078124832712815,0.12456360758404282,0.39283782056510985
be416ce6528143a0b77c4aab08cd93de,2,42,"{'data_dir': 'data/gold/datasets/v8/train_val', 'experiment_name': 'ResNet', 'mlflow_uri': 'file:///mlruns', 'dataset_name': 'v8', 'seed': 42, 'max_epochs': 30, 'batch_size': 32, 'num_workers': 0, 'device': 'auto'}",30,"{'type': 'AdamW', 'params': {'lr': 0.00044667392133769735, 'weight_decay': 0.00025362747171926665}}","{'type': 'CrossEntropyLoss', 'params': {'label_smoothing': 0.1}}","[{'class_path': 'src.utils.callbacks.EarlyStopping', 'init_args': {'patience': 7, 'verbose': True}}, {'class_path': 'src.utils.callbacks.ModelCheckpoint', 'init_args': {'filepath': 'best_model_restnet.pth', 'monitor': 'val_loss', 'save_best_only': True}}]",{'use_augmentation': False},file:///mlruns,IMAGENET1K_V1,"{'type': 'ReduceLROnPlateau', 'params': {'mode': 'min', 'patience': 6, 'factor': 0.24135845533078426, 'min_lr': 1e-07}}",10,resnet,data/gold/datasets/v8/train_val,resnet34,0,ResNet,0.4554477496992956,"{'architecture': 'resnet34', 'pretrained': True, 'unfreeze_layers': 2, 'hidden_units': 256, 'dropout': 0.4554477496992956, 'weights': 'IMAGENET1K_V1'}","[{'type': 'CutMix', 'params': {'alpha': 1.0, 'prob': 0.6}}, {'type': 'MixUp', 'params': {'alpha': 0.4, 'prob': 0.6}}]",32,auto,15,v8,256,True,2.130427283040386,23.75024698676151,0.00044667392133769735,0.06666666666666667,0.0,0.0,0.0,0.0051813471502590676,0.0625,0.125,0.045454545454545456,0.0,0.0,0.0,0.009569377990430622,0.025423728813559324,0.20689655172413793,0.8716814159292036,0.21436343852013057,0.0,0.0,0.0,0.0,0.05504587155963303,0.03773584905660377,0.045283018867924525,0.3441048034934498,0.0,0.0,0.25,0.02040816326530612,0.058823529411764705,0.05172413793103448,0.06442031742627223,0.19604743083003953,0.1146108000722413,0.038389377976619996,0.5908542403732941,0.09553557474855999,0.05662885616292721,0.04225046178266708,0.03161448395000399,19.604743083003953,2.245229709148407,16.83794466403162,4.0,0.47916665088161947,0.2573798980985827,0.41263062504670844
42325d5819ec4768ab03bac4635155a5,2,42,"{'data_dir': 'data/gold/datasets/v8/train_val', 'experiment_name': 'ResNet', 'mlflow_uri': 'file:///mlruns', 'dataset_name': 'v8', 'seed': 42, 'max_epochs': 30, 'batch_size': 32, 'num_workers': 0, 'device': 'auto'}",30,"{'type': 'AdamW', 'params': {'lr': 0.0005701341895565314, 'weight_decay': 1.8066284708596216e-05}}","{'type': 'CrossEntropyLoss', 'params': {'label_smoothing': 0.1}}","[{'class_path': 'src.utils.callbacks.EarlyStopping', 'init_args': {'patience': 7, 'verbose': True}}, {'class_path': 'src.utils.callbacks.ModelCheckpoint', 'init_args': {'filepath': 'best_model_restnet.pth', 'monitor': 'val_loss', 'save_best_only': True}}]","{'use_augmentation': True, 'per_image_aug_method': 'none', 'batch_level_aug_method': 'cutmix', 'mix_alpha': 0.3343656075271519}",file:///mlruns,IMAGENET1K_V1,"{'type': 'ReduceLROnPlateau', 'params': {'mode': 'min', 'patience': 3, 'factor': 0.3876991649934854, 'min_lr': 1e-07}}",10,resnet,data/gold/datasets/v8/train_val,resnet34,0,ResNet,0.5452879007927763,"{'architecture': 'resnet34', 'pretrained': True, 'unfreeze_layers': 2, 'hidden_units': 512, 'dropout': 0.5452879007927763, 'weights': 'IMAGENET1K_V1'}","[{'type': 'CutMix', 'params': {'alpha': 1.0, 'prob': 0.6}}, {'type': 'MixUp', 'params': {'alpha': 0.4, 'prob': 0.6}}]",32,auto,15,v8,512,True,2.2213849159267856,18.988342224856748,0.00022104054922530476,0.0,0.0,0.0,0.15625,0.0,0.0,0.0,0.0,0.0,0.2,0.1282051282051282,0.0,0.040697674418604654,0.4827586206896552,0.8451327433628318,0.21630804077010193,0.01485148514851485,0.6,0.0,0.0,0.0,0.0,0.07506702412868632,0.34445446348061315,0.0,0.028985507246376812,0.0,0.0,0.0,0.0,0.1556402851904158,0.19446640316205532,0.14518371897160925,0.10314458514899887,0.5609885097375219,0.1114563820284849,0.07737848113034437,0.06696704026945426,0.04962671766643634,19.44664031620553,2.2383009791374207,16.83794466403162,3.0,0.47916665088161947,0.357894863489944,0.44278511466411685
78ad596da1c8489eb0edafc3feac1069,2,42,"{'data_dir': 'data/gold/datasets/v8/train_val', 'experiment_name': 'ResNet', 'mlflow_uri': 'file:///mlruns', 'dataset_name': 'v8', 'seed': 42, 'max_epochs': 30, 'batch_size': 32, 'num_workers': 0, 'device': 'auto'}",30,"{'type': 'SGD', 'params': {'lr': 0.002862354426613394, 'weight_decay': 1.2305333165988618e-05, 'momentum': 0.9}}","{'type': 'CrossEntropyLoss', 'params': {'label_smoothing': 0.1}}","[{'class_path': 'src.utils.callbacks.EarlyStopping', 'init_args': {'patience': 7, 'verbose': True}}, {'class_path': 'src.utils.callbacks.ModelCheckpoint', 'init_args': {'filepath': 'best_model_restnet.pth', 'monitor': 'val_loss', 'save_best_only': True}}]","{'use_augmentation': True, 'per_image_aug_method': 'none', 'batch_level_aug_method': 'cutmix', 'mix_alpha': 0.2200605465681339}",file:///mlruns,IMAGENET1K_V1,"{'type': 'ReduceLROnPlateau', 'params': {'mode': 'min', 'patience': 3, 'factor': 0.11734283836934337, 'min_lr': 1e-07}}",10,resnet,data/gold/datasets/v8/train_val,resnet34,0,ResNet,0.4230661267767929,"{'architecture': 'resnet34', 'pretrained': True, 'unfreeze_layers': 2, 'hidden_units': 512, 'dropout': 0.4230661267767929, 'weights': 'IMAGENET1K_V1'}","[{'type': 'CutMix', 'params': {'alpha': 1.0, 'prob': 0.6}}, {'type': 'MixUp', 'params': {'alpha': 0.4, 'prob': 0.6}}]",32,auto,15,v8,512,True,2.2309865669355258,18.415332938154513,3.94127362139876e-05,0.03773584905660377,0.0,0.0,0.0,0.0051813471502590676,0.14285714285714285,0.1111111111111111,0.022727272727272728,0.0,0.0,0.0,0.01,0.0,0.0,0.9734513274336283,0.18628281117696868,0.034653465346534656,0.23333333333333334,0.004761904761904762,0.3333333333333333,0.0,0.00980392156862745,0.0,0.31272210376687987,0.009389671361502348,0.0603448275862069,0.125,0.00510204081632653,0.0,0.0,0.11229886788055436,0.1976284584980237,0.11651910349536705,0.06989698753266672,0.6112984042653937,0.10073105686075494,0.0609966404801127,0.05119719669484888,0.040134234308991545,19.76284584980237,2.2252334475517275,18.26086956521739,8.0,0.52604164933743,0.2937636051130616,0.45635823607011944
02c14c8b593a4284b178a05b93ed2de9,1,42,"{'data_dir': 'data/gold/datasets/v8/train_val', 'experiment_name': 'ResNet', 'mlflow_uri': 'file:///mlruns', 'dataset_name': 'v8', 'seed': 42, 'max_epochs': 30, 'batch_size': 32, 'num_workers': 0, 'device': 'auto'}",30,"{'type': 'SGD', 'params': {'lr': 0.0014142284820091472, 'weight_decay': 1.6720789204548147e-05, 'momentum': 0.9}}","{'type': 'CrossEntropyLoss', 'params': {'label_smoothing': 0.1}}","[{'class_path': 'src.utils.callbacks.EarlyStopping', 'init_args': {'patience': 7, 'verbose': True}}, {'class_path': 'src.utils.callbacks.ModelCheckpoint', 'init_args': {'filepath': 'best_model_restnet.pth', 'monitor': 'val_loss', 'save_best_only': True}}]","{'use_augmentation': True, 'per_image_aug_method': 'none', 'batch_level_aug_method': 'cutmix', 'mix_alpha': 0.3390345168986479}",file:///mlruns,IMAGENET1K_V1,"{'type': 'ReduceLROnPlateau', 'params': {'mode': 'min', 'patience': 4, 'factor': 0.40895569344752547, 'min_lr': 1e-07}}",10,resnet,data/gold/datasets/v8/train_val,resnet18,0,ResNet,0.5562872605949627,"{'architecture': 'resnet18', 'pretrained': True, 'unfreeze_layers': 1, 'hidden_units': 512, 'dropout': 0.5562872605949627, 'weights': 'IMAGENET1K_V1'}","[{'type': 'CutMix', 'params': {'alpha': 1.0, 'prob': 0.6}}, {'type': 'MixUp', 'params': {'alpha': 0.4, 'prob': 0.6}}]",32,auto,15,v8,512,True,2.264723743569872,14.878482513337286,0.0014142284820091472,0.0,0.0,0.0,0.0,0.0,0.0,0.0,0.0,0.0,0.0,0.0,0.0,0.0,0.0,0.9557522123893806,0.17895608947804473,0.024752475247524754,0.1,0.004761904761904762,1.0,0.0,0.0,0.0,0.30146545708304257,0.009478672985781991,0.03968253968253968,0.0,0.0,0.0,0.0,0.13326610934220506,0.18498023715415018,0.13122454216139662,0.0974726496362274,0.5746313666222107,0.11820963693850414,0.0881445976678844,0.04787445229672033,0.04098453474828512,18.49802371541502,2.247646391391754,17.549407114624508,26.0,0.5026041501095249,0.2802509929867201,0.4358982029726834
57b8eab2d4524c2ab90fa8e6ca8e4cd3,1,42,"{'data_dir': 'data/gold/datasets/v8/train_val', 'experiment_name': 'ResNet', 'mlflow_uri': 'file:///mlruns', 'dataset_name': 'v8', 'seed': 42, 'max_epochs': 30, 'batch_size': 32, 'num_workers': 0, 'device': 'auto'}",30,"{'type': 'SGD', 'params': {'lr': 0.045443839603360174, 'weight_decay': 5.170191786366994e-05, 'momentum': 0.9}}","{'type': 'CrossEntropyLoss', 'params': {'label_smoothing': 0.1}}","[{'class_path': 'src.utils.callbacks.EarlyStopping', 'init_args': {'patience': 7, 'verbose': True}}, {'class_path': 'src.utils.callbacks.ModelCheckpoint', 'init_args': {'filepath': 'best_model_restnet.pth', 'monitor': 'val_loss', 'save_best_only': True}}]",{'use_augmentation': False},file:///mlruns,IMAGENET1K_V1,"{'type': 'StepLR', 'params': {'step_size': 8, 'gamma': 0.1}}",10,resnet,data/gold/datasets/v8/train_val,resnet18,0,ResNet,0.38140470953216876,"{'architecture': 'resnet18', 'pretrained': True, 'unfreeze_layers': 1, 'hidden_units': 512, 'dropout': 0.38140470953216876, 'weights': 'IMAGENET1K_V1'}","[{'type': 'CutMix', 'params': {'alpha': 1.0, 'prob': 0.6}}, {'type': 'MixUp', 'params': {'alpha': 0.4, 'prob': 0.6}}]",32,auto,15,v8,512,True,2.276495694972809,13.19897253507212,0.045443839603360174,0.0,0.0,0.0,0.0,0.0,0.0,0.0,0.0,0.0,0.0,0.0,0.0,0.0,0.0,0.8893805309734514,0.20160481444332998,0.0,0.0,0.0,0.0,0.0,0.2088888888888889,0.0,0.3286999182338512,0.0,0.0,0.18503937007874016,0.23979591836734693,0.0,0.0,0.06468806687717443,0.19604743083003953,0.11291764493407982,0.038664418452207014,0.5557445623542681,0.09108964722772538,0.05375888071227401,0.044139522991983954,0.028769157482223195,19.604743083003953,2.289745545387268,19.604743083003953,14.0,0.5703124812123623,0.2650621475724795,0.47873738112039743
3acb1be14af4401fbae179284094cf69,2,42,"{'data_dir': 'data/gold/datasets/v8/train_val', 'experiment_name': 'ResNet', 'mlflow_uri': 'file:///mlruns', 'dataset_name': 'v8', 'seed': 42, 'max_epochs': 30, 'batch_size': 32, 'num_workers': 0, 'device': 'auto'}",30,"{'type': 'AdamW', 'params': {'lr': 0.00040261423076796884, 'weight_decay': 5.887056496896418e-05}}","{'type': 'CrossEntropyLoss', 'params': {'label_smoothing': 0.1}}","[{'class_path': 'src.utils.callbacks.EarlyStopping', 'init_args': {'patience': 7, 'verbose': True}}, {'class_path': 'src.utils.callbacks.ModelCheckpoint', 'init_args': {'filepath': 'best_model_restnet.pth', 'monitor': 'val_loss', 'save_best_only': True}}]",{'use_augmentation': False},file:///mlruns,IMAGENET1K_V1,"{'type': 'ReduceLROnPlateau', 'params': {'mode': 'min', 'patience': 3, 'factor': 0.10424536508930016, 'min_lr': 1e-07}}",10,resnet,data/gold/datasets/v8/train_val,resnet34,0,ResNet,0.5935963699527759,"{'architecture': 'resnet34', 'pretrained': True, 'unfreeze_layers': 2, 'hidden_units': 256, 'dropout': 0.5935963699527759, 'weights': 'IMAGENET1K_V1'}","[{'type': 'CutMix', 'params': {'alpha': 1.0, 'prob': 0.6}}, {'type': 'MixUp', 'params': {'alpha': 0.4, 'prob': 0.6}}]",32,auto,15,v8,256,True,2.1797161670429297,20.667852203121914,4.375247554135056e-06,0.0,0.0,0.0,0.0,0.0,0.0,0.0,0.0,0.0,0.0,0.0,0.0,0.0,0.0,0.9690265486725663,0.17704122877930478,0.0,0.0,0.0,0.0,0.0,0.05581395348837209,0.0,0.2993848257006152,0.0,0.0,0.3157894736842105,0.030612244897959183,0.0,0.0,0.08632027935154461,0.19683794466403162,0.12987785787602696,0.09426486980560014,0.6145406630868993,0.09499686525031463,0.07992209984148826,0.05761877742021957,0.03376892068461035,19.683794466403164,2.2185485124588014,17.786561264822133,11.0,0.5104166498521598,0.31987826190965324,0.4532551334694078
3c93f23239724a89b13ab7b5f5f4193c,2,42,"{'data_dir': 'data/gold/datasets/v8/train_val', 'experiment_name': 'ResNet', 'mlflow_uri': 'file:///mlruns', 'dataset_name': 'v8', 'seed': 42, 'max_epochs': 30, 'batch_size': 32, 'num_workers': 0, 'device': 'auto'}",30,"{'type': 'SGD', 'params': {'lr': 0.006114778081192194, 'weight_decay': 2.371131798926139e-05, 'momentum': 0.9}}","{'type': 'CrossEntropyLoss', 'params': {'label_smoothing': 0.1}}","[{'class_path': 'src.utils.callbacks.EarlyStopping', 'init_args': {'patience': 7, 'verbose': True}}, {'class_path': 'src.utils.callbacks.ModelCheckpoint', 'init_args': {'filepath': 'best_model_restnet.pth', 'monitor': 'val_loss', 'save_best_only': True}}]",{'use_augmentation': False},file:///mlruns,IMAGENET1K_V1,"{'type': 'ReduceLROnPlateau', 'params': {'mode': 'min', 'patience': 4, 'factor': 0.19943470935317675, 'min_lr': 1e-07}}",10,resnet,data/gold/datasets/v8/train_val,resnet34,0,ResNet,0.32349695857976923,"{'architecture': 'resnet34', 'pretrained': True, 'unfreeze_layers': 2, 'hidden_units': 256, 'dropout': 0.32349695857976923, 'weights': 'IMAGENET1K_V1'}","[{'type': 'CutMix', 'params': {'alpha': 1.0, 'prob': 0.6}}, {'type': 'MixUp', 'params': {'alpha': 0.4, 'prob': 0.6}}]",32,auto,15,v8,256,True,2.0621864509733268,27.662517289073307,0.001219498989381741,0.0,0.0,0.0,0.0,0.0,0.0,0.0,0.0,0.0,0.0,0.0,0.0,0.0,0.0,0.9734513274336283,0.18003273322422259,0.0,0.0,0.0,0.0,0.028985507246376812,0.0196078431372549,0.0,0.30386740331491713,0.0,0.0,0.25,0.01020408163265306,0.09090909090909091,0.017241379310344827,0.14009801086153154,0.18023715415019761,0.10116349020235357,0.08598722415795587,0.6028639277998328,0.0622859398547312,0.03539517643537621,0.014621582413950793,0.0038417027118972102,18.023715415019762,2.2070520758628844,17.628458498023715,4.0,0.5052083166904031,0.14502147215248398,0.39715226332902737
